video_id,scene_window_idx,split,split_nunique,track_window_idx_min,track_window_idx_max,start_sec,end_sec,token_time_min,token_time_max,active_track_count,prediction_available_count,max_prob_class1,max_prob_class2,mean_prob_class1,mean_prob_class2,max_overspeed_event_score,mean_overspeed_event_score,max_redlight_event_score,mean_redlight_event_score,max_active_family_count,mean_active_family_count,max_cooccurrence_strength,mean_cooccurrence_strength,single_vehicle_floor_schemaC,single_vehicle_floor_risk,count_single_vehicle_risk2,count_single_vehicle_risk3,count_strict_policy_risk2,count_strict_policy_risk3,count_medium_risk2_support,count_strong_risk3_support,max_pred_schemaC,max_high_risk_prob,max_critical_prob,track_support_count,rule_support_count,prob_support_count,top2_prob_class1,top2_prob_class2,top3_prob_class1,top3_prob_class2,has_single_vehicle_risk2,has_single_vehicle_risk3,has_strict_policy_risk2,has_strict_policy_risk3,strict_policy_floor_risk,support_floor_risk,default_floor_risk,case_keys,track_ids,prediction_source,single_vehicle_temporal_overlap_floor_risk,single_vehicle_temporal_overlap_risk2_track_ids,single_vehicle_temporal_overlap_risk3_track_ids,single_vehicle_temporal_overlap_applied,scene_label_available,scene_y_original,scene_y_schemaC,scene_y_binary,scene_label_overlap_sec,scene_label_segment_idx,scene_label_source,scene_label_strategy,scene_label_primary_match,scene_label_window_duration_sec,scene_label_overlap_ratio,scene_label_dominant_risk,scene_label_dominant_overlap_sec,scene_label_dominant_overlap_ratio,scene_label_max_time_risk,scene_label_positive_overlap_sec,scene_label_max_positive_overlap_ratio,scene_label_available_raw,scene_y_original_raw,scene_y_schemaC_raw,scene_y_binary_raw,scene_boundary_policy,scene_boundary_ambiguous,scene_boundary_reason,current_event_score,hist_event_score_ema,hist_positive_ratio_8,hist_recent_max_event_score_8,hist_windows_since_positive,scene_row_id
14,0,train,1,0,0,0.0,0.7333666667,0.0,0.7333666667,4,4,0.288432627916336,0.173069417476654,0.2348569892346858,0.1381238773465156,0.0,0.0,0.0,0.0,1.0,0.5,0.0,0.0,0,0,0,0,0,0,0,0,0,0.4615020453929901,0.173069417476654,2,0,2,0.2740477323532104,0.1511450856924057,0.192328929901123,0.1202066838741302,0,0,0,0,0,0,0,"14/1,14/2,14/3,14/5","1,2,3,5",r52_selected_prediction,0,,,0,1,0,0,0,0.7333666667,0,/home/chengting/行人通行預警系統專題/GUI/annotations/14.json,first_last,1,0.7333666667,1.0,0,0.7333666667,1.0,0,0.0,0.0,1,0,0,0,exclude_low_overlap_boundary_windows_v1,0,,0.3333333333333333,0.0,0.0,0.0,999.0,0
14,1,train,1,1,1,0.3333,1.066666667,0.3333,1.066666667,4,4,0.2576791644096374,0.088530533015728,0.1646044868975877,0.0592417074367403,0.0,0.0,0.0,0.0,1.0,0.25,0.0,0.0,0,0,0,0,0,0,0,0,0,0.346209704875946,0.088530533015728,0,0,0,0.1910739988088607,0.0754425227642059,0.1087186485528945,0.0381322018802166,0,0,0,0,0,0,0,"14/1,14/2,14/3,14/5","1,2,3,5",r52_selected_prediction,0,,,0,1,0,0,0,0.7333666670000001,0,/home/chengting/行人通行預警系統專題/GUI/annotations/14.json,first_last,0,0.7333666670000001,1.0,0,0.7333666670000001,1.0,0,0.0,0.0,1,0,0,0,exclude_low_overlap_boundary_windows_v1,0,,0.3333333333333333,0.05,0.0,0.33333334,999.0,1
14,2,train,1,2,2,0.6666,1.399966667,0.6666,1.399966667,4,4,0.2563211619853973,0.056457296013832,0.1283273072913288,0.0283335607964545,0.0,0.0,0.0,0.0,1.0,0.25,0.0,0.0,0,0,0,0,0,0,0,0,0,0.3127784729003906,0.056457296013832,0,0,0,0.1256341487169265,0.0304112210869789,0.0713498666882515,0.01462640799582,0,0,0,0,0,0,0,"14/1,14/2,14/3,14/5","1,2,3,5",r52_selected_prediction,0,,,0,1,0,0,0,0.733366667,0,/home/chengting/行人通行預警系統專題/GUI/annotations/14.json,first_last,0,0.733366667,1.0,0,0.733366667,1.0,0,0.0,0.0,1,0,0,0,exclude_low_overlap_boundary_windows_v1,0,,0.3333333333333333,0.0925,0.0,0.33333334,999.0,2
14,3,train,1,3,3,0.9999,1.733266667,0.9999,1.733266667,4,4,0.2529575526714325,0.0378150269389152,0.1063665449619292,0.0152248350204899,0.0,0.0,0.0,0.0,1.0,0.25,0.0,0.0,0,0,0,0,0,0,0,0,0,0.2907725870609283,0.0378150269389152,0,0,0,0.0833419412374496,0.0123053668066859,0.0511794537305831,0.0062556299380958,0,0,0,0,0,0,0,"14/1,14/2,14/3,14/5","1,2,3,5",r52_selected_prediction,0,,,0,1,0,0,0,0.7333666670000001,0,/home/chengting/行人通行預警系統專題/GUI/annotations/14.json,first_last,0,0.7333666670000001,1.0,0,0.7333666670000001,1.0,0,0.0,0.0,1,0,0,0,exclude_low_overlap_boundary_windows_v1,0,,0.3333333333333333,0.128625,0.0,0.33333334,999.0,3
14,4,train,1,4,4,1.3332,2.066566667,1.3332,2.066566667,4,4,0.2428368180990219,0.0261297523975372,0.090498371515423,0.009133237239439,0.0,0.0,0.0,0.0,1.0,0.25,0.0,0.0,0,0,0,0,0,0,0,0,0,0.2689665555953979,0.0261297523975372,0,0,0,0.0573761612176895,0.0054650697857141,0.0347585156559944,0.0027570114471018,0,0,0,0,0,0,0,"14/1,14/2,14/3,14/5","1,2,3,5",r52_selected_prediction,0,,,0,1,0,0,0,0.7333666670000001,0,/home/chengting/行人通行預警系統專題/GUI/annotations/14.json,first_last,0,0.7333666670000001,1.0,0,0.7333666670000001,1.0,0,0.0,0.0,1,0,0,0,exclude_low_overlap_boundary_windows_v1,0,,0.3333333333333333,0.15933125,0.0,0.33333334,999.0,4
14,5,train,1,5,5,1.6665,2.399866667,1.6665,2.399866667,4,4,0.2266084849834442,0.0185097698122262,0.0791116831824183,0.0060532014467752,0.0,0.0,0.0,0.0,1.0,0.25,0.0,0.0,0,0,0,0,0,0,0,0,0,0.2451182603836059,0.0185097698122262,0,0,0,0.0423004701733589,0.0028535551391541,0.0251638386398553,0.0014859788352623,0,0,0,0,0,0,0,"14/1,14/2,14/3,14/5","1,2,3,5",r52_selected_prediction,0,,,0,1,0,0,0,0.7333666669999999,0,/home/chengting/行人通行預警系統專題/GUI/annotations/14.json,first_last,0,0.7333666669999999,1.0,0,0.7333666669999999,1.0,0,0.0,0.0,1,0,0,0,exclude_low_overlap_boundary_windows_v1,0,,0.3333333333333333,0.18543157,0.0,0.33333334,999.0,5
14,6,train,1,6,6,1.9998,2.733166667,1.9998,2.733166667,4,4,0.2066154479980468,0.0134076625108718,0.0702902213670312,0.0042974629031959,0.0,0.0,0.0,0.0,1.0,0.25,0.0,0.0,0,0,0,0,0,0,0,0,0,0.2200231105089187,0.0134076625108718,0,0,0,0.0338378064334392,0.0017788739642128,0.0206012204289436,0.0010043190559372,0,0,0,0,0,0,0,"14/1,14/2,14/3,14/5","1,2,3,5",r52_selected_prediction,0,,,0,1,0,0,0,0.7333666669999999,0,/home/chengting/行人通行預警系統專題/GUI/annotations/14.json,first_last,0,0.7333666669999999,1.0,0,0.7333666669999999,1.0,0,0.0,0.0,1,0,0,0,exclude_low_overlap_boundary_windows_v1,0,,0.3333333333333333,0.20761682,0.0,0.33333334,999.0,6
14,7,train,1,7,7,2.3331,3.066466667,2.3331,3.066466667,4,4,0.1854145377874374,0.0099374875426292,0.0631474792025983,0.0032148650789167,0.0,0.0,0.0,0.0,1.0,0.25,0.0,0.0,0,0,0,0,0,0,0,0,0,0.195352017879486,0.0099374875426292,0,0,0,0.0291367545723915,0.0012889368226751,0.0190876182168722,0.0008242916082963,0,0,0,0,0,0,0,"14/1,14/2,14/3,14/5","1,2,3,5",r52_selected_prediction,0,,,0,1,0,0,0,0.7333666669999999,0,/home/chengting/行人通行預警系統專題/GUI/annotations/14.json,first_last,0,0.7333666669999999,1.0,0,0.7333666669999999,1.0,0,0.0,0.0,1,0,0,0,exclude_low_overlap_boundary_windows_v1,0,,0.3333333333333333,0.2264743,0.0,0.33333334,999.0,7
14,8,train,1,8,8,2.6664,3.399766667,2.6664,3.399766667,4,4,0.1597251147031784,0.0072881793603301,0.0557725341059267,0.0024420754634775,0.0,0.0,0.0,0.0,1.0,0.25,0.0,0.0,0,0,0,0,0,0,0,0,0,0.1670132875442505,0.0072881793603301,0,0,0,0.0265349317342042,0.0010432417038828,0.0184310209006071,0.0007263277075253,0,0,0,0,0,0,0,"14/1,14/2,14/3,14/5","1,2,3,5",r52_selected_prediction,0,,,0,1,0,0,0,0.7333666670000003,0,/home/chengting/行人通行預警系統專題/GUI/annotations/14.json,first_last,0,0.7333666670000003,1.0,0,0.7333666670000003,1.0,0,0.0,0.0,1,0,0,0,exclude_low_overlap_boundary_windows_v1,0,,0.3333333333333333,0.24250315,0.0,0.33333334,999.0,8
14,9,train,1,9,9,2.9997,3.733066667,2.9997,3.733066667,4,4,0.1372248828411102,0.0055249971337616,0.0496700257062911,0.0019401942263356,0.0,0.0,0.0,0.0,1.0,0.25,0.0,0.0,0,0,0,0,0,0,0,0,0,0.1427498757839203,0.0055249971337616,0,0,0,0.0251156147569417,0.00091064668959,0.0181863568723201,0.0006700431113131,0,0,0,0,0,0,0,"14/1,14/2,14/3,14/5","1,2,3,5",r52_selected_prediction,0,,,0,1,0,0,0,0.7333666670000003,0,/home/chengting/行人通行預警系統專題/GUI/annotations/14.json,first_last,0,0.7333666670000003,1.0,0,0.7333666670000003,1.0,0,0.0,0.0,1,0,0,0,exclude_low_overlap_boundary_windows_v1,0,,0.3333333333333333,0.2561277,0.0,0.33333334,999.0,9
14,10,train,1,10,10,3.333,4.066366667,3.333,4.066366667,4,4,0.1194406375288963,0.0043475497514009,0.0455313818529248,0.0016285500023513,0.0,0.0,0.0,0.0,1.0,0.25,0.0,0.0,0,0,0,0,0,0,0,0,0,0.1237881854176521,0.0043475497514009,0,0,0,0.0243743825703859,0.0008354715537279,0.0201481282711029,0.000694642716553,0,0,0,0,0,0,0,"14/1,14/2,14/3,14/5","1,2,3,5",r52_selected_prediction,0,,,0,1,0,0,0,0.7333666669999994,0,/home/chengting/行人通行預警系統專題/GUI/annotations/14.json,first_last,0,0.7333666669999994,1.0,0,0.7333666669999994,1.0,0,0.0,0.0,1,0,0,0,exclude_low_overlap_boundary_windows_v1,0,,0.3333333333333333,0.26770854,0.0,0.33333334,999.0,10
14,11,train,1,11,11,3.6663,4.399666667,3.6663,4.399666667,4,4,0.1230538487434387,0.0041930973529815,0.0467399638146161,0.0015799317043274,0.0,0.0,0.0,0.0,1.0,0.25,0.0,0.0,0,0,0,0,0,0,0,0,0,0.1272469460964203,0.0041930973529815,0,0,0,0.0240279473364353,0.0007917007897049,0.021641107276082,0.0007188313757069,0,0,0,0,0,0,0,"14/1,14/2,14/3,14/5","1,2,3,5",r52_selected_prediction,0,,,0,1,0,0,0,0.7333666669999999,0,/home/chengting/行人通行預警系統專題/GUI/annotations/14.json,first_last,0,0.7333666669999999,1.0,0,0.7333666669999999,1.0,0,0.0,0.0,1,0,0,0,exclude_low_overlap_boundary_windows_v1,0,,0.3333333333333333,0.27755225,0.0,0.33333334,999.0,11
14,12,train,1,12,12,3.9996,4.732966667,3.9996,4.732966667,4,4,0.1298336088657379,0.0041117994114756,0.0486692679114639,0.001552861634991,0.0,0.0,0.0,0.0,1.0,0.25,0.0,0.0,0,0,0,0,0,0,0,0,0,0.1339454054832458,0.0041117994114756,0,0,0,0.0239131636917591,0.0007661248091608,0.0225631911307573,0.0007297509000636,0,0,0,0,0,0,0,"14/1,14/2,14/3,14/5","1,2,3,5",r52_selected_prediction,0,,,0,1,0,0,0,0.7333666670000003,0,/home/chengting/行人通行預警系統專題/GUI/annotations/14.json,first_last,0,0.7333666670000003,1.0,0,0.7333666670000003,1.0,0,0.0,0.0,1,0,0,0,exclude_low_overlap_boundary_windows_v1,0,,0.3333333333333333,0.28591943,0.0,0.33333334,999.0,12
14,13,train,1,13,13,4.3329,5.066266667,4.3329,5.066266667,4,4,0.1198302060365676,0.0035345803480595,0.0456120539456605,0.0013799471780657,0.0,0.0,0.0,0.0,1.0,0.25,0.0,0.0,0,0,0,0,0,0,0,0,0,0.1233647838234901,0.0035345803480595,0,0,0,0.0239340309053659,0.0007515647448599,0.0207321755588054,0.0006549385143443,0,0,0,0,0,0,0,"14/1,14/2,14/3,14/5","1,2,3,5",r52_selected_prediction,0,,,0,1,0,0,0,0.7333666669999994,0,/home/chengting/行人通行預警系統專題/GUI/annotations/14.json,first_last,0,0.7333666669999994,1.0,0,0.7333666669999994,1.0,0,0.0,0.0,1,0,0,0,exclude_low_overlap_boundary_windows_v1,0,,0.3333333333333333,0.2930315,0.0,0.33333334,999.0,13
14,14,train,1,14,14,4.6662,5.399566667,4.6662,5.399566667,4,4,0.1096412390470504,0.003106317250058,0.0428068870678543,0.0012582618801388,0.0,0.0,0.0,0.0,1.0,0.25,0.0,0.0,0,0,0,0,0,0,0,0,0,0.1127475574612617,0.003106317250058,0,0,0,0.0240331031382083,0.0007438917527906,0.0197421927005052,0.0006164838559925,0,0,0,0,0,0,0,"14/1,14/2,14/3,14/5","1,2,3,5",r52_selected_prediction,0,,,0,1,0,0,0,0.7333666670000003,0,/home/chengting/行人通行預警系統專題/GUI/annotations/14.json,first_last,0,0.7333666670000003,1.0,0,0.7333666670000003,1.0,0,0.0,0.0,1,0,0,0,exclude_low_overlap_boundary_windows_v1,0,,0.3333333333333333,0.29907677,0.0,0.33333334,999.0,14
14,15,train,1,15,15,4.9995,5.732866667,4.9995,5.732866667,4,4,0.1018723919987678,0.0028006478678435,0.040814978070557,0.0011753521539503,0.0,0.0,0.0,0.0,1.0,0.25,0.0,0.0,0,0,0,0,0,0,0,0,0,0.1046730428934097,0.0028006478678435,0,0,0,0.0241755545139312,0.0007406240911222,0.0193666517734527,0.0005987766198813,0,0,0,0,0,0,0,"14/1,14/2,14/3,14/5","1,2,3,5",r52_selected_prediction,0,,,0,1,0,0,0,0.7333666669999994,0,/home/chengting/行人通行預警系統專題/GUI/annotations/14.json,first_last,0,0.7333666669999994,1.0,0,0.7333666669999994,1.0,0,0.0,0.0,1,0,0,0,exclude_low_overlap_boundary_windows_v1,0,,0.3333333333333333,0.30421525,0.0,0.33333334,999.0,15
14,16,train,1,16,16,5.3328,6.066166667,5.3328,6.066166667,4,4,0.0961765944957733,0.002581228967756,0.039433333557099,0.0011181623267475,0.0,0.0,0.0,0.0,1.0,0.25,0.0,0.0,0,0,0,0,0,0,0,0,0,0.0987578257918357,0.002581228967756,0,0,0,0.0243401136249303,0.000740208197385,0.0192658174782991,0.0005911305779591,0,0,0,0,0,0,0,"14/1,14/2,14/3,14/5","1,2,3,5",r52_selected_prediction,0,,,0,1,0,0,0,0.7333666670000003,0,/home/chengting/行人通行預警系統專題/GUI/annotations/14.json,first_last,0,0.7333666670000003,1.0,0,0.7333666670000003,1.0,0,0.0,0.0,1,0,0,0,exclude_low_overlap_boundary_windows_v1,0,,0.3333333333333333,0.30858296,0.0,0.33333334,999.0,16
14,17,train,1,17,17,5.6661,6.399466667,5.6661,6.399466667,4,4,0.0921359583735466,0.0024250554852187,0.038641842547804,0.0010831338877323,0.0,0.0,0.0,0.0,1.0,0.25,0.0,0.0,0,0,0,0,0,0,0,0,0,0.0945610105991363,0.0024250554852187,0,0,0,0.0245136674493551,0.000741642084904,0.0192917622625827,0.0005886546568945,0,0,0,0,0,0,0,"14/1,14/2,14/3,14/5","1,2,3,5",r52_selected_prediction,0,,,0,1,0,0,0,0.7333666670000003,0,/home/chengting/行人通行預警系統專題/GUI/annotations/14.json,first_last,0,0.7333666670000003,1.0,0,0.7333666670000003,1.0,0,0.0,0.0,1,0,0,0,exclude_low_overlap_boundary_windows_v1,0,,0.3333333333333333,0.31229553,0.0,0.33333334,999.0,17
14,18,train,1,18,18,5.9994,6.732766667,5.9994,6.732766667,4,4,0.0892516002058982,0.002312013413757,0.0381009564734994,0.001058277368429,0.0,0.0,0.0,0.0,1.0,0.25,0.0,0.0,0,0,0,0,0,0,0,0,0,0.0915636122226715,0.002312013413757,0,0,0,0.0246882177889347,0.0007442639325745,0.0193771068006753,0.0005889516323804,0,0,0,0,0,0,0,"14/1,14/2,14/3,14/5","1,2,3,5",r52_selected_prediction,0,,,0,1,0,0,0,0.7333666670000003,0,/home/chengting/行人通行預警系統專題/GUI/annotations/14.json,first_last,0,0.7333666670000003,1.0,0,0.7333666670000003,1.0,0,0.0,0.0,1,0,0,0,exclude_low_overlap_boundary_windows_v1,0,,0.3333333333333333,0.3154512,0.0,0.33333334,999.0,18
14,19,train,1,19,19,6.3327,7.066066667,6.3327,7.066066667,4,4,0.087192915380001,0.0022297881077975,0.0377264134585856,0.0010405433858977,0.0,0.0,0.0,0.0,1.0,0.25,0.0,0.0,0,0,0,0,0,0,0,0,0,0.0894227027893066,0.0022297881077975,0,0,0,0.0248587727546691,0.0007476240280084,0.019476419314742,0.0005943793221376,0,0,0,0,0,0,0,"14/1,14/2,14/3,14/5","1,2,3,5",r52_selected_prediction,0,,,0,1,0,0,0,0.7333666670000003,0,/home/chengting/行人通行預警系統專題/GUI/annotations/14.json,first_last,0,0.7333666670000003,1.0,0,0.7333666670000003,1.0,0,0.0,0.0,1,0,0,0,exclude_low_overlap_boundary_windows_v1,0,,0.3333333333333333,0.3181335,0.0,0.33333334,999.0,19
14,20,train,1,20,20,6.666,7.399366667,6.666,7.399366667,4,4,0.0856856554746627,0.0021687722764909,0.0413583260960876,0.0010941770306089,0.0,0.0,0.0,0.0,1.0,0.5,0.0,0.0,0,0,0,0,0,0,0,0,0,0.0878544300794601,0.0021687722764909,0,0,0,0.041158802807331,0.001033738721162,0.0195830501616001,0.000598864222411,0,0,0,0,0,0,0,"14/1,14/2,14/3,14/5","1,2,3,5",r52_selected_prediction,0,,,0,1,0,0,0,0.7333666669999994,0,/home/chengting/行人通行預警系統專題/GUI/annotations/14.json,first_last,0,0.7333666669999994,1.0,0,0.7333666669999994,1.0,0,0.0,0.0,1,0,0,0,exclude_low_overlap_boundary_windows_v1,0,,0.3333333333333333,0.3204135,0.0,0.33333334,999.0,20
14,21,train,1,21,21,6.9993,7.732666667,6.9993,7.732666667,4,4,0.0845991075038909,0.0021239668130874,0.0396323394961654,0.0010662627464625,0.0,0.0,0.0,0.0,1.0,0.25,0.0,0.0,0,0,0,0,0,0,0,0,0,0.0867230743169784,0.0021239668130874,0,0,0,0.034812644124031,0.0009521860047243,0.019745273515582,0.0006024357280693,0,0,0,0,0,0,0,"14/1,14/2,14/3,14/5","1,2,3,5",r52_selected_prediction,0,,,0,1,0,0,0,0.7333666670000003,0,/home/chengting/行人通行預警系統專題/GUI/annotations/14.json,first_last,0,0.7333666670000003,1.0,0,0.7333666670000003,1.0,0,0.0,0.0,1,0,0,0,exclude_low_overlap_boundary_windows_v1,0,,0.3333333333333333,0.32235146,0.0,0.33333334,999.0,21
14,22,train,1,22,22,7.3326,8.065966667,7.3326,8.065966667,4,4,0.0839187055826187,0.0020936203654855,0.038569358177483,0.0010453417635289,0.0,0.0,0.0,0.0,1.0,0.25,0.0,0.0,0,0,0,0,0,0,0,0,0,0.0860123261809349,0.0020936203654855,0,0,0,0.03079922683537,0.000887322705239,0.0198816452175378,0.0006055399426259,0,0,0,0,0,0,0,"14/1,14/2,14/3,14/5","1,2,3,5",r52_selected_prediction,0,,,0,1,0,0,0,0.7333666669999994,0,/home/chengting/行人通行預警系統專題/GUI/annotations/14.json,first_last,0,0.7333666669999994,1.0,0,0.7333666669999994,1.0,0,0.0,0.0,1,0,0,0,exclude_low_overlap_boundary_windows_v1,0,,0.3333333333333333,0.32399875,0.0,0.33333334,999.0,22
14,23,train,1,23,23,7.6659,8.399266667,7.6659,8.399266667,4,4,0.0835035741329193,0.0020729517564177,0.0380168072879314,0.0010323074529878,0.0,0.0,0.0,0.0,1.0,0.25,0.0,0.0,0,0,0,0,0,0,0,0,0,0.0855765268206596,0.0020729517564177,0,0,0,0.0286838505417108,0.0008472095360048,0.0199996884912252,0.00060834758915,0,0,0,0,0,0,0,"14/1,14/2,14/3,14/5","1,2,3,5",r52_selected_prediction,0,,,0,1,0,0,0,0.7333666669999994,0,/home/chengting/行人通行預警系統專題/GUI/annotations/14.json,first_last,0,0.7333666669999994,1.0,0,0.7333666669999994,1.0,0,0.0,0.0,1,0,0,0,exclude_low_overlap_boundary_windows_v1,0,,0.3333333333333333,0.32539892,0.0,0.33333334,999.0,23
14,24,train,1,24,24,7.9992,8.732566667,7.9992,8.732566667,4,4,0.0832185819745063,0.0020579970441758,0.0375790270045399,0.0010199360112892,0.0,0.0,0.0,0.0,1.0,0.25,0.0,0.0,0,0,0,0,0,0,0,0,0,0.0852765813469886,0.0020579970441758,0,0,0,0.0275470372289419,0.0008231668616645,0.020025772973895,0.0006050892407074,0,0,0,0,0,0,0,"14/1,14/2,14/3,14/5","1,2,3,5",r52_selected_prediction,0,,,0,1,0,0,0,0.7333666670000003,0,/home/chengting/行人通行預警系統專題/GUI/annotations/14.json,first_last,0,0.7333666670000003,1.0,0,0.7333666670000003,1.0,0,0.0,0.0,1,0,0,0,exclude_low_overlap_boundary_windows_v1,0,,0.3333333333333333,0.3265891,0.0,0.33333334,999.0,24
14,25,train,1,25,25,8.3325,9.065866667,8.3325,9.065866667,4,4,0.0830693319439888,0.0020485173445194,0.0374968815594911,0.0010174755443585,0.0,0.0,0.0,0.0,1.0,0.25,0.0,0.0,0,0,0,0,0,0,0,0,0,0.0851178467273712,0.0020485173445194,0,0,0,0.0269258320331573,0.0008089304901659,0.0201346985995769,0.0006084638880565,0,0,0,0,0,0,0,"14/1,14/2,14/3,14/5","1,2,3,5",r52_selected_prediction,0,,,0,1,0,0,0,0.7333666670000003,0,/home/chengting/行人通行預警系統專題/GUI/annotations/14.json,first_last,0,0.7333666670000003,1.0,0,0.7333666670000003,1.0,0,0.0,0.0,1,0,0,0,exclude_low_overlap_boundary_windows_v1,0,,0.3333333333333333,0.32760072,0.0,0.33333334,999.0,25
14,26,train,1,26,26,8.6658,9.399166667,8.6658,9.399166667,4,4,0.0830067843198776,0.0020427096169441,0.0374857150018214,0.0010165397688978,0.0,0.0,0.0,0.0,1.0,0.25,0.0,0.0,0,0,0,0,0,0,0,0,0,0.085049495100975,0.0020427096169441,0,0,0,0.0265892352908849,0.0008007459691725,0.0202285181730985,0.0006114598363637,0,0,0,0,0,0,0,"14/1,14/2,14/3,14/5","1,2,3,5",r52_selected_prediction,0,,,0,1,0,0,0,0.7333666669999985,0,/home/chengting/行人通行預警系統專題/GUI/annotations/14.json,first_last,0,0.7333666669999985,1.0,0,0.7333666669999985,1.0,0,0.0,0.0,1,0,0,0,exclude_low_overlap_boundary_windows_v1,0,,0.3333333333333333,0.32846063,0.0,0.33333334,999.0,26
14,27,train,1,27,27,8.9991,9.732466667,8.9991,9.732466667,4,4,0.0830054059624672,0.002039648592472,0.0375017272308468,0.0010164871782762,0.0,0.0,0.0,0.0,1.0,0.25,0.0,0.0,0,0,0,0,0,0,0,0,0,0.0850450545549392,0.002039648592472,0,0,0,0.0264147128909826,0.0007963376701809,0.0203116331249475,0.0006157872849144,0,0,0,0,0,0,0,"14/1,14/2,14/3,14/5","1,2,3,5",r52_selected_prediction,0,,,0,1,0,0,0,0.7333666670000003,0,/home/chengting/行人通行預警系統專題/GUI/annotations/14.json,first_last,0,0.7333666670000003,1.0,0,0.7333666670000003,1.0,0,0.0,0.0,1,0,0,0,exclude_low_overlap_boundary_windows_v1,0,,0.3333333333333333,0.32919154,0.0,0.33333334,999.0,27
14,28,train,1,28,28,9.3324,10.06576667,9.3324,10.06576667,4,4,0.0830468907952308,0.0020386078394949,0.0374120180495082,0.0010130449809366,0.0,0.0,0.0,0.0,1.0,0.25,0.0,0.0,0,0,0,0,0,0,0,0,0,0.0850854963064193,0.0020386078394949,0,0,0,0.0236850250512361,0.0007098906789906,0.0225346200168132,0.000684710452333,0,0,0,0,0,0,0,"14/1,14/2,14/3,14/5","1,2,3,5",r52_selected_prediction,0,,,0,1,0,0,0,0.7333666700000006,0,/home/chengting/行人通行預警系統專題/GUI/annotations/14.json,first_last,0,0.7333666700000006,1.0,0,0.7333666700000006,1.0,0,0.0,0.0,1,0,0,0,exclude_low_overlap_boundary_windows_v1,0,,0.3333333333333333,0.3298128,0.0,0.33333334,999.0,28
14,29,train,1,29,29,9.6657,10.39906667,9.6657,10.39906667,4,4,0.0831051617860794,0.0020387202966958,0.037289947271347,0.0010093527816934,0.0,0.0,0.0,0.0,1.0,0.25,0.0,0.0,0,0,0,0,0,0,0,0,0,0.0851438790559768,0.0020387202966958,0,0,0,0.024134486913681,0.0007323024910874,0.021457515656948,0.0006449376814998,0,0,0,0,0,0,0,"14/1,14/2,14/3,14/5","1,2,3,5",r52_selected_prediction,0,,,0,1,0,0,0,0.7333666700000006,0,/home/chengting/行人通行預警系統專題/GUI/annotations/14.json,first_last,0,0.7333666700000006,1.0,0,0.7333666700000006,1.0,0,0.0,0.0,1,0,0,0,exclude_low_overlap_boundary_windows_v1,0,,0.3333333333333333,0.3303409,0.0,0.33333334,999.0,29
14,30,train,1,30,30,9.999,10.73236667,9.999,10.73236667,4,4,0.0831322520971298,0.0020386446267366,0.0366530190221965,0.0009893395908875,0.0,0.0,0.0,0.0,1.0,0.25,0.0,0.0,0,0,0,0,0,0,0,0,0,0.0851708948612213,0.0020386446267366,0,0,0,0.0225721765309572,0.0006810560007579,0.0205290559679269,0.0006235184264369,0,0,0,0,0,0,0,"14/1,14/2,14/3,14/5","1,2,3,5",r52_selected_prediction,0,,,0,1,0,0,0,0.7333666699999988,0,/home/chengting/行人通行預警系統專題/GUI/annotations/14.json,first_last,0,0.7333666699999988,1.0,0,0.7333666699999988,1.0,0,0.0,0.0,1,0,0,0,exclude_low_overlap_boundary_windows_v1,0,,0.3333333333333333,0.33078974,0.0,0.33333334,999.0,30
14,31,train,1,31,31,10.3323,11.06566667,10.3323,11.06566667,4,4,0.083167552947998,0.0020393126178532,0.0364509169012307,0.0009838130499701,0.0,0.0,0.0,0.0,1.0,0.25,0.0,0.0,0,0,0,0,0,0,0,0,0,0.0852068662643432,0.0020393126178532,0,0,0,0.0215841103345155,0.0006530804093927,0.0205857045948505,0.0006253128522075,0,0,0,0,0,0,0,"14/1,14/2,14/3,14/5","1,2,3,5",r52_selected_prediction,0,,,0,1,0,0,0,0.7333666700000006,0,/home/chengting/行人通行預警系統專題/GUI/annotations/14.json,first_last,0,0.7333666700000006,1.0,0,0.7333666700000006,1.0,0,0.0,0.0,1,0,0,0,exclude_low_overlap_boundary_windows_v1,0,,0.3333333333333333,0.33117127,0.0,0.33333334,999.0,31
14,32,train,1,0,32,10.6656,11.39896667,10.6656,11.39896667,5,5,0.192328929901123,0.1202066838741302,0.0680147051811217,0.024840734922327,0.0,0.0,0.0,0.0,1.0,0.2,0.0,0.0,0,0,0,0,0,0,0,0,0,0.3125356137752533,0.1202066838741302,0,0,0,0.0832547321915626,0.0020415880717337,0.0227118451148271,0.0006882895249873,0,0,0,0,0,0,0,"14/1,14/10,14/2,14/3,14/5","1,2,3,5,10",r52_selected_prediction,0,,,0,1,0,0,0,0.7333666700000006,0,/home/chengting/行人通行預警系統專題/GUI/annotations/14.json,first_last,0,0.7333666700000006,1.0,0,0.7333666700000006,1.0,0,0.0,0.0,1,0,0,0,exclude_low_overlap_boundary_windows_v1,0,,0.3333333333333333,0.33149558,0.0,0.33333334,999.0,32
14,33,train,1,1,33,10.9989,11.73226667,10.9989,11.73226667,5,5,0.1187167093157768,0.0438160374760627,0.0536051779985427,0.0095718604512512,0.0,0.0,0.0,0.0,1.0,0.2,0.0,0.0,0,0,0,0,0,0,0,0,0,0.1625327467918396,0.0438160374760627,0,0,0,0.0833835825324058,0.0020450367592275,0.0242992918938398,0.0007355066481977,0,0,0,0,0,0,0,"14/1,14/10,14/2,14/3,14/5","1,2,3,5,10",r52_selected_prediction,0,,,0,1,0,0,0,0.7333666699999988,0,/home/chengting/行人通行預警系統專題/GUI/annotations/14.json,first_last,0,0.7333666699999988,1.0,0,0.7333666699999988,1.0,0,0.0,0.0,1,0,0,0,exclude_low_overlap_boundary_windows_v1,0,,0.3333333333333333,0.33177125,0.0,0.33333334,999.0,33
14,34,train,1,2,34,11.3322,12.06556667,11.3322,12.06556667,5,5,0.0835090205073356,0.0164677947759628,0.0459230560809373,0.0041083776159211,0.0,0.0,0.0,0.0,1.0,0.2,0.0,0.0,0,0,0,0,0,0,0,0,0,0.0957695096731185,0.0164677947759628,0,0,0,0.0793017148971557,0.0020485057029873,0.0252069700509309,0.0007634972571395,0,0,0,0,0,0,0,"14/1,14/10,14/2,14/3,14/5","1,2,3,5,10",r52_selected_prediction,0,,,0,1,0,0,0,0.7333666700000006,0,/home/chengting/行人通行預警系統專題/GUI/annotations/14.json,first_last,0,0.7333666700000006,1.0,0,0.7333666700000006,1.0,0,0.0,0.0,1,0,0,0,exclude_low_overlap_boundary_windows_v1,0,,0.3333333333333333,0.33200556,0.0,0.33333334,999.0,34
14,35,train,1,3,35,11.6655,12.39886667,11.6655,12.39886667,5,5,0.0835974738001823,0.006822747644037,0.0413274016231298,0.0021834044600836,0.0,0.0,0.0,0.0,1.0,0.2,0.0,0.0,0,0,0,0,0,0,0,0,0,0.0856486707925796,0.006822747644037,0,0,0,0.0556892566382885,0.0020511988550424,0.0257442388683557,0.0007804295746609,0,0,0,0,0,0,0,"14/1,14/10,14/2,14/3,14/5","1,2,3,5,10",r52_selected_prediction,0,,,0,1,0,0,0,0.7333666700000006,0,/home/chengting/行人通行預警系統專題/GUI/annotations/14.json,first_last,0,0.7333666700000006,1.0,0,0.7333666700000006,1.0,0,0.0,0.0,1,0,0,0,exclude_low_overlap_boundary_windows_v1,0,,0.3333333333333333,0.33220473,0.0,0.33333334,999.0,35
14,36,train,1,0,36,11.9,12.73216667,11.9,12.73216667,6,6,0.192328929901123,0.1202066838741302,0.0642078404004374,0.0212745719278851,0.0,0.0,0.0,0.0,1.0,0.1666666666666666,0.0,0.0,0,0,0,0,0,0,0,0,0,0.3125356137752533,0.1202066838741302,0,0,0,0.0836886614561081,0.0033323555253446,0.0415377989411354,0.0020541343837976,0,0,0,0,0,0,0,"14/1,14/10,14/11,14/2,14/3,14/5","1,2,3,5,10,11",r52_selected_prediction,0,,,0,1,0,0,0,0.8321666699999994,0,/home/chengting/行人通行預警系統專題/GUI/annotations/14.json,first_last,0,0.8321666699999994,1.0,0,0.8321666699999994,1.0,0,0.0,0.0,1,0,0,0,exclude_low_overlap_boundary_windows_v1,0,,0.3333333333333333,0.332374,0.0,0.33333334,999.0,36
14,37,train,1,1,37,12.2333,13.06546667,12.2333,13.06546667,6,6,0.1187167093157768,0.0438160374760627,0.0506361580143371,0.0083170695191559,0.0,0.0,0.0,0.0,1.0,0.1666666666666666,0.0,0.0,0,0,0,0,0,0,0,0,0,0.1625327467918396,0.0438160374760627,0,0,0,0.0838067829608917,0.0020577788818627,0.0333454199135303,0.0019658685196191,0,0,0,0,0,0,0,"14/1,14/10,14/11,14/2,14/3,14/5","1,2,3,5,10,11",r52_selected_prediction,0,,,0,1,0,0,0,0.8321666699999994,0,/home/chengting/行人通行預警系統專題/GUI/annotations/14.json,first_last,0,0.8321666699999994,1.0,0,0.8321666699999994,1.0,0,0.0,0.0,1,0,0,0,exclude_low_overlap_boundary_windows_v1,0,,0.3333333333333333,0.33251792,0.0,0.33333334,999.0,37
14,38,train,1,2,38,12.5666,13.39876667,12.5666,13.39876667,6,6,0.0839176997542381,0.0164677947759628,0.0427797480175892,0.0036431553695971,0.0,0.0,0.0,0.0,1.0,0.1666666666666666,0.0,0.0,0,0,0,0,0,0,0,0,0,0.0957695096731185,0.0164677947759628,0,0,0,0.0793017148971557,0.0020612019579857,0.0287088043987751,0.0013686352176591,0,0,0,0,0,0,0,"14/1,14/10,14/11,14/2,14/3,14/5","1,2,3,5,10,11",r52_selected_prediction,0,,,0,1,0,0,0,0.8321666700000012,0,/home/chengting/行人通行預警系統專題/GUI/annotations/14.json,first_last,0,0.8321666700000012,1.0,0,0.8321666700000012,1.0,0,0.0,0.0,1,0,0,0,exclude_low_overlap_boundary_windows_v1,0,,0.3333333333333333,0.33264023,0.0,0.33333334,999.0,38
14,39,train,1,3,39,12.8999,13.73206667,12.8999,13.73206667,6,6,0.0840179249644279,0.006822747644037,0.0382467958455284,0.00198289155378,0.0,0.0,0.0,0.0,1.0,0.1666666666666666,0.0,0.0,0,0,0,0,0,0,0,0,0,0.0860823094844818,0.006822747644037,0,0,0,0.0556892566382885,0.002064385684207,0.0261198710650205,0.0010784575715661,0,0,0,0,0,0,0,"14/1,14/10,14/11,14/2,14/3,14/5","1,2,3,5,10,11",r52_selected_prediction,0,,,0,1,0,0,0,0.8321666699999994,0,/home/chengting/行人通行預警系統專題/GUI/annotations/14.json,first_last,0,0.8321666699999994,1.0,0,0.8321666699999994,1.0,0,0.0,0.0,1,0,0,0,exclude_low_overlap_boundary_windows_v1,0,,0.3333333333333333,0.33274418,0.0,0.33333334,999.0,39
14,40,train,1,4,40,13.2332,14.06536667,13.2332,14.06536667,6,6,0.0841113105416297,0.0033323555253446,0.0354916083936889,0.00137083036437,0.0,0.0,0.0,0.0,1.0,0.1666666666666666,0.0,0.0,0,0,0,0,0,0,0,0,0,0.086178719997406,0.0033323555253446,0,0,0,0.0415377989411354,0.0020674085244536,0.0247059669345617,0.0009252557065337,0,0,0,0,0,0,0,"14/1,14/10,14/11,14/2,14/3,14/5","1,2,3,5,10,11",r52_selected_prediction,0,,,0,1,0,0,0,0.8321666699999994,0,/home/chengting/行人通行預警系統專題/GUI/annotations/14.json,first_last,0,0.8321666699999994,1.0,0,0.8321666699999994,1.0,0,0.0,0.0,1,0,0,0,exclude_low_overlap_boundary_windows_v1,0,,0.3333333333333333,0.33283257,0.0,0.33333334,999.0,40
14,41,train,1,5,41,13.5665,14.39866667,13.5665,14.39866667,6,6,0.0810349360108375,0.0019918812904506,0.0333983469754457,0.001113617356168,0.0,0.0,0.0,0.0,1.0,0.1666666666666666,0.0,0.0,0,0,0,0,0,0,0,0,0,0.0830268189311027,0.0019918812904506,0,0,0,0.0333454199135303,0.0019658685196191,0.0239737816154956,0.0008396573248319,0,0,0,0,0,0,0,"14/1,14/10,14/11,14/2,14/3,14/5","1,2,3,5,10,11",r52_selected_prediction,0,,,0,1,0,0,0,0.8321666700000012,0,/home/chengting/行人通行預警系統專題/GUI/annotations/14.json,first_last,0,0.8321666700000012,1.0,0,0.8321666700000012,1.0,0,0.0,0.0,1,0,0,0,exclude_low_overlap_boundary_windows_v1,0,,0.3333333333333333,0.33290768,0.0,0.33333334,999.0,41
14,42,train,1,6,42,13.8998,14.73196667,13.8998,14.73196667,6,6,0.0815716609358787,0.0020124113652855,0.0326193238918979,0.0010082094813696,0.0,0.0,0.0,0.0,1.0,0.1666666666666666,0.0,0.0,0,0,0,0,0,0,0,0,0,0.0835840702056884,0.0020124113652855,0,0,0,0.0287088043987751,0.0013686352176591,0.0236411429941654,0.0007902666693553,0,0,0,0,0,0,0,"14/1,14/10,14/11,14/2,14/3,14/5","1,2,3,5,10,11",r52_selected_prediction,0,,,0,1,0,0,0,0.8321666699999994,0,/home/chengting/行人通行預警系統專題/GUI/annotations/14.json,first_last,0,0.8321666699999994,1.0,0,0.8321666699999994,1.0,0,0.0,0.0,1,0,0,0,exclude_low_overlap_boundary_windows_v1,0,,0.3333333333333333,0.33297154,0.0,0.33333334,999.0,42
14,43,train,1,0,43,14.2331,15.13336667,14.2331,15.13336667,7,7,0.192328929901123,0.1202066838741302,0.0554671686674866,0.0180032908600488,0.0,0.0,0.0,0.0,1.0,0.1428571428571428,0.0,0.0,0,0,0,0,0,0,0,0,0,0.3125356137752533,0.1202066838741302,0,0,0,0.0824068039655685,0.0020310413092374,0.0261198710650205,0.0010784575715661,0,0,0,0,0,0,0,"14/1,14/10,14/11,14/12,14/2,14/3,14/5","1,2,3,5,10,11,12",r52_selected_prediction,0,,,0,1,0,0,0,0.9002666699999988,0,/home/chengting/行人通行預警系統專題/GUI/annotations/14.json,first_last,0,0.9002666699999988,1.0,0,0.9002666699999988,1.0,0,0.0,0.0,1,0,0,0,exclude_low_overlap_boundary_windows_v1,0,,0.3333333333333333,0.3330258,0.0,0.33333334,999.0,43
14,44,train,1,1,44,14.5664,15.46666667,14.5664,15.46666667,7,7,0.1187167093157768,0.0438160374760627,0.0451441526945147,0.0070771993154526,0.0,0.0,0.0,0.0,1.0,0.1428571428571428,0.0,0.0,0,0,0,0,0,0,0,0,0,0.1625327467918396,0.0438160374760627,0,0,0,0.0830428674817085,0.0020452365279197,0.0247059669345617,0.0009252557065337,0,0,0,0,0,0,0,"14/1,14/10,14/11,14/12,14/2,14/3,14/5","1,2,3,5,10,11,12",r52_selected_prediction,0,,,0,1,0,0,0,0.9002666700000006,0,/home/chengting/行人通行預警系統專題/GUI/annotations/14.json,first_last,0,0.9002666700000006,1.0,0,0.9002666700000006,1.0,0,0.0,0.0,1,0,0,0,exclude_low_overlap_boundary_windows_v1,0,,0.3333333333333333,0.33307192,0.0,0.33333334,999.0,44
14,45,train,1,2,45,14.8997,15.79996667,14.8997,15.79996667,7,7,0.0835028290748596,0.0164677947759628,0.0393087965037141,0.0031521869740182,0.0,0.0,0.0,0.0,1.0,0.1428571428571428,0.0,0.0,0,0,0,0,0,0,0,0,0,0.0957695096731185,0.0164677947759628,0,0,0,0.0793017148971557,0.002055870136246,0.0239737816154956,0.0008396573248319,0,0,0,0,0,0,0,"14/1,14/10,14/11,14/12,14/2,14/3,14/5","1,2,3,5,10,11,12",r52_selected_prediction,0,,,0,1,0,0,0,0.9002666700000006,0,/home/chengting/行人通行預警系統專題/GUI/annotations/14.json,first_last,0,0.9002666700000006,1.0,0,0.9002666700000006,1.0,0,0.0,0.0,1,0,0,0,exclude_low_overlap_boundary_windows_v1,0,,0.3333333333333333,0.33311114,0.0,0.33333334,999.0,45
14,46,train,1,3,46,15.233,16.13326667,15.233,16.13326667,7,7,0.0838433504104614,0.0056881862692534,0.0350494946220091,0.0016131993283384,0.0,0.0,0.0,0.0,1.0,0.1428571428571428,0.0,0.0,0,0,0,0,0,0,0,0,0,0.0859074518084526,0.0056881862692534,0,0,0,0.0478213839232921,0.0020641002338379,0.024306645616889,0.0007902666693553,0,0,0,0,0,0,0,"14/1,14/10,14/11,14/12,14/2,14/3,14/5","1,2,3,5,10,11,12",r52_selected_prediction,0,,,0,1,0,0,0,0.9002666700000006,0,/home/chengting/行人通行預警系統專題/GUI/annotations/14.json,first_last,0,0.9002666700000006,1.0,0,0.9002666700000006,1.0,0,0.0,0.0,1,0,0,0,exclude_low_overlap_boundary_windows_v1,0,,0.3333333333333333,0.33314446,0.0,0.33333334,999.0,46
14,47,train,1,4,47,15.5663,16.46656667,15.5663,16.46656667,7,7,0.0840858817100524,0.0024876671377569,0.0329078986708606,0.0011576737493409,0.0,0.0,0.0,0.0,1.0,0.1428571428571428,0.0,0.0,0,0,0,0,0,0,0,0,0,0.0861561149358749,0.0024876671377569,0,0,0,0.0313222967088222,0.0020702339243143,0.0253801308572292,0.0007730163051746,0,0,0,0,0,0,0,"14/1,14/10,14/11,14/12,14/2,14/3,14/5","1,2,3,5,10,11,12",r52_selected_prediction,0,,,0,1,0,0,0,0.9002666699999988,0,/home/chengting/行人通行預警系統專題/GUI/annotations/14.json,first_last,0,0.9002666699999988,1.0,0,0.9002666699999988,1.0,0,0.0,0.0,1,0,0,0,exclude_low_overlap_boundary_windows_v1,0,,0.3333333333333333,0.3331728,0.0,0.33333334,999.0,47
14,48,train,1,5,48,15.8996,16.79986667,15.8996,16.79986667,7,7,0.0842397436499595,0.0020743794739246,0.0309742702437298,0.0009733300789126,0.0,0.0,0.0,0.0,1.0,0.1428571428571428,0.0,0.0,0,0,0,0,0,0,0,0,0,0.0863141268491745,0.0020743794739246,0,0,0,0.0242482740432024,0.0014059218810871,0.0235493872314691,0.0007337982533499,0,0,0,0,0,0,0,"14/1,14/10,14/11,14/12,14/2,14/3,14/5","1,2,3,5,10,11,12",r52_selected_prediction,0,,,0,1,0,0,0,0.9002666700000006,0,/home/chengting/行人通行預警系統專題/GUI/annotations/14.json,first_last,0,0.9002666700000006,1.0,0,0.9002666700000006,1.0,0,0.0,0.0,1,0,0,0,exclude_low_overlap_boundary_windows_v1,0,,0.3333333333333333,0.33319688,0.0,0.33333334,999.0,48
14,49,train,1,6,49,16.2329,17.13316667,16.2329,17.13316667,7,7,0.0843630582094192,0.00207792641595,0.0305341979754822,0.0009215325699187,0.0,0.0,0.0,0.0,1.0,0.1428571428571428,0.0,0.0,0,0,0,0,0,0,0,0,0,0.0864409878849983,0.00207792641595,0,0,0,0.0244425013661384,0.0011261992622166,0.0229227747768163,0.0007366143981926,0,0,0,0,0,0,0,"14/1,14/10,14/11,14/12,14/2,14/3,14/5","1,2,3,5,10,11,12",r52_selected_prediction,0,,,0,1,1,0,1,0.3331666700000006,1,/home/chengting/行人通行預警系統專題/GUI/annotations/14.json,first_last,0,0.9002666700000006,0.3700755355077184,0,0.5670999999999999,0.6299244644922816,1,0.3331666700000006,0.3700755355077184,1,1,0,1,exclude_low_overlap_boundary_windows_v1,0,,0.3333333333333333,0.33321735,0.0,0.33333334,999.0,49
14,50,train,1,7,50,16.5662,17.46646667,16.5662,17.46646667,7,7,0.0844458490610122,0.0020804465748369,0.0320699449096406,0.0009250838276264,0.0,0.0,0.0,0.0,1.0,0.2857142857142857,0.0,0.0,0,0,0,0,0,0,0,0,0,0.0865262970328331,0.0020804465748369,0,0,0,0.0293494723737239,0.0009802863933146,0.0246318876743316,0.0007540105725638,0,0,0,0,0,0,0,"14/1,14/10,14/11,14/12,14/2,14/3,14/5","1,2,3,5,10,11,12",r52_selected_prediction,0,,,0,1,1,0,1,0.533332999999999,1,/home/chengting/行人通行預警系統專題/GUI/annotations/14.json,first_last,1,0.9002666700000006,0.5924166891572233,1,0.533332999999999,0.5924166891572233,2,0.6664666699999984,0.5924166891572233,1,1,0,1,exclude_low_overlap_boundary_windows_v1,0,,0.3333333333333333,0.33323476,0.0,0.33333334,999.0,50
14,51,train,1,8,51,16.8995,17.79976667,16.8995,17.79976667,7,7,0.887310266494751,0.0145035879686474,0.1540700976869889,0.0028610396548173,0.0,0.0,0.0,0.0,1.0,0.2857142857142857,0.0,0.0,1,2,1,0,1,0,1,0,1,0.9018138647079468,0.0145035879686474,1,1,1,0.0813885331153869,0.0020049347076565,0.0248133596032857,0.0008885266724973,1,0,1,0,2,2,2,"14/1,14/10,14/11,14/12,14/2,14/3,14/5","1,2,3,5,10,11,12",r52_selected_prediction,0,,,0,1,2,1,1,0.4664336700000007,2,/home/chengting/行人通行預警系統專題/GUI/annotations/14.json,first_last,0,0.9002666700000006,0.5181061184904251,2,0.4664336700000007,0.5181061184904251,2,0.9002666700000006,0.5181061184904251,1,2,1,1,exclude_low_overlap_boundary_windows_v1,0,,0.887310266494751,0.33324954,0.0,0.33333334,999.0,51
14,52,train,1,9,52,17.2328,18.13306667,17.2328,18.13306667,7,7,0.9196462035179138,0.0219691842794418,0.1590833812952041,0.0039321907430088,0.0,0.0,0.0,0.0,1.0,0.2857142857142857,0.0,0.0,1,2,1,0,1,0,1,0,1,0.9416154026985168,0.0219691842794418,1,1,1,0.0818370580673217,0.0020230214577168,0.0249852538108825,0.0008299558539874,1,0,1,0,2,2,2,"14/1,14/10,14/11,14/12,14/2,14/3,14/5","1,2,3,5,10,11,12",r52_selected_prediction,0,,,0,1,2,1,1,0.799733670000002,2,/home/chengting/行人通行預警系統專題/GUI/annotations/14.json,first_last,0,0.9002666700000006,0.888329754560392,2,0.799733670000002,0.888329754560392,2,0.9002666700000006,0.888329754560392,1,2,1,1,exclude_low_overlap_boundary_windows_v1,0,,0.9196462035179138,0.41635865,0.125,0.88731027,1.0,52
14,53,train,1,0,53,17.5661,18.46636667,17.5661,18.46636667,8,8,0.8979276418685913,0.1080634668469429,0.1594860898330807,0.0186127666820538,0.0,0.0,0.0,0.0,1.0,0.25,0.0,0.0,1,2,1,0,1,0,1,0,1,0.9332898259162904,0.1080634668469429,1,1,1,0.1846119165420532,0.0353621654212474,0.0825801789760589,0.0020393114537,1,0,1,0,2,2,2,"14/1,14/10,14/11,14/12,14/14,14/2,14/3,14/5","1,2,3,5,10,11,12,14",r52_selected_prediction,0,,,0,1,2,1,1,0.9002666700000006,2,/home/chengting/行人通行預警系統專題/GUI/annotations/14.json,first_last,1,0.9002666700000006,1.0,2,0.9002666700000006,1.0,2,0.9002666700000006,1.0,1,2,1,1,exclude_low_overlap_boundary_windows_v1,0,,0.8979276418685913,0.49185178,0.25,0.9196462,1.0,53
14,54,train,1,1,54,17.8994,18.79966667,17.8994,18.79966667,8,8,0.923004388809204,0.0482355505228042,0.1522758228238671,0.0110723591860732,0.0,0.0,0.0,0.0,1.0,0.25,0.0,0.0,1,2,1,0,1,0,1,0,1,0.9712399244308472,0.0482355505228042,1,1,1,0.1009499579668045,0.0348645150661468,0.083135962486267,0.002051381394267,1,0,1,0,2,2,2,"14/1,14/10,14/11,14/12,14/14,14/2,14/3,14/5","1,2,3,5,10,11,12,14",r52_selected_prediction,0,,,0,1,2,1,1,0.9002666700000006,2,/home/chengting/行人通行預警系統專題/GUI/annotations/14.json,first_last,0,0.9002666700000006,1.0,2,0.9002666700000006,1.0,2,0.9002666700000006,1.0,1,2,1,1,exclude_low_overlap_boundary_windows_v1,0,,0.923004388809204,0.55276316,0.375,0.9196462,1.0,54
14,55,train,1,2,55,18.2327,19.13296667,18.2327,19.13296667,8,8,0.9199455380439758,0.0625399872660636,0.146443843608722,0.0099717903503914,0.0,0.0,0.0,0.0,1.0,0.25,0.0,0.0,1,2,1,0,1,0,1,0,1,0.98248553276062,0.0625399872660636,1,1,1,0.0804721638560295,0.0118384202942252,0.0600009895861148,0.0019841908942908,1,0,1,0,2,2,2,"14/1,14/10,14/11,14/12,14/14,14/2,14/3,14/5","1,2,3,5,10,11,12,14",r52_selected_prediction,0,,,0,1,2,1,1,0.900266669999997,2,/home/chengting/行人通行預警系統專題/GUI/annotations/14.json,first_last,0,0.900266669999997,1.0,2,0.900266669999997,1.0,2,0.900266669999997,1.0,1,2,1,1,exclude_low_overlap_boundary_windows_v1,0,,0.9199455380439758,0.6082993,0.5,0.9230044,1.0,55
14,56,train,1,3,56,18.566,19.46626667,18.566,19.46626667,8,8,0.914505124092102,0.0735129117965698,0.1428858949802815,0.0104374934453516,0.0,0.0,0.0,0.0,1.0,0.25,0.0,0.0,1,2,1,0,1,0,1,0,1,0.988018035888672,0.0735129117965698,1,1,1,0.0812083557248115,0.0046728746965527,0.0391561388969421,0.0020084313582628,1,0,1,0,2,2,2,"14/1,14/10,14/11,14/12,14/14,14/2,14/3,14/5","1,2,3,5,10,11,12,14",r52_selected_prediction,0,,,0,1,2,1,1,0.9002666700000006,2,/home/chengting/行人通行預警系統專題/GUI/annotations/14.json,first_last,0,0.9002666700000006,1.0,2,0.9002666700000006,1.0,2,0.9002666700000006,1.0,1,2,1,1,exclude_low_overlap_boundary_windows_v1,0,,0.914505124092102,0.6550463,0.625,0.9230044,1.0,56
14,57,train,1,4,57,18.8993,19.79956667,18.8993,19.79956667,8,8,0.8935684561729431,0.0916241705417633,0.1392380625475197,0.0124119288229848,0.0,0.0,0.0,0.0,1.0,0.25,0.0,0.0,1,2,1,0,1,0,1,0,1,0.9851926565170288,0.0916241705417633,1,1,1,0.0822162181138992,0.0022964857053011,0.0285739414393901,0.0020307463128119,1,0,1,0,2,2,2,"14/1,14/10,14/11,14/12,14/14,14/2,14/3,14/5","1,2,3,5,10,11,12,14",r52_selected_prediction,0,,,0,1,2,1,1,0.9002666700000006,2,/home/chengting/行人通行預警系統專題/GUI/annotations/14.json,first_last,0,0.9002666700000006,1.0,2,0.9002666700000006,1.0,2,0.9002666700000006,1.0,1,2,1,1,exclude_low_overlap_boundary_windows_v1,0,,0.8935684561729431,0.6939651,0.75,0.9230044,1.0,57
14,58,train,1,5,58,19.2326,20.13286667,19.2326,20.13286667,8,8,0.8750253319740295,0.1088864505290985,0.1381066611502319,0.0145010839041787,0.0,0.0,0.0,0.0,1.0,0.375,0.0,0.0,1,2,1,0,2,0,2,0,1,0.9839117527008056,0.1088864505290985,2,2,1,0.0829635336995124,0.0020471503958106,0.0357933975756168,0.0015737230423837,1,0,1,0,2,2,2,"14/1,14/10,14/11,14/12,14/14,14/2,14/3,14/5","1,2,3,5,10,11,12,14",r52_selected_prediction,0,,,0,1,3,2,1,0.2995336699999988,3,/home/chengting/行人通行預警系統專題/GUI/annotations/14.json,first_last,0,0.900266669999997,0.3327166049588394,2,0.6007329999999982,0.6672833950411606,3,0.900266669999997,0.6672833950411606,1,3,2,1,exclude_low_overlap_boundary_windows_v1,0,,0.8750253319740295,0.7239056,0.875,0.9230044,1.0,58
14,59,train,1,6,59,19.5659,20.46616667,19.5659,20.46616667,8,8,0.2211503684520721,0.776075541973114,0.0574211368802934,0.0978750595604651,0.0,0.0,0.9955061147737776,0.1244382643467222,2.0,0.5,0.9474183991051416,0.1184272998881427,2,3,0,1,2,1,2,1,2,0.9972258806228638,0.776075541973114,2,2,1,0.0834955945611,0.0020591849461197,0.0439882241189479,0.0012241024523973,0,1,1,1,3,3,3,"14/1,14/10,14/11,14/12,14/14,14/2,14/3,14/5","1,2,3,5,10,11,12,14",r52_selected_prediction,0,,,0,1,3,2,1,0.6328336700000001,3,/home/chengting/行人通行預警系統專題/GUI/annotations/14.json,first_last,0,0.9002666700000006,0.702940241028805,3,0.6328336700000001,0.702940241028805,3,0.9002666700000006,0.702940241028805,1,3,2,1,exclude_low_overlap_boundary_windows_v1,0,,0.9955061147737776,0.74657357,1.0,0.9230044,1.0,59
14,60,train,1,7,60,19.8992,20.79946667,19.8992,20.79946667,8,8,0.1004117727279663,0.8981181979179382,0.0524839120917021,0.1140187242926912,0.0,0.0,0.994354696670804,0.1242943370838505,2.0,0.5,0.8043536097373545,0.1005442012171693,2,3,0,1,2,1,2,1,2,0.9985299706459044,0.8981181979179382,2,2,1,0.0987662374973297,0.0081974705681204,0.0838800966739654,0.0020681971218436,0,1,1,1,3,3,3,"14/1,14/10,14/11,14/12,14/14,14/2,14/3,14/5","1,2,3,5,10,11,12,14",r52_selected_prediction,0,,,0,1,3,2,1,0.9002666700000006,3,/home/chengting/行人通行預警系統專題/GUI/annotations/14.json,first_last,1,0.9002666700000006,1.0,3,0.9002666700000006,1.0,3,0.9002666700000006,1.0,1,3,2,1,exclude_low_overlap_boundary_windows_v1,0,,0.994354696670804,0.78391343,1.0,0.9955061,1.0,60
14,61,train,1,8,61,20.2325,21.13276667,20.2325,21.13276667,8,8,0.0983833149075508,0.9312089681625366,0.046846140641719,0.1185130240264697,0.0,0.0,0.8626653717841841,0.107833171473023,2.0,0.375,0.9738252390795804,0.1217281548849475,2,3,0,1,1,1,1,1,2,0.9991591572761536,0.9312089681625366,1,1,1,0.0841544270515441,0.0111713586375117,0.0679501667618751,0.0020748674869537,0,1,1,1,3,3,3,"14/1,14/10,14/11,14/12,14/14,14/2,14/3,14/5","1,2,3,5,10,11,12,14",r52_selected_prediction,0,,,0,1,3,2,1,0.900266669999997,3,/home/chengting/行人通行預警系統專題/GUI/annotations/14.json,first_last,0,0.900266669999997,1.0,3,0.900266669999997,1.0,3,0.900266669999997,1.0,1,3,2,1,exclude_low_overlap_boundary_windows_v1,0,,0.9738252390795804,0.81547964,1.0,0.9955061,1.0,61
14,62,train,1,9,62,20.5658,21.46606667,20.5658,21.46606667,8,8,0.0937657803297042,0.9314940571784972,0.045597932068631,0.1187202741712098,0.0,0.0,0.8530066381803713,0.1066258297725464,2.0,0.375,0.880818075095765,0.1101022593869706,2,3,0,1,1,0,1,1,2,0.99908047914505,0.9314940571784972,1,1,1,0.0843416154384613,0.0126059465110301,0.0675863996148109,0.0020796086173504,0,1,1,0,2,3,3,"14/1,14/10,14/11,14/12,14/14,14/2,14/3,14/5","1,2,3,5,10,11,12,14",r52_selected_prediction,0,,,0,1,3,2,1,0.9002666700000006,3,/home/chengting/行人通行預警系統專題/GUI/annotations/14.json,first_last,0,0.9002666700000006,1.0,3,0.9002666700000006,1.0,3,0.9002666700000006,1.0,1,3,2,1,exclude_low_overlap_boundary_windows_v1,0,,0.9314940571784972,0.8392315,1.0,0.9955061,1.0,62
14,63,train,1,10,63,20.8991,21.79936667,20.8991,21.79936667,8,8,0.0844759419560432,0.9419385194778442,0.0416680732741951,0.1199670235728262,0.0,0.0,0.6148789384974707,0.0768598673121838,2.0,0.375,0.880818075095765,0.1101022593869706,2,3,0,1,1,0,1,1,2,0.9990811944007874,0.9419385194778442,1,1,1,0.0783506408333778,0.0122785726562142,0.0571426972746849,0.0020831832662224,0,1,1,0,2,3,3,"14/1,14/10,14/11,14/12,14/14,14/2,14/3,14/5","1,2,3,5,10,11,12,14",r52_selected_prediction,0,,,0,1,3,2,1,0.9002666700000006,3,/home/chengting/行人通行預警系統專題/GUI/annotations/14.json,first_last,0,0.9002666700000006,1.0,3,0.9002666700000006,1.0,3,0.9002666700000006,1.0,1,3,2,1,exclude_low_overlap_boundary_windows_v1,0,,0.9419385194778442,0.85307086,1.0,0.9955061,1.0,63
14,64,train,1,11,64,21.2324,22.13266667,21.2324,22.13266667,8,8,0.0845852419734001,0.9479727745056152,0.0339738302864133,0.1195380242497776,0.0,0.0,0.6148789384974707,0.0768598673121838,2.0,0.375,0.8808180750957657,0.1101022593869707,2,3,0,1,1,0,1,1,2,0.9991353154182434,0.9479727745056152,1,1,1,0.0511625409126281,0.0028666837606579,0.0262434650212526,0.0020861842203885,0,1,1,0,2,3,3,"14/1,14/10,14/11,14/12,14/14,14/2,14/3,14/5","1,2,3,5,10,11,12,14",r52_selected_prediction,0,,,0,1,3,2,1,0.6676000000000002,3,/home/chengting/行人通行預警系統專題/GUI/annotations/14.json,first_last,0,0.9002666700000006,0.7415580541263399,3,0.6676000000000002,0.7415580541263399,3,0.6676000000000002,0.7415580541263399,1,3,2,1,exclude_low_overlap_boundary_windows_v1,0,,0.9479727745056152,0.866401,1.0,0.9955061,1.0,64
14,65,train,1,12,65,21.5657,22.46596667,21.5657,22.46596667,8,8,0.0846656337380409,0.9497404098510742,0.0331238834187387,0.1195954404756775,0.0,0.0,0.6148789384974707,0.0768598673121838,2.0,0.375,0.880818075095765,0.1101022593869706,2,3,0,1,1,0,1,1,2,0.9990921020507812,0.9497404098510742,1,1,1,0.0493516623973846,0.0020884429104626,0.0265471022576093,0.0015311155002564,0,1,1,0,2,3,3,"14/1,14/10,14/11,14/12,14/14,14/2,14/3,14/5","1,2,3,5,10,11,12,14",r52_selected_prediction,0,,,0,1,3,2,1,0.3342999999999989,3,/home/chengting/行人通行預警系統專題/GUI/annotations/14.json,first_last,0,0.9002666700000006,0.3713344180563729,0,0.5659666700000017,0.6286655819436271,3,0.3342999999999989,0.3713344180563729,1,3,2,1,exclude_low_overlap_boundary_windows_v1,0,,0.9497404098510742,0.8786368,1.0,0.9955061,1.0,65
14,66,train,1,13,66,21.9978,22.79926667,21.9978,22.79926667,7,7,0.0847223177552223,0.0020901085808873,0.0307551601103373,0.0009352267287404,0.0,0.0,0.0,0.0,1.0,0.1428571428571428,0.0,0.0,0,0,0,0,0,0,0,0,0,0.0868124291300773,0.0020901085808873,0,0,0,0.0267282966524362,0.0009941204916685,0.0249741207808256,0.0008180057047866,0,0,0,0,0,0,0,"14/1,14/10,14/12,14/14,14/2,14/3,14/5","1,2,3,5,10,12,14",r52_selected_prediction,0,,,0,1,0,0,0,0.8014666699999999,4,/home/chengting/行人通行預警系統專題/GUI/annotations/14.json,first_last,1,0.8014666699999999,1.0,0,0.8014666699999999,1.0,0,0.0,0.0,1,0,0,0,exclude_low_overlap_boundary_windows_v1,0,,0.3333333333333333,0.8893023,1.0,0.9955061,1.0,66
14,67,train,1,14,67,22.3311,23.13256667,22.3311,23.13256667,7,7,0.0847630128264427,0.0020913635380566,0.0308159265135015,0.0009154435413489,0.0,0.0,0.0,0.0,1.0,0.1428571428571428,0.0,0.0,0,0,0,0,0,0,0,0,0,0.086854375898838,0.0020913635380566,0,0,0,0.0268355198204517,0.0009016298572532,0.023256542161107,0.0008205924532376,0,0,0,0,0,0,0,"14/1,14/10,14/12,14/14,14/2,14/3,14/5","1,2,3,5,10,12,14",r52_selected_prediction,0,,,0,1,0,0,0,0.8014666699999999,4,/home/chengting/行人通行預警系統專題/GUI/annotations/14.json,first_last,0,0.8014666699999999,1.0,0,0.8014666699999999,1.0,0,0.0,0.0,1,0,0,0,exclude_low_overlap_boundary_windows_v1,0,,0.3333333333333333,0.80590695,0.875,0.9955061,2.0,67
14,68,train,1,15,68,22.6644,23.46586667,22.6644,23.46586667,7,7,0.0847731009125709,0.0020918198861181,0.0302944300430161,0.0008853223573947,0.0,0.0,0.0,0.0,1.0,0.1428571428571428,0.0,0.0,0,0,0,0,0,0,0,0,0,0.0868649184703826,0.0020918198861181,0,0,0,0.0234813392162323,0.0008623417816124,0.0221551544964313,0.0007121856906451,0,0,0,0,0,0,0,"14/1,14/10,14/12,14/14,14/2,14/3,14/5","1,2,3,5,10,12,14",r52_selected_prediction,0,,,0,1,0,0,0,0.8014666699999999,4,/home/chengting/行人通行預警系統專題/GUI/annotations/14.json,first_last,0,0.8014666699999999,1.0,0,0.8014666699999999,1.0,0,0.0,0.0,1,0,0,0,exclude_low_overlap_boundary_windows_v1,0,,0.3333333333333333,0.73502094,0.75,0.9943547,3.0,68
14,69,train,1,16,69,22.9977,23.79916667,22.9977,23.79916667,7,7,0.0847922787070274,0.0020925314165651,0.029924663049834,0.0008622252831367,0.0,0.0,0.0,0.0,1.0,0.1428571428571428,0.0,0.0,0,0,0,0,0,0,0,0,0,0.0868848115205764,0.0020925314165651,0,0,0,0.0222596023231744,0.0007481426582671,0.0216247700154781,0.0006777057424187,0,0,0,0,0,0,0,"14/1,14/10,14/12,14/14,14/2,14/3,14/5","1,2,3,5,10,12,14",r52_selected_prediction,0,,,0,1,0,0,0,0.8014666700000035,4,/home/chengting/行人通行預警系統專題/GUI/annotations/14.json,first_last,0,0.8014666700000035,1.0,0,0.8014666700000035,1.0,0,0.0,0.0,1,0,0,0,exclude_low_overlap_boundary_windows_v1,0,,0.3333333333333333,0.6747678,0.625,0.9738252,4.0,69
14,70,train,1,17,70,23.331,24.13246667,23.331,24.13246667,7,7,0.0848417207598686,0.0020939381793141,0.0297651288232632,0.0008500642226343,0.0,0.0,0.0,0.0,1.0,0.1428571428571428,0.0,0.0,0,0,0,0,0,0,0,0,0,0.0869356617331504,0.0020939381793141,0,0,0,0.0217201225459575,0.0006666309200227,0.0213526580482721,0.0006607647519558,0,0,0,0,0,0,0,"14/1,14/10,14/12,14/14,14/2,14/3,14/5","1,2,3,5,10,12,14",r52_selected_prediction,0,,,0,1,0,0,0,0.5356670000000001,4,/home/chengting/行人通行預警系統專題/GUI/annotations/14.json,first_last,0,0.8014666699999999,0.6683584234388689,0,0.5356670000000001,0.6683584234388689,0,0.0,0.0,1,0,0,0,exclude_low_overlap_boundary_windows_v1,0,,0.3333333333333333,0.6235526,0.5,0.9497404,5.0,70
14,71,train,1,18,71,23.6643,24.46576667,23.6643,24.46576667,7,7,0.0848629027605056,0.0020945300348103,0.0294600717191184,0.0008364749789636,0.0,0.0,0.0,0.0,1.0,0.1428571428571428,0.0,0.0,0,0,0,0,0,0,0,0,0,0.0869574323296547,0.0020945300348103,0,0,0,0.0214274562895298,0.0006514432607218,0.0212026983499526,0.0006439829594455,0,0,0,0,0,0,0,"14/1,14/10,14/12,14/14,14/2,14/3,14/5","1,2,3,5,10,12,14",r52_selected_prediction,0,,,0,1,0,0,0,0.2023669999999988,4,/home/chengting/行人通行預警系統專題/GUI/annotations/14.json,first_last,0,0.8014666699999999,0.2524958399081011,0,0.2023669999999988,0.2524958399081011,0,0.0,0.0,1,0,0,0,exclude_low_overlap_boundary_windows_v1,0,,0.3333333333333333,0.5800197,0.375,0.9497404,6.0,71
76,0,train,1,0,0,0.0,0.7667,0.0,0.7667,5,5,0.288432627916336,0.173069417476654,0.2115496695041656,0.1307792305946349,0.0,0.0,0.0,0.0,1.0,0.2,0.0,0.0,0,0,0,0,0,0,0,0,0,0.4615020453929901,0.173069417476654,1,0,1,0.192328929901123,0.1202066838741302,0.192328929901123,0.1202066838741302,0,0,0,0,0,0,0,"76/1,76/12,76/2,76/3,76/4","1,2,3,4,12",r52_selected_prediction,0,,,0,1,0,0,0,0.7667,0,/home/chengting/行人通行預警系統專題/GUI/annotations/76.json,first_last,1,0.7667,1.0,0,0.7667,1.0,0,0.0,0.0,1,0,0,0,exclude_low_overlap_boundary_windows_v1,0,,0.3333333333333333,0.0,0.0,0.0,999.0,72
76,1,train,1,0,1,0.3333,1.100033333,0.3333,1.100033333,6,6,0.2981574237346649,0.1202066838741302,0.1751093156635761,0.0721191428601741,0.0,0.0,0.0,0.0,1.0,0.3333333333333333,0.0,0.0,0,0,0,0,1,0,1,0,0,0.4088309407234192,0.1202066838741302,2,1,1,0.2040194123983383,0.1106735244393348,0.192328929901123,0.0703865364193916,0,0,1,0,2,2,2,"76/1,76/12,76/14,76/2,76/3,76/4","1,2,3,4,12,14",r52_selected_prediction,0,,,0,1,0,0,0,0.7667333330000001,0,/home/chengting/行人通行預警系統專題/GUI/annotations/76.json,first_last,0,0.7667333330000001,1.0,0,0.7667333330000001,1.0,0,0.0,0.0,1,0,0,0,exclude_low_overlap_boundary_windows_v1,0,,0.3333333333333333,0.05,0.0,0.33333334,999.0,73
76,2,train,1,1,2,0.6666,1.433333333,0.6666,1.433333333,5,5,0.32255420088768,0.0765844285488128,0.1664360031485557,0.0399933107197284,0.0,0.0,0.0,0.0,1.0,0.4,0.0,0.0,0,0,0,0,1,0,1,0,0,0.3991386294364929,0.0765844285488128,2,1,1,0.2323056757450103,0.046630498021841,0.1187167093157768,0.0438160374760627,0,0,1,0,2,2,2,"76/12,76/14,76/2,76/3,76/4","2,3,4,12,14",r52_selected_prediction,0,,,0,1,0,0,0,0.766733333,0,/home/chengting/行人通行預警系統專題/GUI/annotations/76.json,first_last,0,0.766733333,1.0,0,0.766733333,1.0,0,0.0,0.0,1,0,0,0,exclude_low_overlap_boundary_windows_v1,0,,0.3333333333333333,0.0925,0.0,0.33333334,999.0,74
76,3,train,1,2,3,0.9999,1.766633333,0.9999,1.766633333,4,4,0.2563612461090088,0.0344612933695316,0.148875712417066,0.0226921833818777,0.0,0.0,0.0,0.0,1.0,0.25,0.0,0.0,0,0,0,0,1,0,1,0,0,0.2893781363964081,0.0344612933695316,1,1,0,0.2041506320238113,0.0330168977379798,0.0793017148971557,0.0164677947759628,0,0,1,0,2,2,2,"76/12,76/14,76/2,76/3","2,3,12,14",r52_selected_prediction,0,,,0,1,0,0,0,0.7667333329999999,0,/home/chengting/行人通行預警系統專題/GUI/annotations/76.json,first_last,0,0.7667333329999999,1.0,0,0.7667333329999999,1.0,0,0.0,0.0,1,0,0,0,exclude_low_overlap_boundary_windows_v1,0,,0.3333333333333333,0.128625,0.0,0.33333334,999.0,75
76,4,train,1,3,4,1.3332,2.099933333,1.3332,2.099933333,4,4,0.2700446844100952,0.0245790854096412,0.1206058552488684,0.0121914953924715,0.0,0.0,0.0,0.0,1.0,0.25,0.0,0.0,0,0,0,0,0,0,0,0,0,0.2946237623691559,0.0245790854096412,0,0,0,0.1151516810059547,0.0140317929908633,0.0556892566382885,0.006822747644037,0,0,0,0,0,0,0,"76/12,76/14,76/2,76/3","2,3,12,14",r52_selected_prediction,0,,,0,1,0,0,0,0.7667333330000001,0,/home/chengting/行人通行預警系統專題/GUI/annotations/76.json,first_last,0,0.7667333330000001,1.0,0,0.7667333330000001,1.0,0,0.0,0.0,1,0,0,0,exclude_low_overlap_boundary_windows_v1,0,,0.3333333333333333,0.15933125,0.0,0.33333334,999.0,76
76,5,train,1,4,5,1.6665,2.433233333,1.6665,2.433233333,4,4,0.165522351861,0.0129193849861621,0.0766180409118532,0.0060149062774143,0.0,0.0,0.0,0.0,0.0,0.0,0.0,0.0,0,0,0,0,0,0,0,0,0,0.1784417331218719,0.0129193849861621,0,0,0,0.0660665929317474,0.0058420160785317,0.0415377989411354,0.0033323555253446,0,0,0,0,0,0,0,"76/12,76/14,76/2,76/3","2,3,12,14",r52_selected_prediction,0,,,0,1,0,0,0,0.7667333329999999,0,/home/chengting/行人通行預警系統專題/GUI/annotations/76.json,first_last,0,0.7667333329999999,1.0,0,0.7667333329999999,1.0,0,0.0,0.0,1,0,0,0,exclude_low_overlap_boundary_windows_v1,0,,0.165522351861,0.18543157,0.0,0.33333334,999.0,77
76,6,train,1,5,6,1.9998,2.766533333,1.9998,2.766533333,4,4,0.0988165214657783,0.0064025181345641,0.0507278209552168,0.0031378772400784,0.0,0.0,0.0,0.0,0.0,0.0,0.0,0.0,0,0,0,0,0,0,0,0,0,0.1052190363407135,0.0064025181345641,0,0,0,0.0420405380427837,0.0028144870884716,0.0333454199135303,0.0019658685196191,0,0,0,0,0,0,0,"76/12,76/14,76/2,76/3","2,3,12,14",r52_selected_prediction,0,,,0,1,0,0,0,0.7667333329999999,0,/home/chengting/行人通行預警系統專題/GUI/annotations/76.json,first_last,0,0.7667333329999999,1.0,0,0.7667333329999999,1.0,0,0.0,0.0,1,0,0,0,exclude_low_overlap_boundary_windows_v1,0,,0.0988165214657783,0.18244518,0.0,0.33333334,999.0,78
76,7,train,1,6,7,2.3331,3.099833333,2.3331,3.099833333,3,3,0.0337558127939701,0.0018343112897127,0.0295281627525885,0.0014271346929792,0.0,0.0,0.0,0.0,0.0,0.0,0.0,0.0,0,0,0,0,0,0,0,0,0,0.0355901233851909,0.0018343112897127,0,0,0,0.0287088043987751,0.0013686352176591,0.0261198710650205,0.0010784575715661,0,0,0,0,0,0,0,"76/14,76/2,76/3","2,3,14",r52_selected_prediction,0,,,0,1,0,0,0,0.7667333329999999,0,/home/chengting/行人通行預警系統專題/GUI/annotations/76.json,first_last,0,0.7667333329999999,1.0,0,0.7667333329999999,1.0,0,0.0,0.0,1,0,0,0,exclude_low_overlap_boundary_windows_v1,0,,0.0337558127939701,0.16990088,0.0,0.33333334,999.0,79
76,8,train,1,7,8,2.6664,3.433133333,2.6664,3.433133333,3,3,0.0296699162572622,0.0013675257796421,0.0257414529720941,0.0010819745366461,0.0,0.0,0.0,0.0,0.0,0.0,0.0,0.0,0,0,0,0,0,0,0,0,0,0.0310374423861503,0.0013675257796421,0,0,0,0.0261198710650205,0.0010784575715661,0.0214345715939998,0.0007999402587302,0,0,0,0,0,0,0,"76/14,76/2,76/3","2,3,14",r52_selected_prediction,0,,,0,1,0,0,0,0.7667333329999999,0,/home/chengting/行人通行預警系統專題/GUI/annotations/76.json,first_last,0,0.7667333329999999,1.0,0,0.7667333329999999,1.0,0,0.0,0.0,1,0,0,0,exclude_low_overlap_boundary_windows_v1,0,,0.0296699162572622,0.14947912,0.0,0.33333334,999.0,80
76,9,train,1,8,9,2.9997,3.766433333,2.9997,3.766433333,2,2,0.0247059669345617,0.0009252557065337,0.0218840315937995,0.000797388551291,0.0,0.0,0.0,0.0,0.0,0.0,0.0,0.0,0,0,0,0,0,0,0,0,0,0.0256312228739261,0.0009252557065337,0,0,0,0.0190620962530374,0.0006695213960483,0.0,0.0,0,0,0,0,0,0,0,"76/14,76/2","2,14",r52_selected_prediction,0,,,0,1,0,0,0,0.7667333330000003,0,/home/chengting/行人通行預警系統專題/GUI/annotations/76.json,first_last,0,0.7667333330000003,1.0,0,0.7667333330000003,1.0,0,0.0,0.0,1,0,0,0,exclude_low_overlap_boundary_windows_v1,0,,0.0247059669345617,0.13150774,0.0,0.33333334,999.0,81
76,10,train,1,9,10,3.333,4.099733333,3.333,4.099733333,2,2,0.0239737816154956,0.0008396573248319,0.0209997994825243,0.0007231179042719,0.0,0.0,0.0,0.0,0.0,0.0,0.0,0.0,0,0,0,0,0,0,0,0,0,0.0248134396970272,0.0008396573248319,0,0,0,0.0180258173495531,0.0006065784837119,0.0,0.0,0,0,0,0,0,0,0,"76/14,76/2","2,14",r52_selected_prediction,0,,,0,1,0,0,0,0.7667333329999995,0,/home/chengting/行人通行預警系統專題/GUI/annotations/76.json,first_last,0,0.7667333329999995,1.0,0,0.7667333329999995,1.0,0,0.0,0.0,1,0,0,0,exclude_low_overlap_boundary_windows_v1,0,,0.0239737816154956,0.11548747,0.0,0.33333334,999.0,82
76,11,train,1,0,11,3.6663,4.433366667,3.6663,4.433366667,4,4,0.192328929901123,0.1202066838741302,0.1070970334112643,0.0604650292516452,0.0,0.0,0.0,0.0,0.0,0.0,0.0,0.0,0,0,0,0,0,0,0,0,0,0.3125356137752533,0.1202066838741302,0,0,0,0.192328929901123,0.1202066838741302,0.0236411429941654,0.0007902666693553,0,0,0,0,0,0,0,"76/14,76/2,76/21,76/22","2,14,21,22",r52_selected_prediction,0,,,0,1,0,0,0,0.7670666669999995,0,/home/chengting/行人通行預警系統專題/GUI/annotations/76.json,first_last,0,0.7670666669999995,1.0,0,0.7670666669999995,1.0,0,0.0,0.0,1,0,0,0,exclude_low_overlap_boundary_windows_v1,0,,0.192328929901123,0.10176042,0.0,0.33333334,999.0,83
76,12,train,1,1,11,4.099633333,4.766666667,4.099633333,4.766666667,3,3,0.1187167093157768,0.0438160374760627,0.0869924295693635,0.0294645421672611,0.0,0.0,0.0,0.0,0.0,0.0,0.0,0.0,0,0,0,0,0,0,0,0,0,0.1625327467918396,0.0438160374760627,0,0,0,0.1187167093157768,0.0438160374760627,0.0235438700765371,0.0007615515496581,0,0,0,0,0,0,0,"76/14,76/21,76/22","14,21,22",r52_selected_prediction,0,,,0,1,0,0,0,0.6670333340000001,0,/home/chengting/行人通行預警系統專題/GUI/annotations/76.json,first_last,0,0.6670333340000001,1.0,0,0.6670333340000001,1.0,0,0.0,0.0,1,0,0,0,exclude_low_overlap_boundary_windows_v1,0,,0.1187167093157768,0.115345694,0.0,0.33333334,999.0,84
76,13,train,1,2,12,4.432933333,5.099966667,4.432933333,5.099966667,3,3,0.0793017148971557,0.0164677947759628,0.0607293471693992,0.0112269383001451,0.0,0.0,0.0,0.0,0.0,0.0,0.0,0.0,0,0,0,0,0,0,0,0,0,0.0957695096731185,0.0164677947759628,0,0,0,0.0793017148971557,0.0164677947759628,0.0235846117138862,0.0007452253485098,0,0,0,0,0,0,0,"76/14,76/21,76/22","14,21,22",r52_selected_prediction,0,,,0,1,0,0,0,0.6670333340000001,0,/home/chengting/行人通行預警系統專題/GUI/annotations/76.json,first_last,0,0.6670333340000001,1.0,0,0.6670333340000001,1.0,0,0.0,0.0,1,0,0,0,exclude_low_overlap_boundary_windows_v1,0,,0.0793017148971557,0.11585135,0.0,0.19232893,999.0,85
76,14,train,1,0,13,4.733333333,5.433266667,4.733333333,5.433266667,4,4,0.1824898570775985,0.1046216785907745,0.0780872553586959,0.0295570221933303,0.0,0.0,0.0,0.0,0.0,0.0,0.0,0.0,0,0,0,0,0,0,0,0,0,0.2871115207672119,0.1046216785907745,0,0,0,0.0556892566382885,0.006822747644037,0.0504651516675949,0.0060470658354461,0,0,0,0,0,0,0,"76/14,76/21,76/22,76/24","14,21,22,24",r52_selected_prediction,0,,,0,1,0,0,0,0.6999333339999998,0,/home/chengting/行人通行預警系統專題/GUI/annotations/76.json,first_last,0,0.6999333339999998,1.0,0,0.6999333339999998,1.0,0,0.0,0.0,1,0,0,0,exclude_low_overlap_boundary_windows_v1,0,,0.1824898570775985,0.11036891,0.0,0.19232893,999.0,86
76,15,train,1,1,14,5.066633333,5.766566667,5.066633333,5.766566667,4,4,0.0966477170586586,0.0329023040831089,0.0491396854631602,0.0099248261249158,0.0,0.0,0.0,0.0,0.0,0.0,0.0,0.0,0,0,0,0,0,0,0,0,0,0.1295500248670578,0.0329023040831089,0,0,0,0.0415377989411354,0.0033323555253446,0.0345047302544117,0.0027317788917571,0,0,0,0,0,0,0,"76/14,76/21,76/22,76/24","14,21,22,24",r52_selected_prediction,0,,,0,1,0,0,0,0.6999333339999998,0,/home/chengting/行人通行預警系統專題/GUI/annotations/76.json,first_last,0,0.6999333339999998,1.0,0,0.6999333339999998,1.0,0,0.0,0.0,1,0,0,0,exclude_low_overlap_boundary_windows_v1,0,,0.0966477170586586,0.121187046,0.0,0.19232893,999.0,87
76,16,train,1,2,15,5.399933333,6.099866667,5.399933333,6.099866667,4,4,0.0558837279677391,0.0110049145296216,0.0355974766425788,0.0038573187048314,0.0,0.0,0.0,0.0,0.0,0.0,0.0,0.0,0,0,0,0,0,0,0,0,0,0.0668886452913284,0.0110049145296216,0,0,0,0.0333454199135303,0.0019658685196191,0.0291065871715545,0.0017261879984289,0,0,0,0,0,0,0,"76/14,76/21,76/22,76/24","14,21,22,24",r52_selected_prediction,0,,,0,1,0,0,0,0.6999333339999998,0,/home/chengting/行人通行預警系統專題/GUI/annotations/76.json,first_last,0,0.6999333339999998,1.0,0,0.6999333339999998,1.0,0,0.0,0.0,1,0,0,0,exclude_low_overlap_boundary_windows_v1,0,,0.0558837279677391,0.11750615,0.0,0.19232893,999.0,88
76,17,train,1,3,16,5.733233333,6.433166667,5.733233333,6.433166667,4,4,0.0370589457452297,0.0044791167601943,0.0285575366578995,0.0019461736228549,0.0,0.0,0.0,0.0,0.0,0.0,0.0,0.0,0,0,0,0,0,0,0,0,0,0.0415380634367466,0.0044791167601943,0,0,0,0.0287088043987751,0.0013686352176591,0.026445023715496,0.0012737556826323,0,0,0,0,0,0,0,"76/14,76/21,76/22,76/24","14,21,22,24",r52_selected_prediction,0,,,0,1,0,0,0,0.6999333339999998,0,/home/chengting/行人通行預警系統專題/GUI/annotations/76.json,first_last,0,0.6999333339999998,1.0,0,0.6999333339999998,1.0,0,0.0,0.0,1,0,0,0,exclude_low_overlap_boundary_windows_v1,0,,0.0370589457452297,0.108262785,0.0,0.19232893,999.0,89
76,18,train,1,4,17,6.066533333,6.766466667,6.066533333,6.766466667,4,4,0.0276660043746233,0.0022588877473026,0.0248938156291842,0.0012512557295849,0.0,0.0,0.0,0.0,0.0,0.0,0.0,0.0,0,0,0,0,0,0,0,0,0,0.0299248918890953,0.0022588877473026,0,0,0,0.0261198710650205,0.0010784575715661,0.024911530315876,0.0010399604216217,0,0,0,0,0,0,0,"76/14,76/21,76/22,76/24","14,21,22,24",r52_selected_prediction,0,,,0,1,0,0,0,0.6999333340000007,0,/home/chengting/行人通行預警系統專題/GUI/annotations/76.json,first_last,0,0.6999333340000007,1.0,0,0.6999333340000007,1.0,0,0.0,0.0,1,0,0,0,exclude_low_overlap_boundary_windows_v1,0,,0.0276660043746233,0.097582206,0.0,0.19232893,999.0,90
76,19,train,1,5,18,6.399833333,7.099766667,6.399833333,7.099766667,4,4,0.0247059669345617,0.0014000195078551,0.0222666021436452,0.0009347406303276,0.0,0.0,0.0,0.0,0.0,0.0,0.0,0.0,0,0,0,0,0,0,0,0,0,0.0256312228739261,0.0014000195078551,0,0,0,0.0228339731693267,0.0009252557065337,0.021787142381072,0.0008214975823648,0,0,0,0,0,0,0,"76/14,76/21,76/22,76/24","14,21,22,24",r52_selected_prediction,0,,,0,1,0,0,0,0.6999333339999998,0,/home/chengting/行人通行預警系統專題/GUI/annotations/76.json,first_last,0,0.6999333339999998,1.0,0,0.6999333339999998,1.0,0,0.0,0.0,1,0,0,0,exclude_low_overlap_boundary_windows_v1,0,,0.0247059669345617,0.08709478,0.0,0.19232893,999.0,91
76,20,train,1,6,19,6.733133333,7.433066667,6.733133333,7.433066667,4,4,0.0239737816154956,0.0010204907739534,0.021398642566055,0.0008047084702411,0.0,0.0,0.0,0.0,0.0,0.0,0.0,0.0,0,0,0,0,0,0,0,0,0,0.0248134396970272,0.0010204907739534,0,0,0,0.0221178699284791,0.0008396573248319,0.0203424300998449,0.000783857947681,0,0,0,0,0,0,0,"76/14,76/21,76/22,76/24","14,21,22,24",r52_selected_prediction,0,,,0,1,0,0,0,0.6999333340000007,0,/home/chengting/行人通行預警系統專題/GUI/annotations/76.json,first_last,0,0.6999333340000007,1.0,0,0.6999333340000007,1.0,0,0.0,0.0,1,0,0,0,exclude_low_overlap_boundary_windows_v1,0,,0.0239737816154956,0.07773646,0.0,0.18248986,999.0,92
76,21,train,1,7,20,7.066433333,7.766366667,7.066433333,7.766366667,4,4,0.0236411429941654,0.0008329096599482,0.0211728028953075,0.0007398075977107,0.0,0.0,0.0,0.0,0.0,0.0,0.0,0.0,0,0,0,0,0,0,0,0,0,0.0244314093142747,0.0008329096599482,0,0,0,0.0214396622031927,0.0007902666693553,0.0205240175127983,0.0006906276103109,0,0,0,0,0,0,0,"76/14,76/21,76/22,76/24","14,21,22,24",r52_selected_prediction,0,,,0,1,0,0,0,0.6999333339999998,0,/home/chengting/行人通行預警系統專題/GUI/annotations/76.json,first_last,0,0.6999333339999998,1.0,0,0.6999333339999998,1.0,0,0.0,0.0,1,0,0,0,exclude_low_overlap_boundary_windows_v1,0,,0.0236411429941654,0.069672056,0.0,0.18248986,999.0,93
76,22,train,1,8,11,7.399733333,8.099666667,7.399733333,8.099666667,3,3,0.0318064652383327,0.0008646752685308,0.0246126682808001,0.0007859830317707,0.0,0.0,0.0,0.0,1.0,0.3333333333333333,0.0,0.0,0,0,0,0,0,0,0,0,0,0.0326711386442184,0.0008646752685308,0,0,0,0.0235438700765371,0.0007615515496581,0.0184876695275306,0.0007317222771234,0,0,0,0,0,0,0,"76/21,76/22,76/24","21,22,24",r52_selected_prediction,0,,,0,1,0,0,0,0.6999333339999989,0,/home/chengting/行人通行預警系統專題/GUI/annotations/76.json,first_last,0,0.6999333339999989,1.0,0,0.6999333339999989,1.0,0,0.0,0.0,1,0,0,0,exclude_low_overlap_boundary_windows_v1,0,,0.3333333333333333,0.062767416,0.0,0.18248986,999.0,94
76,23,train,1,9,12,7.733033333,8.432966667,7.733033333,8.432966667,3,3,0.0472350530326366,0.00115266663488,0.0303856184085209,0.0008832001864599,0.0,0.0,0.0,0.0,1.0,0.3333333333333333,0.0,0.0,0,0,0,0,0,0,0,0,0,0.0483877211809158,0.00115266663488,0,0,0,0.0235846117138862,0.00075170857599,0.0203371904790401,0.0007452253485098,0,0,0,0,0,0,0,"76/21,76/22,76/24","21,22,24",r52_selected_prediction,0,,,0,1,0,0,0,0.6999333340000007,0,/home/chengting/行人通行預警系統專題/GUI/annotations/76.json,first_last,0,0.6999333340000007,1.0,0,0.6999333340000007,1.0,0,0.0,0.0,1,0,0,0,exclude_low_overlap_boundary_windows_v1,0,,0.3333333333333333,0.10335231,0.0,0.33333334,999.0,95
76,24,train,1,10,13,8.066333333,8.766266667,8.066333333,8.766266667,3,3,0.0554800443351268,0.0012710267910733,0.0336418232570091,0.0009230530510345,0.0,0.0,0.0,0.0,1.0,0.3333333333333333,0.0,0.0,0,0,0,0,0,0,0,0,0,0.0567510724067688,0.0012710267910733,0,0,0,0.0237047560513019,0.0007615356589667,0.0217406693845987,0.0007365967030636,0,0,0,0,0,0,0,"76/21,76/22,76/24","21,22,24",r52_selected_prediction,0,,,0,1,0,0,0,0.616999667,0,/home/chengting/行人通行預警系統專題/GUI/annotations/76.json,first_last,0,0.6999333340000007,0.8815120484031689,0,0.616999667,0.8815120484031689,1,0.0829336670000007,0.1184879515968311,1,0,0,0,exclude_low_overlap_boundary_windows_v1,0,,0.3333333333333333,0.13784947,0.0,0.33333334,999.0,96
76,25,train,1,11,14,8.399633333,9.099566667,8.399633333,9.099566667,3,3,0.0368059054017066,0.0009809416951611,0.0277582506338754,0.0008250619090782,0.0,0.0,0.0,0.0,0.0,0.0,0.0,0.0,0,0,0,0,0,0,0,0,0,0.0377868488430976,0.0009809416951611,0,0,0,0.0238684955984354,0.0007613780326209,0.0226003509014844,0.0007328659994527,0,0,0,0,0,0,0,"76/21,76/22,76/24","21,22,24",r52_selected_prediction,0,,,0,1,1,0,1,0.4000000000000003,1,/home/chengting/行人通行預警系統專題/GUI/annotations/76.json,first_last,0,0.6999333339999989,0.5714829978364782,1,0.4000000000000003,0.5714829978364782,2,0.4162336670000002,0.5714829978364782,1,1,0,1,exclude_low_overlap_boundary_windows_v1,0,,0.0368059054017066,0.16717204,0.0,0.33333334,999.0,97
76,26,train,1,0,15,8.7,9.432866667,8.7,9.432866667,4,4,0.275464802980423,0.1530248373746872,0.0871585342101752,0.038814392813947,0.0,0.0,0.0,0.0,1.0,0.25,0.0,0.0,0,0,0,0,0,0,0,0,0,0.428489625453949,0.1530248373746872,1,0,1,0.0281724575906991,0.0008129802299663,0.0231705475598573,0.0007582574035041,0,0,0,0,0,0,0,"76/21,76/22,76/24,76/36","21,22,24,36",r52_selected_prediction,0,,,0,1,2,1,1,0.3495336670000011,2,/home/chengting/行人通行預警系統專題/GUI/annotations/76.json,first_last,0,0.7328666670000015,0.4769403258996911,1,0.3833330000000003,0.5230596741003088,2,0.7328666670000015,0.5230596741003088,1,2,1,1,exclude_low_overlap_boundary_windows_v1,0,,0.3333333333333333,0.14761712,0.0,0.33333334,999.0,98
76,27,train,1,1,16,9.0333,9.766166667,9.0333,9.766166667,4,4,0.255672812461853,0.086946852505207,0.0810410012491047,0.0222625930182402,0.0,0.0,0.0,0.0,1.0,0.25,0.0,0.0,0,0,0,0,0,0,0,0,0,0.3426196575164795,0.086946852505207,0,0,0,0.0242004506289958,0.0007552247843705,0.0235865656286478,0.0007230679038912,0,0,0,0,0,0,0,"76/21,76/22,76/24,76/36","21,22,24,36",r52_selected_prediction,0,,,0,1,2,1,1,0.6166669999999996,2,/home/chengting/行人通行預警系統專題/GUI/annotations/76.json,first_last,1,0.7328666669999997,0.8414450100784839,2,0.6166669999999996,0.8414450100784839,2,0.7328666669999997,0.8414450100784839,1,2,1,1,exclude_low_overlap_boundary_windows_v1,0,,0.3333333333333333,0.17547455,0.0,0.33333334,999.0,99
76,28,train,1,2,17,9.3666,10.09946667,9.3666,10.09946667,4,4,0.2478389889001846,0.05404032766819,0.0785599299706518,0.0140190754755167,0.0,0.0,0.0,0.0,1.0,0.25,0.0,0.0,0,0,0,0,0,0,0,0,0,0.3018793165683746,0.05404032766819,0,0,0,0.0239140596240758,0.0007532478775829,0.0222572907805442,0.0006740075186826,0,0,0,0,0,0,0,"76/21,76/22,76/24,76/36","21,22,24,36",r52_selected_prediction,0,,,0,1,2,1,1,0.3994666700000007,3,/home/chengting/行人通行預警系統專題/GUI/annotations/76.json,first_last,0,0.7328666699999999,0.5450741401570366,2,0.3994666700000007,0.5450741401570366,2,0.7328666699999999,0.5450741401570366,1,2,1,1,exclude_low_overlap_boundary_windows_v1,0,,0.3333333333333333,0.19915336,0.0,0.33333334,999.0,100
76,29,train,1,3,18,9.6999,10.43276667,9.6999,10.43276667,4,4,0.2442845106124878,0.0366986915469169,0.0778156989254057,0.0096869340050033,0.0,0.0,0.0,0.0,1.0,0.25,0.0,0.0,0,0,0,0,0,0,0,0,0,0.2809832096099853,0.0366986915469169,0,0,0,0.0241867993026971,0.0007524929242208,0.0233922991901636,0.0007142648100852,0,0,0,0,0,0,0,"76/21,76/22,76/24,76/36","21,22,24,36",r52_selected_prediction,0,,,0,1,2,1,1,0.7327666700000002,3,/home/chengting/行人通行預警系統專題/GUI/annotations/76.json,first_last,0,0.7328666699999999,0.999863549532141,2,0.7327666700000002,0.999863549532141,2,0.7328666699999999,0.999863549532141,1,2,1,1,exclude_low_overlap_boundary_windows_v1,0,,0.3333333333333333,0.21928036,0.0,0.33333334,999.0,101
76,30,train,1,4,19,10.0332,10.76606667,10.0332,10.76606667,3,3,0.2367934435606002,0.0256083905696868,0.0942419158915677,0.0090030374897953,0.0,0.0,0.0,0.0,1.0,0.3333333333333333,0.0,0.0,0,0,0,0,1,0,1,0,0,0.262401819229126,0.0256083905696868,1,1,0,0.0244230236858129,0.0007528450805693,0.0215092804282903,0.00064787681913,0,0,1,0,2,2,2,"76/21,76/24,76/36","21,24,36",r52_selected_prediction,0,,,0,1,2,1,1,0.7328666699999999,3,/home/chengting/行人通行預警系統專題/GUI/annotations/76.json,first_last,1,0.7328666699999999,1.0,2,0.7328666699999999,1.0,2,0.7328666699999999,1.0,1,2,1,1,exclude_low_overlap_boundary_windows_v1,0,,0.3333333333333333,0.23638831,0.0,0.33333334,999.0,102
76,31,train,1,5,20,10.3665,11.09936667,10.3665,11.09936667,3,3,0.7576009631156921,0.05332812666893,0.2684481721371412,0.0182587278153126,0.0,0.0,0.0,0.0,1.0,0.3333333333333333,0.0,0.0,1,2,1,0,1,0,1,0,1,0.8109290599822998,0.05332812666893,1,1,1,0.0246331226080656,0.0007540993974544,0.0231104306876659,0.0006939573795534,1,0,1,0,2,2,2,"76/21,76/24,76/36","21,24,36",r52_selected_prediction,0,,,0,1,3,2,1,0.2993666699999995,4,/home/chengting/行人通行預警系統專題/GUI/annotations/76.json,first_last,0,0.7328666699999999,0.4084872218298582,2,0.4335000000000004,0.5915127781701417,3,0.7328666699999999,0.5915127781701417,1,3,2,1,exclude_low_overlap_boundary_windows_v1,0,,0.7576009631156921,0.25093007,0.0,0.33333334,999.0,103
76,32,train,1,6,18,10.6998,11.39943333,10.6998,11.39943333,2,2,0.9020340442657472,0.0556044355034828,0.4634286146610975,0.0281802426034118,0.0,0.0,0.0,0.0,1.0,0.5,0.0,0.0,1,2,1,0,1,0,1,0,1,0.9576385021209716,0.0556044355034828,1,1,1,0.0248231850564479,0.0007560497033409,0.0,0.0,1,0,1,0,2,2,2,"76/24,76/36","24,36",r52_selected_prediction,0,,,0,1,3,2,1,0.5994333300000001,4,/home/chengting/行人通行預警系統專題/GUI/annotations/76.json,first_last,0,0.699633330000001,0.8567821232873499,3,0.5994333300000001,0.8567821232873499,3,0.699633330000001,0.8567821232873499,1,3,2,1,exclude_low_overlap_boundary_windows_v1,0,,0.9020340442657472,0.3269307,0.125,0.75760096,1.0,104
76,33,train,1,7,19,11.0331,11.73273333,11.0331,11.73273333,2,2,0.8898525834083557,0.072237841784954,0.4574247170239686,0.0364981734601314,0.0,0.0,0.0,0.0,1.0,0.5,0.0,0.0,1,2,1,0,0,0,1,0,1,0.9620904326438904,0.072237841784954,1,0,1,0.0249968506395816,0.0007585051353089,0.0,0.0,1,0,0,0,0,2,2,"76/24,76/36","24,36",r52_selected_prediction,0,,,0,1,3,2,1,0.699633330000001,4,/home/chengting/行人通行預警系統專題/GUI/annotations/76.json,first_last,1,0.699633330000001,1.0,3,0.699633330000001,1.0,3,0.699633330000001,1.0,1,3,2,1,exclude_low_overlap_boundary_windows_v1,0,,0.8898525834083557,0.4131962,0.25,0.90203404,1.0,105
76,34,train,1,8,20,11.3664,12.06603333,11.3664,12.06603333,2,2,0.875297486782074,0.0918401628732681,0.4502269830554723,0.0463007351208943,0.0,0.0,0.0,0.0,1.0,0.5,0.0,0.0,1,2,1,0,1,0,1,0,1,0.9671376347541808,0.0918401628732681,1,1,1,0.0251564793288707,0.0007613073685206,0.0,0.0,1,0,1,0,2,2,2,"76/24,76/36","24,36",r52_selected_prediction,0,,,0,1,3,2,1,0.6996333299999993,4,/home/chengting/行人通行預警系統專題/GUI/annotations/76.json,first_last,0,0.6996333299999993,1.0,3,0.6996333299999993,1.0,3,0.6996333299999993,1.0,1,3,2,1,exclude_low_overlap_boundary_windows_v1,0,,0.875297486782074,0.48469466,0.375,0.90203404,1.0,106
76,35,train,1,9,21,11.6997,12.39933333,11.6997,12.39933333,2,2,0.869695782661438,0.1007856428623199,0.4474997241050005,0.0507749849348328,0.0,0.0,0.0,0.0,1.0,0.5,0.0,0.0,1,2,1,0,1,0,1,0,1,0.9704813957214355,0.1007856428623199,1,1,1,0.025303665548563,0.0007643270073458,0.0,0.0,1,0,1,0,2,2,2,"76/24,76/36","24,36",r52_selected_prediction,0,,,0,1,3,2,1,0.6996333299999993,4,/home/chengting/行人通行預警系統專題/GUI/annotations/76.json,first_last,0,0.6996333299999993,1.0,3,0.6996333299999993,1.0,3,0.6996333299999993,1.0,1,3,2,1,exclude_low_overlap_boundary_windows_v1,0,,0.869695782661438,0.5432851,0.5,0.90203404,1.0,107
76,36,train,1,10,22,12.033,12.73263333,12.033,12.73263333,2,2,0.8622496724128723,0.1105229705572128,0.4438446080312133,0.0556452154123689,0.0,0.0,0.0,0.0,1.0,0.5,0.0,0.0,1,2,1,0,0,0,1,0,1,0.9727726578712464,0.1105229705572128,1,0,1,0.0254395436495542,0.0007674602675251,0.0,0.0,1,0,0,0,0,2,2,"76/24,76/36","24,36",r52_selected_prediction,0,,,0,1,3,2,1,0.699633330000001,4,/home/chengting/行人通行預警系統專題/GUI/annotations/76.json,first_last,0,0.699633330000001,1.0,3,0.699633330000001,1.0,3,0.699633330000001,1.0,1,3,2,1,exclude_low_overlap_boundary_windows_v1,0,,0.8622496724128723,0.5922467,0.625,0.90203404,1.0,108
76,37,train,1,11,23,12.3663,13.06593333,12.3663,13.06593333,2,2,0.8524088859558105,0.1221417188644409,0.4389869002625345,0.0614561717666219,0.0,0.0,0.0,0.0,1.0,0.5,0.0,0.0,1,2,1,0,0,0,1,0,1,0.9745506048202516,0.1221417188644409,1,0,1,0.0255649145692586,0.000770624668803,0.0,0.0,1,0,0,0,0,2,2,"76/24,76/36","24,36",r52_selected_prediction,0,,,0,1,3,2,1,0.6996333299999993,4,/home/chengting/行人通行預警系統專題/GUI/annotations/76.json,first_last,0,0.6996333299999993,1.0,3,0.6996333299999993,1.0,3,0.6996333299999993,1.0,1,3,2,1,exclude_low_overlap_boundary_windows_v1,0,,0.8524088859558105,0.6327471,0.75,0.90203404,1.0,109
76,38,train,1,0,24,12.63333333,13.39923333,12.63333333,13.39923333,3,3,0.8643590211868286,0.125179722905159,0.360789505764842,0.0820533895360616,0.0,0.0,0.0,0.0,1.0,0.3333333333333333,0.0,0.0,1,2,1,0,1,0,1,0,1,0.9895387291908264,0.125179722905159,1,1,1,0.192328929901123,0.1202066838741302,0.0256805662065744,0.0007737618288956,1,0,1,0,2,2,2,"76/24,76/36,76/49","24,36,49",r52_selected_prediction,0,,,0,1,3,2,1,0.6166666700000007,4,/home/chengting/行人通行預警系統專題/GUI/annotations/76.json,first_last,0,0.7659000000000002,0.8051529834182015,3,0.6166666700000007,0.8051529834182015,3,0.6166666700000007,0.8051529834182015,1,3,2,1,exclude_low_overlap_boundary_windows_v1,0,,0.8643590211868286,0.6656964,0.875,0.90203404,1.0,110
76,39,train,1,1,25,12.96663333,13.73253333,12.96663333,13.73253333,3,3,0.8584692478179932,0.1274687349796295,0.3343243344376483,0.0573538655104735,0.0,0.0,0.0,0.0,1.0,0.3333333333333333,0.0,0.0,1,2,1,0,0,0,1,0,1,0.9859379529953004,0.1274687349796295,1,0,1,0.1187167093157768,0.0438160374760627,0.0257870461791753,0.0007768240757286,1,0,0,0,0,2,2,"76/24,76/36,76/49","24,36,49",r52_selected_prediction,0,,,0,1,3,2,1,0.2833666699999995,4,/home/chengting/行人通行預警系統專題/GUI/annotations/76.json,first_last,0,0.7659000000000002,0.3699786786786779,0,0.4825333300000007,0.6300213213213222,3,0.2833666699999995,0.3699786786786779,1,3,2,1,exclude_low_overlap_boundary_windows_v1,0,,0.8584692478179932,0.6954958,1.0,0.90203404,1.0,111
76,40,train,1,2,26,13.29993333,14.06583333,13.29993333,14.06583333,3,3,0.8530659675598145,0.1315919458866119,0.3194175629566113,0.0496131723824267,0.0,0.0,0.0,0.0,1.0,0.3333333333333333,0.0,0.0,1,2,1,0,0,0,1,0,1,0.984657883644104,0.1315919458866119,1,0,1,0.0793017148971557,0.0164677947759628,0.0258850064128637,0.0007797764847055,1,0,0,0,0,2,2,"76/24,76/36,76/49","24,36,49",r52_selected_prediction,0,,,0,1,0,0,0,0.7659000000000002,5,/home/chengting/行人通行預警系統專題/GUI/annotations/76.json,first_last,1,0.7659000000000002,1.0,0,0.7659000000000002,1.0,0,0.0,0.0,1,0,0,0,exclude_low_overlap_boundary_windows_v1,0,,0.8530659675598145,0.7199418,1.0,0.90203404,1.0,112
76,41,train,1,3,27,13.63323333,14.39913333,13.63323333,14.39913333,3,3,0.8511977195739746,0.1373585611581802,0.3109539877623319,0.0483213029413794,0.0,0.0,0.0,0.0,1.0,0.3333333333333333,0.0,0.0,1,2,1,0,0,0,1,0,1,0.9885562658309937,0.1373585611581802,1,0,1,0.0556892566382885,0.006822747644037,0.0259749870747327,0.000782600021921,1,0,0,0,0,2,2,"76/24,76/36,76/49","24,36,49",r52_selected_prediction,0,,,0,1,0,0,0,0.7659000000000002,5,/home/chengting/行人通行預警系統專題/GUI/annotations/76.json,first_last,0,0.7659000000000002,1.0,0,0.7659000000000002,1.0,0,0.0,0.0,1,0,0,0,exclude_low_overlap_boundary_windows_v1,0,,0.8511977195739746,0.7399104,1.0,0.8898526,1.0,113
76,42,train,1,4,28,13.96653333,14.73243333,13.96653333,14.73243333,3,3,0.8454132676124573,0.1406255662441253,0.3043361951907475,0.04824773305639,0.0,0.0,0.0,0.0,1.0,0.3333333333333333,0.0,0.0,1,2,1,0,0,0,1,0,1,0.9860388040542604,0.1406255662441253,1,0,1,0.0415377989411354,0.0033323555253446,0.02605751901865,0.0007852773997001,1,0,0,0,0,2,2,"76/24,76/36,76/49","24,36,49",r52_selected_prediction,0,,,0,1,0,0,0,0.7658999999999985,5,/home/chengting/行人通行預警系統專題/GUI/annotations/76.json,first_last,0,0.7658999999999985,1.0,0,0.7658999999999985,1.0,0,0.0,0.0,1,0,0,0,exclude_low_overlap_boundary_windows_v1,0,,0.8454132676124573,0.75660354,1.0,0.8752975,1.0,114
76,43,train,1,5,29,14.29983333,15.06573333,14.29983333,15.06573333,3,3,0.8377367854118347,0.1472300887107849,0.2990717353920141,0.0499945849878713,0.0,0.0,0.0,0.0,1.0,0.3333333333333333,0.0,0.0,1,2,1,0,0,0,1,0,1,0.9849668741226196,0.1472300887107849,1,0,1,0.0333454199135303,0.0019658685196191,0.0261330008506774,0.00078779773321,1,0,0,0,0,2,2,"76/24,76/36,76/49","24,36,49",r52_selected_prediction,0,,,0,1,0,0,0,0.7659000000000002,5,/home/chengting/行人通行預警系統專題/GUI/annotations/76.json,first_last,0,0.7659000000000002,1.0,0,0.7659000000000002,1.0,0,0.0,0.0,1,0,0,0,exclude_low_overlap_boundary_windows_v1,0,,0.8377367854118347,0.769925,1.0,0.8696958,1.0,115
76,44,train,1,6,30,14.63313333,15.39903333,14.63313333,15.39903333,3,3,0.8326707482337952,0.1517225801944732,0.2958605227371056,0.0512937914075639,0.0,0.0,0.0,0.0,1.0,0.3333333333333333,0.0,0.0,1,2,1,0,0,0,1,0,1,0.9843933582305908,0.1517225801944732,1,0,1,0.0287088043987751,0.0013686352176591,0.0262020155787467,0.0007901588105596,1,0,0,0,0,2,2,"76/24,76/36,76/49","24,36,49",r52_selected_prediction,0,,,0,1,0,0,0,0.7659000000000002,5,/home/chengting/行人通行預警系統專題/GUI/annotations/76.json,first_last,0,0.7659000000000002,1.0,0,0.7659000000000002,1.0,0,0.0,0.0,1,0,0,0,exclude_low_overlap_boundary_windows_v1,0,,0.8326707482337952,0.78009677,1.0,0.864359,1.0,116
76,45,train,1,0,31,14.96643333,15.73233333,14.96643333,15.73233333,4,4,0.8361430168151855,0.1481630802154541,0.2702141893096268,0.0675601450930116,0.0,0.0,0.0,0.0,1.0,0.25,0.0,0.0,1,2,1,0,0,0,1,0,1,0.9843060970306396,0.1481630802154541,1,0,1,0.192328929901123,0.1202066838741302,0.0262649394571781,0.0010784575715661,1,0,0,0,0,2,2,"76/24,76/36,76/49,76/60","24,36,49,60",r52_selected_prediction,0,,,0,1,0,0,0,0.7659000000000002,5,/home/chengting/行人通行預警系統專題/GUI/annotations/76.json,first_last,0,0.7659000000000002,1.0,0,0.7659000000000002,1.0,0,0.0,0.0,1,0,0,0,exclude_low_overlap_boundary_windows_v1,0,,0.8361430168151855,0.7879829,1.0,0.864359,1.0,117
76,46,train,1,1,32,15.29973333,16.06563333,15.29973333,16.06563333,3,3,0.1187167093157768,0.0438160374760627,0.0565816635886827,0.0151785651881557,0.0,0.0,0.0,0.0,0.0,0.0,0.0,0.0,0,0,0,0,0,0,0,0,0,0.1625327467918396,0.0438160374760627,0,0,0,0.0263223145157098,0.0009252557065337,0.0247059669345617,0.0007944023818708,0,0,0,0,0,0,0,"76/24,76/49,76/60","24,49,60",r52_selected_prediction,0,,,0,1,0,0,0,0.7002666699999995,5,/home/chengting/行人通行預警系統專題/GUI/annotations/76.json,first_last,0,0.7659000000000002,0.9143056143099612,0,0.7002666699999995,0.9143056143099612,0,0.0,0.0,1,0,0,0,exclude_low_overlap_boundary_windows_v1,0,,0.1187167093157768,0.7952069,1.0,0.864359,1.0,118
76,47,train,1,2,33,15.63303333,16.39893333,15.63303333,16.39893333,3,3,0.0793017148971557,0.0164677947759628,0.043216669311126,0.0060345813593205,0.0,0.0,0.0,0.0,0.0,0.0,0.0,0.0,0,0,0,0,0,0,0,0,0,0.0957695096731185,0.0164677947759628,0,0,0,0.0263745114207267,0.0008396573248319,0.0239737816154956,0.0007962919771671,0,0,0,0,0,0,0,"76/24,76/49,76/60","24,49,60",r52_selected_prediction,0,,,0,1,0,0,0,0.36696667,5,/home/chengting/行人通行預警系統專題/GUI/annotations/76.json,first_last,0,0.7658999999999985,0.479131309570441,0,0.36696667,0.479131309570441,0,0.0,0.0,1,0,0,0,exclude_low_overlap_boundary_windows_v1,0,,0.0793017148971557,0.69373333,0.875,0.85846925,2.0,119
76,48,train,1,3,10,15.96633333,16.63326667,15.96633333,16.63326667,2,2,0.0556892566382885,0.006822747644037,0.0380328819155693,0.003750879317522,0.0,0.0,0.0,0.0,0.0,0.0,0.0,0.0,0,0,0,0,0,0,0,0,0,0.0625120028853416,0.006822747644037,0,0,0,0.0203765071928501,0.000679010991007,0.0,0.0,0,0,0,0,0,0,0,"76/49,76/60","49,60",r52_selected_prediction,0,,,0,1,0,0,0,0.0336666700000005,5,/home/chengting/行人通行預警系統專題/GUI/annotations/76.json,first_last,0,0.6669333400000017,0.0504798125701745,0,0.0336666700000005,0.0504798125701745,0,0.0,0.0,1,0,0,0,exclude_low_overlap_boundary_windows_v1,0,,0.0556892566382885,0.6015686,0.75,0.85306597,3.0,120
96,0,train,1,0,0,0.0,0.6667,0.0,0.6667,4,4,0.306469202041626,0.2067596316337585,0.2635496668517589,0.1765203177928924,0.0,0.0,0.0,0.0,1.0,0.25,0.0,0.0,0,0,0,0,1,0,1,0,0,0.5132288336753845,0.2067596316337585,4,1,4,0.2492431551218032,0.1664405465126037,0.2492431551218032,0.1664405465126037,0,0,1,0,2,2,2,"96/1,96/2,96/3,96/8","1,2,3,8",r52_selected_prediction,0,,,0,1,0,0,0,0.6667,0,/home/chengting/行人通行預警系統專題/GUI/annotations/96.json,first_last,1,0.6667,1.0,0,0.6667,1.0,0,0.0,0.0,1,0,0,0,exclude_low_overlap_boundary_windows_v1,0,,0.3333333333333333,0.0,0.0,0.0,999.0,121
96,1,train,1,1,1,0.3333,1.0,0.3333,1.0,4,4,0.2312392741441726,0.120685763657093,0.1874208971858024,0.0936043206602334,0.0,0.0,0.0,0.0,0.0,0.0,0.0,0.0,0,0,0,0,0,0,0,0,0,0.3519250452518463,0.120685763657093,1,0,1,0.1728147715330124,0.0845771729946136,0.1728147715330124,0.0845771729946136,0,0,0,0,0,0,0,"96/1,96/2,96/3,96/8","1,2,3,8",r52_selected_prediction,0,,,0,1,0,0,0,0.6667000000000001,0,/home/chengting/行人通行預警系統專題/GUI/annotations/96.json,first_last,0,0.6667000000000001,1.0,0,0.6667000000000001,1.0,0,0.0,0.0,1,0,0,0,exclude_low_overlap_boundary_windows_v1,0,,0.2312392741441726,0.05,0.0,0.33333334,999.0,122
96,2,train,1,0,2,0.65,1.3333,0.65,1.3333,5,5,0.2492431551218032,0.1664405465126037,0.1708245128393172,0.0784326799213885,0.0,0.0,0.0,0.0,1.0,0.4,0.0,0.0,0,0,0,0,0,0,0,0,0,0.4156836867332458,0.1664405465126037,1,0,1,0.2157751023769378,0.0855157449841499,0.1590272039175033,0.0567306391894817,0,0,0,0,0,0,0,"96/1,96/14,96/2,96/3,96/8","1,2,3,8,14",r52_selected_prediction,0,,,0,1,0,0,0,0.6832999999999999,0,/home/chengting/行人通行預警系統專題/GUI/annotations/96.json,first_last,0,0.6832999999999999,1.0,0,0.6832999999999999,1.0,0,0.0,0.0,1,0,0,0,exclude_low_overlap_boundary_windows_v1,0,,0.3333333333333333,0.07718589,0.0,0.33333334,999.0,123
96,3,train,1,1,3,0.9833,1.6666,0.9833,1.6666,5,5,0.2056232541799545,0.0845771729946136,0.1362429231405257,0.0470683157444,0.0,0.0,0.0,0.0,1.0,0.4,0.0,0.0,0,0,0,0,0,0,0,0,0,0.2714792191982269,0.0845771729946136,0,0,0,0.1728147715330124,0.0658559650182724,0.1509093195199966,0.042484026402235,0,0,0,0,0,0,0,"96/1,96/14,96/2,96/3,96/8","1,2,3,8,14",r52_selected_prediction,0,,,0,1,0,0,0,0.6833000000000001,0,/home/chengting/行人通行預警系統專題/GUI/annotations/96.json,first_last,0,0.6833000000000001,1.0,0,0.6833000000000001,1.0,0,0.0,0.0,1,0,0,0,exclude_low_overlap_boundary_windows_v1,0,,0.3333333333333333,0.11560801,0.0,0.33333334,999.0,124
96,4,train,1,2,4,1.3166,1.9999,1.3166,1.9999,4,4,0.115038551390171,0.0417382344603538,0.080893138423562,0.0227126204408704,0.0,0.0,0.0,0.0,0.0,0.0,0.0,0.0,0,0,0,0,0,0,0,0,0,0.1567767858505249,0.0417382344603538,0,0,0,0.1049875989556312,0.0256529301404953,0.0517732016742229,0.0117296585813164,0,0,0,0,0,0,0,"96/14,96/2,96/3,96/8","2,3,8,14",r52_selected_prediction,0,,,0,1,0,0,0,0.6833,0,/home/chengting/行人通行預警系統專題/GUI/annotations/96.json,first_last,0,0.6833,1.0,0,0.6833,1.0,0,0.0,0.0,1,0,0,0,exclude_low_overlap_boundary_windows_v1,0,,0.115038551390171,0.1482668,0.0,0.33333334,999.0,125
96,5,train,1,3,5,1.6499,2.3332,1.6499,2.3332,4,4,0.0759336352348327,0.0212122071534395,0.055202517658472,0.0125498571433126,0.0,0.0,0.0,0.0,0.0,0.0,0.0,0.0,0,0,0,0,0,0,0,0,0,0.0971458405256271,0.0212122071534395,0,0,0,0.0695656314492225,0.014410825446248,0.0376554019749164,0.0072881979867815,0,0,0,0,0,0,0,"96/14,96/2,96/3,96/8","2,3,8,14",r52_selected_prediction,0,,,0,1,0,0,0,0.6833000000000002,0,/home/chengting/行人通行預警系統專題/GUI/annotations/96.json,first_last,0,0.6833000000000002,1.0,0,0.6833000000000002,1.0,0,0.0,0.0,1,0,0,0,exclude_low_overlap_boundary_windows_v1,0,,0.0759336352348327,0.14328256,0.0,0.33333334,999.0,126
96,6,train,1,4,6,1.9832,2.6665,1.9832,2.6665,4,4,0.0517732016742229,0.0117296585813164,0.0394127136096357,0.0076831229962408,0.0,0.0,0.0,0.0,0.0,0.0,0.0,0.0,0,0,0,0,0,0,0,0,0,0.0635028630495071,0.0117296585813164,0,0,0,0.0467678979039192,0.0088013671338558,0.0295548774302005,0.0051007331348955,0,0,0,0,0,0,0,"96/14,96/2,96/3,96/8","2,3,8,14",r52_selected_prediction,0,,,0,1,0,0,0,0.6833,0,/home/chengting/行人通行預警系統專題/GUI/annotations/96.json,first_last,0,0.6833,1.0,0,0.6833,1.0,0,0.0,0.0,1,0,0,0,exclude_low_overlap_boundary_windows_v1,0,,0.0517732016742229,0.13318023,0.0,0.33333334,999.0,127
96,7,train,1,5,7,2.3165,2.9998,2.3165,2.9998,4,4,0.0376554019749164,0.0072881979867815,0.0305037088692188,0.0052543143974616,0.0,0.0,0.0,0.0,0.0,0.0,0.0,0.0,0,0,0,0,0,0,0,0,0,0.0449436008930206,0.0072881979867815,0,0,0,0.0346083715558052,0.0058251288719475,0.0248755309730768,0.0039519653655588,0,0,0,0,0,0,0,"96/14,96/2,96/3,96/8","2,3,8,14",r52_selected_prediction,0,,,0,1,0,0,0,0.6833,0,/home/chengting/行人通行預警系統專題/GUI/annotations/96.json,first_last,0,0.6833,1.0,0,0.6833,1.0,0,0.0,0.0,1,0,0,0,exclude_low_overlap_boundary_windows_v1,0,,0.0376554019749164,0.12096918,0.0,0.33333334,999.0,128
96,8,train,1,6,8,2.6498,3.3331,2.6498,3.3331,4,4,0.0295548774302005,0.0051007331348955,0.0252734348177909,0.0039950001519172,0.0,0.0,0.0,0.0,0.0,0.0,0.0,0.0,0,0,0,0,0,0,0,0,0,0.03465561196208,0.0051007331348955,0,0,0,0.0272779054939746,0.0042567262426018,0.0221304781734943,0.0033112706150859,0,0,0,0,0,0,0,"96/14,96/2,96/3,96/8","2,3,8,14",r52_selected_prediction,0,,,0,1,0,0,0,0.6833,0,/home/chengting/行人通行預警系統專題/GUI/annotations/96.json,first_last,0,0.6833,1.0,0,0.6833,1.0,0,0.0,0.0,1,0,0,0,exclude_low_overlap_boundary_windows_v1,0,,0.0295548774302005,0.10847211,0.0,0.33333334,999.0,129
96,9,train,1,7,9,2.9831,3.6664,2.9831,3.6664,4,4,0.0248755309730768,0.0039519653655588,0.0222480208612978,0.0033097630366682,0.0,0.0,0.0,0.0,0.0,0.0,0.0,0.0,0,0,0,0,0,0,0,0,0,0.0288274958729743,0.0039519653655588,0,0,0,0.0231131091713905,0.0034131980501115,0.020501721650362,0.0029369443655014,0,0,0,0,0,0,0,"96/14,96/2,96/3,96/8","2,3,8,14",r52_selected_prediction,0,,,0,1,0,0,0,0.6833,0,/home/chengting/行人通行預警系統專題/GUI/annotations/96.json,first_last,0,0.6833,1.0,0,0.6833,1.0,0,0.0,0.0,1,0,0,0,exclude_low_overlap_boundary_windows_v1,0,,0.0248755309730768,0.09663452,0.0,0.33333334,999.0,130
96,10,train,1,8,10,3.3164,3.9997,3.3164,3.9997,4,4,0.0221304781734943,0.0033112706150859,0.0204835380427539,0.0029180273413657,0.0,0.0,0.0,0.0,0.0,0.0,0.0,0.0,0,0,0,0,0,0,0,0,0,0.0254417490214109,0.0033112706150859,0,0,0,0.0207304563373327,0.002937325509265,0.0195366088300943,0.0027117566205561,0,0,0,0,0,0,0,"96/14,96/2,96/3,96/8","2,3,8,14",r52_selected_prediction,0,,,0,1,0,0,0,0.6833,0,/home/chengting/行人通行預警系統專題/GUI/annotations/96.json,first_last,0,0.6833,1.0,0,0.6833,1.0,0,0.0,0.0,1,0,0,0,exclude_low_overlap_boundary_windows_v1,0,,0.0221304781734943,0.085870676,0.0,0.33333334,999.0,131
96,11,train,1,0,11,3.6497,4.4167,3.6497,4.4167,5,5,0.2492431551218032,0.1664405465126037,0.0654360406100749,0.035452814027667,0.0,0.0,0.0,0.0,0.0,0.0,0.0,0.0,0,0,0,0,0,0,0,0,0,0.4156836867332458,0.1664405465126037,1,0,1,0.020501721650362,0.0029369443655014,0.0194794423878192,0.0027365870773792,0,0,0,0,0,0,0,"96/14,96/2,96/26,96/3,96/8","2,3,8,14,26",r52_selected_prediction,0,,,0,1,0,0,0,0.7669999999999995,0,/home/chengting/行人通行預警系統專題/GUI/annotations/96.json,first_last,0,0.7669999999999995,1.0,0,0.7669999999999995,1.0,0,0.0,0.0,1,0,0,0,exclude_low_overlap_boundary_windows_v1,0,,0.2492431551218032,0.07630964,0.0,0.33333334,999.0,132
96,12,train,1,1,12,3.983,4.75,3.983,4.75,5,5,0.1728147715330124,0.0845771729946136,0.0497475430369376,0.0189809588715433,0.0,0.0,0.0,0.0,0.0,0.0,0.0,0.0,0,0,0,0,0,0,0,0,0,0.2573919296264648,0.0845771729946136,0,0,0,0.0195366088300943,0.0027117566205561,0.019037676975131,0.0026295930147171,0,0,0,0,0,0,0,"96/14,96/2,96/26,96/3,96/8","2,3,8,14,26",r52_selected_prediction,0,,,0,1,0,0,0,0.7669999999999999,0,/home/chengting/行人通行預警系統專題/GUI/annotations/96.json,first_last,0,0.7669999999999999,1.0,0,0.7669999999999999,1.0,0,0.0,0.0,1,0,0,0,exclude_low_overlap_boundary_windows_v1,0,,0.1728147715330124,0.102249674,0.0,0.24924316,999.0,133
96,13,train,1,2,13,4.3163,5.0833,4.3163,5.0833,5,5,0.115038551390171,0.0417382344603538,0.0379824146628379,0.0103533818386494,0.0,0.0,0.0,0.0,0.0,0.0,0.0,0.0,0,0,0,0,0,0,0,0,0,0.1567767858505249,0.0417382344603538,0,0,0,0.0189779419451951,0.0025749960914254,0.0188281442970037,0.0025604246184229,0,0,0,0,0,0,0,"96/14,96/2,96/26,96/3,96/8","2,3,8,14,26",r52_selected_prediction,0,,,0,1,0,0,0,0.7670000000000003,0,/home/chengting/行人通行預警系統專題/GUI/annotations/96.json,first_last,0,0.7670000000000003,1.0,0,0.7670000000000003,1.0,0,0.0,0.0,1,0,0,0,exclude_low_overlap_boundary_windows_v1,0,,0.115038551390171,0.11283444,0.0,0.24924316,999.0,134
96,14,train,1,0,14,4.6496,5.500033333,4.6496,5.500033333,6,6,0.2492431551218032,0.1664405465126037,0.0665975647668043,0.0329182614805176,0.0,0.0,0.0,0.0,0.0,0.0,0.0,0.0,0,0,0,0,0,0,0,0,0,0.4156836867332458,0.1664405465126037,1,0,1,0.0759336352348327,0.0212122071534395,0.0187379792332649,0.0025167725980281,0,0,0,0,0,0,0,"96/14,96/2,96/26,96/3,96/30,96/8","2,3,8,14,26,30",r52_selected_prediction,0,,,0,1,0,0,0,0.8504333329999998,0,/home/chengting/行人通行預警系統專題/GUI/annotations/96.json,first_last,0,0.8504333329999998,1.0,0,0.8504333329999998,1.0,0,0.0,0.0,1,0,0,0,exclude_low_overlap_boundary_windows_v1,0,,0.2492431551218032,0.11316505,0.0,0.24924316,999.0,135
96,15,train,1,1,15,4.9829,5.833333333,4.9829,5.833333333,5,5,0.1728147715330124,0.0845771729946136,0.0560364477336406,0.0207170701120048,0.0,0.0,0.0,0.0,0.0,0.0,0.0,0.0,0,0,0,0,0,0,0,0,0,0.2573919296264648,0.0845771729946136,0,0,0,0.0517732016742229,0.0117296585813164,0.0185337178409099,0.0024466270115226,0,0,0,0,0,0,0,"96/14,96/2,96/26,96/3,96/30","2,3,14,26,30",r52_selected_prediction,0,,,0,1,0,0,0,0.8504333329999998,0,/home/chengting/行人通行預警系統專題/GUI/annotations/96.json,first_last,0,0.8504333329999998,1.0,0,0.8504333329999998,1.0,0,0.0,0.0,1,0,0,0,exclude_low_overlap_boundary_windows_v1,0,,0.1728147715330124,0.13357677,0.0,0.24924316,999.0,136
96,16,train,1,2,16,5.3162,6.166633333,5.3162,6.166633333,5,5,0.115038551390171,0.0417382344603538,0.0416805945336818,0.0112575771752744,0.0,0.0,0.0,0.0,0.0,0.0,0.0,0.0,0,0,0,0,0,0,0,0,0,0.1567767858505249,0.0417382344603538,0,0,0,0.0376554019749164,0.0072881979867815,0.0186054371297359,0.0024234533775597,0,0,0,0,0,0,0,"96/14,96/2,96/26,96/3,96/30","2,3,14,26,30",r52_selected_prediction,0,,,0,1,0,0,0,0.8504333329999998,0,/home/chengting/行人通行預警系統專題/GUI/annotations/96.json,first_last,0,0.8504333329999998,1.0,0,0.8504333329999998,1.0,0,0.0,0.0,1,0,0,0,exclude_low_overlap_boundary_windows_v1,0,,0.115038551390171,0.13946247,0.0,0.24924316,999.0,137
96,17,train,1,3,17,5.6495,6.499933333,5.6495,6.499933333,5,5,0.0759336352348327,0.0212122071534395,0.0332924541085958,0.0068010066170245,0.0,0.0,0.0,0.0,1.0,0.2,0.0,0.0,0,0,0,0,0,0,0,0,0,0.0971458405256271,0.0212122071534395,0,0,0,0.0295548774302005,0.0051007331348955,0.0235593114048242,0.0028337438125163,0,0,0,0,0,0,0,"96/14,96/2,96/26,96/3,96/30","2,3,14,26,30",r52_selected_prediction,0,,,0,1,0,0,0,0.8504333330000007,0,/home/chengting/行人通行預警系統專題/GUI/annotations/96.json,first_last,0,0.8504333330000007,1.0,0,0.8504333330000007,1.0,0,0.0,0.0,1,0,0,0,exclude_low_overlap_boundary_windows_v1,0,,0.3333333333333333,0.13579889,0.0,0.24924316,999.0,138
96,18,train,1,4,18,5.9828,6.833233333,5.9828,6.833233333,5,5,0.0517732016742229,0.0117296585813164,0.0285611644387245,0.0047706942074,0.0,0.0,0.0,0.0,1.0,0.2,0.0,0.0,0,0,0,0,0,0,0,0,0,0.0635028630495071,0.0117296585813164,0,0,0,0.028508385643363,0.0039519653655588,0.0248755309730768,0.0032837633043527,0,0,0,0,0,0,0,"96/14,96/2,96/26,96/3,96/30","2,3,14,26,30",r52_selected_prediction,0,,,0,1,0,0,0,0.8504333329999998,0,/home/chengting/行人通行預警系統專題/GUI/annotations/96.json,first_last,0,0.8504333329999998,1.0,0,0.8504333329999998,1.0,0,0.0,0.0,1,0,0,0,exclude_low_overlap_boundary_windows_v1,0,,0.3333333333333333,0.16542906,0.0,0.33333334,999.0,139
96,19,train,1,5,19,6.3161,7.166533333,6.3161,7.166533333,5,5,0.0376554019749164,0.0072881979867815,0.0261701121926307,0.003855226933956,0.0,0.0,0.0,0.0,1.0,0.2,0.0,0.0,0,0,0,0,0,0,0,0,0,0.0449436008930206,0.0072881979867815,0,0,0,0.0331661812961101,0.0037528581451624,0.0221304781734943,0.0033112706150859,0,0,0,0,0,0,0,"96/14,96/2,96/26,96/3,96/30","2,3,14,26,30",r52_selected_prediction,0,,,0,1,0,0,0,0.800567,0,/home/chengting/行人通行預警系統專題/GUI/annotations/96.json,first_last,0,0.8504333330000007,0.9413636189163804,0,0.800567,0.9413636189163804,2,0.0498663330000006,0.0586363810836194,1,0,0,0,exclude_low_overlap_boundary_windows_v1,0,,0.3333333333333333,0.19061469,0.0,0.33333334,999.0,140
96,20,train,1,6,20,6.6494,7.499833333,6.6494,7.499833333,5,5,0.0295548774302005,0.0051007331348955,0.0234767280519008,0.0033110794611274,0.0,0.0,0.0,0.0,0.0,0.0,0.0,0.0,0,0,0,0,0,0,0,0,0,0.03465561196208,0.0051007331348955,0,0,0,0.0291737616062164,0.0035546687431633,0.020501721650362,0.0029369443655014,0,0,0,0,0,0,0,"96/14,96/2,96/26,96/3,96/30","2,3,14,26,30",r52_selected_prediction,0,,,0,1,2,1,1,0.3831663330000001,1,/home/chengting/行人通行預警系統專題/GUI/annotations/96.json,first_last,0,0.8504333329999998,0.4505542270413338,0,0.4672669999999996,0.5494457729586663,2,0.3831663330000001,0.4505542270413338,1,2,1,1,exclude_low_overlap_boundary_windows_v1,0,,0.0295548774302005,0.21202248,0.0,0.33333334,999.0,141
96,21,train,1,0,21,6.9827,7.833133333,6.9827,7.833133333,6,6,0.6677322387695312,0.2663655281066894,0.1294187946865956,0.0468742597149684,0.0,0.0,0.0,0.0,1.0,0.1666666666666666,0.0,0.0,1,2,1,0,0,0,1,0,1,0.9340977668762208,0.2663655281066894,1,0,1,0.0260380171239376,0.0039519653655588,0.0248755309730768,0.0033092168159782,1,0,0,0,0,2,2,"96/14,96/2,96/26,96/3,96/30,96/36","2,3,14,26,30,36",r52_selected_prediction,0,,,0,1,3,2,1,0.2998003330000003,2,/home/chengting/行人通行預警系統專題/GUI/annotations/96.json,first_last,0,0.8504333329999998,0.3525265548357809,2,0.4166660000000002,0.4899455181632683,3,0.7164663330000005,0.4899455181632683,1,3,2,1,exclude_low_overlap_boundary_windows_v1,0,,0.6677322387695312,0.18465234,0.0,0.33333334,999.0,142
96,22,train,1,1,22,7.316,8.166433333,7.316,8.166433333,6,6,0.3714974522590637,0.6177149415016174,0.0791292029122511,0.1052660204004495,0.9272098799376368,0.1545349799896061,0.0,0.0,2.0,0.3333333333333333,0.6738277442928575,0.1123046240488095,2,3,0,1,0,0,1,1,2,0.9892123937606812,0.6177149415016174,1,1,1,0.0239790044724941,0.0033112706150859,0.0221304781734943,0.0031176535412669,0,1,0,0,0,3,3,"96/14,96/2,96/26,96/3,96/30,96/36","2,3,14,26,30,36",r52_selected_prediction,0,,,0,1,3,2,1,0.6331003330000007,2,/home/chengting/行人通行預警系統專題/GUI/annotations/96.json,first_last,0,0.8504333330000007,0.7444444007934955,3,0.6331003330000007,0.7444444007934955,3,0.8504333330000007,0.7444444007934955,1,3,2,1,exclude_low_overlap_boundary_windows_v1,0,,0.9272098799376368,0.25711432,0.125,0.66773224,1.0,143
96,23,train,1,2,23,7.6493,8.499733333,7.6493,8.499733333,6,6,0.1698224544525146,0.8267661929130554,0.0458359289914369,0.140081686239379,0.978195755534701,0.1630326259224501,0.0,0.0,2.0,0.5,0.6666666666666666,0.1111111111111111,2,3,0,1,2,1,2,1,2,0.99658864736557,0.8267661929130554,2,2,1,0.0246784966439008,0.0029801216442137,0.0226440522819757,0.0029796506278216,0,1,1,1,3,3,3,"96/14,96/2,96/26,96/3,96/30,96/36","2,3,14,26,30,36",r52_selected_prediction,0,,,0,1,3,2,1,0.8504333329999998,2,/home/chengting/行人通行預警系統專題/GUI/annotations/96.json,first_last,1,0.8504333329999998,1.0,3,0.8504333329999998,1.0,3,0.8504333329999998,1.0,1,3,2,1,exclude_low_overlap_boundary_windows_v1,0,,0.978195755534701,0.35762867,0.25,0.92720985,1.0,144
96,24,train,1,3,24,7.9826,8.833033333,7.9826,8.833033333,6,6,0.1206158846616745,0.8775660395622253,0.0370954973623156,0.1484964322686816,0.9927107976380828,0.1654517996063471,0.0,0.0,2.0,0.3333333333333333,0.8808180750957647,0.1468030125159607,2,3,0,1,1,1,1,1,2,0.998181939125061,0.8775660395622253,1,1,1,0.0235197190195322,0.0029602497816085,0.0217728782445192,0.0028838638681918,0,1,1,1,3,3,3,"96/14,96/2,96/26,96/3,96/30,96/36","2,3,14,26,30,36",r52_selected_prediction,0,,,0,1,3,2,1,0.8504333329999998,2,/home/chengting/行人通行預警系統專題/GUI/annotations/96.json,first_last,0,0.8504333329999998,1.0,3,0.8504333329999998,1.0,3,0.8504333329999998,1.0,1,3,2,1,exclude_low_overlap_boundary_windows_v1,0,,0.9927107976380828,0.45071372,0.375,0.9781957,1.0,145
96,25,train,1,0,25,8.3159,9.166333333,8.3159,9.166333333,7,7,0.2492431551218032,0.8636096119880676,0.0691729251827511,0.1490359260101935,0.9935037928118792,0.1419291132588399,0.0,0.0,2.0,0.2857142857142857,0.8808180750957647,0.1258311535851092,2,3,0,1,1,1,1,1,2,0.9985071420669556,0.8636096119880676,2,1,2,0.1348975598812103,0.1664405465126037,0.0224534254521131,0.0028976721223443,0,1,1,1,3,3,3,"96/14,96/2,96/26,96/3,96/30,96/36,96/39","2,3,14,26,30,36,39",r52_selected_prediction,0,,,0,1,3,2,1,0.8504333330000016,2,/home/chengting/行人通行預警系統專題/GUI/annotations/96.json,first_last,0,0.8504333330000016,1.0,3,0.8504333330000016,1.0,3,0.8504333330000016,1.0,1,3,2,1,exclude_low_overlap_boundary_windows_v1,0,,0.9935037928118792,0.5320133,0.5,0.99271077,1.0,146
96,26,train,1,1,26,8.6492,9.499633333,8.6492,9.499633333,6,6,0.1728147715330124,0.9010398387908936,0.0583608985568086,0.1660238651869197,0.9915396529211924,0.1652566088201987,0.0,0.0,2.0,0.3333333333333333,0.880818075095765,0.1468030125159608,2,3,0,1,1,1,1,1,2,0.998622715473175,0.9010398387908936,1,1,1,0.0975828766822815,0.0845771729946136,0.0217308774590492,0.0028443722985684,0,1,1,1,3,3,3,"96/14,96/26,96/3,96/30,96/36,96/39","3,14,26,30,36,39",r52_selected_prediction,0,,,0,1,3,2,1,0.6007999999999996,2,/home/chengting/行人通行預警系統專題/GUI/annotations/96.json,first_last,0,0.8504333329999998,0.706463371891374,3,0.6007999999999996,0.706463371891374,3,0.6007999999999996,0.706463371891374,1,3,2,1,exclude_low_overlap_boundary_windows_v1,0,,0.9915396529211924,0.6012369,0.625,0.9935038,1.0,147
96,27,train,1,2,27,8.9825,9.832933333,8.9825,9.832933333,6,6,0.115038551390171,0.9168660044670104,0.0459513356909155,0.1614891161831716,0.9928703961102626,0.1654783993517104,0.0,0.0,2.0,0.3333333333333333,0.927079313527524,0.154513218921254,2,3,0,1,1,1,1,1,2,0.9986599683761596,0.9168660044670104,1,1,1,0.0817939341068267,0.0417382344603538,0.02125677280128,0.0028052730485796,0,1,1,1,3,3,3,"96/14,96/26,96/3,96/30,96/36,96/39","3,14,26,30,36,39",r52_selected_prediction,0,,,0,0,-1,-1,-1,0.2675,2,/home/chengting/行人通行預警系統專題/GUI/annotations/96.json,first_last,0,0.8504333329999998,0.3145455259336597,0,0.5829333329999997,0.6854544740663403,3,0.2675,0.3145455259336597,1,3,2,1,exclude_low_overlap_boundary_windows_v1,1,positive_overlap_ratio_below_hard_min,0.9928703961102626,0.6597823,0.75,0.9935038,1.0,148
96,28,train,1,3,28,9.3158,10.16623333,9.3158,10.16623333,5,5,0.0759336352348327,0.0212122071534395,0.0328338235616683,0.0064521575346588,0.0,0.0,0.0,0.0,1.0,0.4,0.0,0.0,0,0,0,0,0,0,0,0,0,0.0971458405256271,0.0212122071534395,0,0,0,0.023761237040162,0.0028467874508351,0.0235376544296741,0.0028448780067265,0,0,0,0,0,0,0,"96/14,96/26,96/3,96/30,96/39","3,14,26,30,39",r52_selected_prediction,0,,,0,1,0,0,0,0.8504333300000013,3,/home/chengting/行人通行預警系統專題/GUI/annotations/96.json,first_last,1,0.8504333300000013,1.0,0,0.8504333300000013,1.0,0,0.0,0.0,1,0,0,0,exclude_low_overlap_boundary_windows_v1,0,,0.3333333333333333,0.7097455,0.875,0.9935038,1.0,149
96,29,train,1,4,29,9.6491,10.49953333,9.6491,10.49953333,5,5,0.0517732016742229,0.0117296585813164,0.0297930929809808,0.0047353336587547,0.0,0.0,0.0,0.0,1.0,0.4,0.0,0.0,0,0,0,0,2,0,2,0,0,0.0635028630495071,0.0117296585813164,2,2,0,0.0288206618279218,0.0033162776380777,0.0263806283473968,0.0032417515758424,0,0,1,0,2,2,2,"96/14,96/26,96/3,96/30,96/39","3,14,26,30,39",r52_selected_prediction,0,,,0,1,0,0,0,0.8504333299999995,3,/home/chengting/行人通行預警系統專題/GUI/annotations/96.json,first_last,0,0.8504333299999995,1.0,0,0.8504333299999995,1.0,0,0.0,0.0,1,0,0,0,exclude_low_overlap_boundary_windows_v1,0,,0.3333333333333333,0.65328366,0.875,0.9935038,2.0,150
96,30,train,1,5,30,9.9824,10.83283333,9.9824,10.83283333,5,5,0.0376554019749164,0.0072881979867815,0.0288093380630016,0.0040398715063928,0.0,0.0,0.0,0.0,1.0,0.4,0.0,0.0,0,0,0,0,2,0,2,0,0,0.0449436008930206,0.0072881979867815,2,2,0,0.0335947349667549,0.003805968677625,0.0317668654024601,0.0037622137460857,0,0,1,0,2,2,2,"96/14,96/26,96/3,96/30,96/39","3,14,26,30,39",r52_selected_prediction,0,,,0,1,0,0,0,0.8504333299999995,3,/home/chengting/行人通行預警系統專題/GUI/annotations/96.json,first_last,0,0.8504333299999995,1.0,0,0.8504333299999995,1.0,0,0.0,0.0,1,0,0,0,exclude_low_overlap_boundary_windows_v1,0,,0.3333333333333333,0.6052911,0.75,0.9935038,3.0,151
96,31,train,1,6,31,10.3157,11.16613333,10.3157,11.16613333,5,5,0.038044486194849,0.0051007331348955,0.0273385506123304,0.0036524905357509,0.0,0.0,0.0,0.0,1.0,0.2,0.0,0.0,0,0,0,0,0,0,0,0,0,0.0423480197787284,0.0051007331348955,0,0,0,0.0295548774302005,0.0043035321868956,0.0287719368934631,0.0036328511778265,0,0,0,0,0,0,0,"96/14,96/26,96/3,96/30,96/39","3,14,26,30,39",r52_selected_prediction,0,,,0,1,0,0,0,0.8504333299999995,3,/home/chengting/行人通行預警系統專題/GUI/annotations/96.json,first_last,0,0.8504333299999995,1.0,0,0.8504333299999995,1.0,0,0.0,0.0,1,0,0,0,exclude_low_overlap_boundary_windows_v1,0,,0.3333333333333333,0.5644975,0.625,0.9935038,4.0,152
96,32,train,1,0,32,10.58333333,11.49943333,10.58333333,11.49943333,6,6,0.2492431551218032,0.1664405465126037,0.0636961727092663,0.0306289241028328,0.0,0.0,0.0,0.0,1.0,0.1666666666666666,0.0,0.0,0,0,0,0,0,0,0,0,0,0.4156836867332458,0.1664405465126037,1,0,1,0.0421709455549716,0.004801558330655,0.0262380205094814,0.0039519653655588,0,0,0,0,0,0,0,"96/14,96/26,96/3,96/30,96/39,96/45","3,14,26,30,39,45",r52_selected_prediction,0,,,0,1,0,0,0,0.6499996699999997,3,/home/chengting/行人通行預警系統專題/GUI/annotations/96.json,first_last,0,0.9161,0.7095291671214928,0,0.6499996699999997,0.7095291671214928,0,0.0,0.0,1,0,0,0,exclude_low_overlap_boundary_windows_v1,0,,0.3333333333333333,0.5298228,0.5,0.9935038,5.0,153
96,33,train,1,1,33,10.91663333,11.66643333,10.91663333,11.66643333,4,4,0.1728147715330124,0.0845771729946136,0.0598941636271774,0.023462826211471,0.0,0.0,0.0,0.0,0.0,0.0,0.0,0.0,0,0,0,0,0,0,0,0,0,0.2573919296264648,0.0845771729946136,0,0,0,0.0244996659457683,0.0033112706150859,0.0221304781734943,0.0032707289792597,0,0,0,0,0,0,0,"96/14,96/3,96/39,96/45","3,14,39,45",r52_selected_prediction,0,,,0,1,0,0,0,0.3166996700000002,3,/home/chengting/行人通行預警系統專題/GUI/annotations/96.json,first_last,0,0.7498000000000005,0.4223788610296079,0,0.3166996700000002,0.4223788610296079,0,0.0,0.0,1,0,0,0,exclude_low_overlap_boundary_windows_v1,0,,0.1728147715330124,0.5003494,0.375,0.9935038,6.0,154
115,0,train,1,0,0,0.0,0.6667,0.0,0.6667,3,3,0.1708027869462967,0.1077753975987434,0.1687327772378921,0.1048927257458368,0.0,0.0,0.0,0.0,0.0,0.0,0.0,0.0,0,0,0,0,0,0,0,0,0,0.2785781919956207,0.1077753975987434,0,0,0,0.1708027869462967,0.1077753975987434,0.164592757821083,0.0991273820400238,0,0,0,0,0,0,0,"115/1,115/2,115/3","1,2,3",r52_selected_prediction,0,,,0,1,0,0,0,0.6667,0,/home/chengting/行人通行預警系統專題/GUI/annotations/115.json,first_last,1,0.6667,1.0,0,0.6667,1.0,0,0.0,0.0,1,0,0,0,exclude_low_overlap_boundary_windows_v1,0,,0.1708027869462967,0.0,0.0,0.0,999.0,155
115,1,train,1,1,1,0.3333,1.0,0.3333,1.0,3,3,0.1020489782094955,0.0359826646745204,0.1000003044803937,0.0354724451899527,0.0,0.0,0.0,0.0,0.0,0.0,0.0,0.0,0,0,0,0,0,0,0,0,0,0.1380316466093063,0.0359826646745204,0,0,0,0.1020489782094955,0.0359826646745204,0.0959029570221901,0.0344520062208175,0,0,0,0,0,0,0,"115/1,115/2,115/3","1,2,3",r52_selected_prediction,0,,,0,1,0,0,0,0.6667000000000001,0,/home/chengting/行人通行預警系統專題/GUI/annotations/115.json,first_last,0,0.6667000000000001,1.0,0,0.6667000000000001,1.0,0,0.0,0.0,1,0,0,0,exclude_low_overlap_boundary_windows_v1,0,,0.1020489782094955,0.025620418,0.0,0.17080279,999.0,156
115,2,train,1,2,2,0.6666,1.3333,0.6666,1.3333,3,3,0.0701854154467582,0.0132998023182153,0.0690640732645988,0.0132285992925365,0.0,0.0,0.0,0.0,0.0,0.0,0.0,0.0,0,0,0,0,0,0,0,0,0,0.0834852159023284,0.0132998023182153,0,0,0,0.0701854154467582,0.0132998023182153,0.06682138890028,0.0130861932411789,0,0,0,0,0,0,0,"115/1,115/2,115/3","1,2,3",r52_selected_prediction,0,,,0,1,0,0,0,0.6667,0,/home/chengting/行人通行預警系統專題/GUI/annotations/115.json,first_last,0,0.6667,1.0,0,0.6667,1.0,0,0.0,0.0,1,0,0,0,exclude_low_overlap_boundary_windows_v1,0,,0.0701854154467582,0.037084702,0.0,0.17080279,999.0,157
115,3,train,1,3,3,0.9999,1.6666,0.9999,1.6666,3,3,0.0512931570410728,0.0055968589149415,0.0507574292520681,0.0055957747002442,0.0,0.0,0.0,0.0,0.0,0.0,0.0,0.0,0,0,0,0,0,0,0,0,0,0.0568900145590305,0.0055968589149415,0,0,0,0.0512931570410728,0.0055968589149415,0.0496859736740589,0.0055936062708497,0,0,0,0,0,0,0,"115/1,115/2,115/3","1,2,3",r52_selected_prediction,0,,,0,1,0,0,0,0.6667000000000001,0,/home/chengting/行人通行預警系統專題/GUI/annotations/115.json,first_last,0,0.6667000000000001,1.0,0,0.6667000000000001,1.0,0,0.0,0.0,1,0,0,0,exclude_low_overlap_boundary_windows_v1,0,,0.0512931570410728,0.04204981,0.0,0.17080279,999.0,158
115,4,train,1,4,4,1.3332,1.9999,1.3332,1.9999,3,3,0.0392543263733387,0.002800578251481,0.0390154086053371,0.0027875170732537,0.0,0.0,0.0,0.0,0.0,0.0,0.0,0.0,0,0,0,0,0,0,0,0,0,0.0420353114604949,0.002800578251481,0,0,0,0.0392543263733387,0.0027809864841401,0.038537573069334,0.0027809864841401,0,0,0,0,0,0,0,"115/1,115/2,115/3","1,2,3",r52_selected_prediction,0,,,0,1,0,0,0,0.6667000000000001,0,/home/chengting/行人通行預警系統專題/GUI/annotations/115.json,first_last,0,0.6667000000000001,1.0,0,0.6667000000000001,1.0,0,0.0,0.0,1,0,0,0,exclude_low_overlap_boundary_windows_v1,0,,0.0392543263733387,0.04343631,0.0,0.17080279,999.0,159
115,5,train,1,5,5,1.6665,2.3332,1.6665,2.3332,3,3,0.0574333630502224,0.0024268627166748,0.0402224473655223,0.0019187724295382,0.0,0.0,0.0,0.0,1.0,0.3333333333333333,0.0,0.0,0,0,0,0,0,0,0,0,0,0.0598602257668972,0.0024268627166748,0,0,0,0.0317682176828384,0.0016730629140511,0.0314657613635063,0.0016563916578888,0,0,0,0,0,0,0,"115/1,115/2,115/3","1,2,3",r52_selected_prediction,0,,,0,1,0,0,0,0.6667000000000001,0,/home/chengting/行人通行預警系統專題/GUI/annotations/115.json,first_last,0,0.6667000000000001,1.0,0,0.6667000000000001,1.0,0,0.0,0.0,1,0,0,0,exclude_low_overlap_boundary_windows_v1,0,,0.3333333333333333,0.042809013,0.0,0.17080279,999.0,160
115,6,train,1,6,6,1.9998,2.6665,1.9998,2.6665,3,3,0.0708526968955993,0.0022213340271264,0.0417746466894944,0.0015171411214396,0.0,0.0,0.0,0.0,1.0,0.3333333333333333,0.0,0.0,0,0,0,0,0,0,0,0,0,0.0730740278959274,0.0022213340271264,0,0,0,0.0272931680083274,0.0011712415143847,0.0271780751645565,0.0011588478228077,0,0,0,0,0,0,0,"115/1,115/2,115/3","1,2,3",r52_selected_prediction,0,,,0,1,0,0,0,0.6667000000000001,0,/home/chengting/行人通行預警系統專題/GUI/annotations/115.json,first_last,0,0.6667000000000001,1.0,0,0.6667000000000001,1.0,0,0.0,0.0,1,0,0,0,exclude_low_overlap_boundary_windows_v1,0,,0.3333333333333333,0.086387664,0.0,0.33333334,999.0,161
115,7,train,1,7,7,2.3331,2.9998,2.3331,2.9998,3,3,0.0452511049807071,0.0014699950115755,0.0309640492002168,0.0010795862375137,0.0,0.0,0.0,0.0,0.0,0.0,0.0,0.0,0,0,0,0,0,0,0,0,0,0.0467211008071899,0.0014699950115755,0,0,0,0.0247164480388164,0.0009170970297418,0.0229245945811271,0.0008516666712239,0,0,0,0,0,0,0,"115/1,115/2,115/3","1,2,3",r52_selected_prediction,0,,,0,1,0,0,0,0.6667000000000001,0,/home/chengting/行人通行預警系統專題/GUI/annotations/115.json,first_last,0,0.6667000000000001,1.0,0,0.6667000000000001,1.0,0,0.0,0.0,1,0,0,0,exclude_low_overlap_boundary_windows_v1,0,,0.0452511049807071,0.123429514,0.0,0.33333334,999.0,162
115,8,train,1,8,8,2.6664,3.3331,2.6664,3.3331,3,3,0.0335752703249454,0.0010798750445246,0.0263370672861734,0.0008781425810108,0.0,0.0,0.0,0.0,0.0,0.0,0.0,0.0,0,0,0,0,0,0,0,0,0,0.0346551463007926,0.0010798750445246,0,0,0,0.023300489410758,0.0007910156273283,0.022135442122817,0.0007635370711795,0,0,0,0,0,0,0,"115/1,115/2,115/3","1,2,3",r52_selected_prediction,0,,,0,1,0,0,0,0.6667000000000001,0,/home/chengting/行人通行預警系統專題/GUI/annotations/115.json,first_last,0,0.6667000000000001,1.0,0,0.6667000000000001,1.0,0,0.0,0.0,1,0,0,0,exclude_low_overlap_boundary_windows_v1,0,,0.0335752703249454,0.11170275,0.0,0.33333334,999.0,163
115,9,train,1,0,9,2.9997,3.700033333,2.9997,3.700033333,4,4,0.3693259358406067,0.2212389558553695,0.110522667877376,0.0558901204494759,0.0,0.0,0.0,0.0,1.0,0.25,0.0,0.0,0,0,0,0,0,0,1,0,0,0.5905649065971375,0.2212389558553695,1,0,1,0.0281322188675403,0.0008831337327137,0.0225850716233253,0.0007223287830129,0,0,0,0,0,2,0,"115/1,115/2,115/3,115/4","1,2,3,4",r52_selected_prediction,0,,,0,1,0,0,0,0.7003333330000001,0,/home/chengting/行人通行預警系統專題/GUI/annotations/115.json,first_last,0,0.7003333330000001,1.0,0,0.7003333330000001,1.0,0,0.0,0.0,1,0,0,0,exclude_low_overlap_boundary_windows_v1,0,,0.3693259358406067,0.09998363,0.0,0.33333334,999.0,164
115,10,train,1,1,10,3.333,4.033333333,3.333,4.033333333,4,4,0.3936100602149963,0.1551535427570343,0.1158530670218169,0.0393258037365739,0.0,0.0,0.0,0.0,1.0,0.25,0.0,0.0,1,2,1,0,0,0,1,0,1,0.548763632774353,0.1551535427570343,1,0,1,0.0254640318453311,0.0007793246768414,0.0222887098789215,0.0006860204739496,1,0,0,0,0,2,2,"115/1,115/2,115/3,115/4","1,2,3,4",r52_selected_prediction,0,,,0,1,0,0,0,0.7003333329999997,0,/home/chengting/行人通行預警系統專題/GUI/annotations/115.json,first_last,0,0.7003333329999997,1.0,0,0.7003333329999997,1.0,0,0.0,0.0,1,0,0,0,exclude_low_overlap_boundary_windows_v1,0,,0.3936100602149963,0.14038497,0.0,0.36932594,999.0,165
115,11,train,1,2,11,3.6663,4.366633333,3.6663,4.366633333,4,4,0.3916132152080536,0.1046344861388206,0.1150340260937809,0.0266722622181986,0.0,0.0,0.0,0.0,1.0,0.25,0.0,0.0,1,2,1,0,0,0,1,0,1,0.4962477087974548,0.1046344861388206,1,0,1,0.0241385735571384,0.0007226357702165,0.0222408007830381,0.0006682137027382,1,0,0,0,0,2,2,"115/1,115/2,115/3,115/4","1,2,3,4",r52_selected_prediction,0,,,0,1,0,0,0,0.7003333330000001,0,/home/chengting/行人通行預警系統專題/GUI/annotations/115.json,first_last,0,0.7003333330000001,1.0,0,0.7003333330000001,1.0,0,0.0,0.0,1,0,0,0,exclude_low_overlap_boundary_windows_v1,0,,0.3916132152080536,0.17836873,0.0,0.39361006,999.0,166
115,12,train,1,3,12,3.9996,4.699933333,3.9996,4.699933333,4,4,0.7037841081619263,0.1098390817642211,0.1929860822856426,0.0279606709227663,0.0,0.0,0.5952816454926392,0.1488204113731598,2.0,0.5,0.3696888581985613,0.0924222145496403,1,2,1,0,1,0,1,0,1,0.8136231899261475,0.1098390817642211,1,1,1,0.0235105529427528,0.0006914644618518,0.0223375651985406,0.0006587535026483,1,0,1,0,2,2,2,"115/1,115/2,115/3,115/4","1,2,3,4",r52_selected_prediction,0,,,0,1,0,0,0,0.7003333329999997,0,/home/chengting/行人通行預警系統專題/GUI/annotations/115.json,first_last,0,0.7003333329999997,1.0,0,0.7003333329999997,1.0,0,0.0,0.0,1,0,0,0,exclude_low_overlap_boundary_windows_v1,0,,0.7037841081619263,0.21035542,0.0,0.39361006,999.0,167
115,13,train,1,4,13,4.3329,5.033233333,4.3329,5.033233333,4,4,0.7867441773414612,0.1455481350421905,0.2178935064002871,0.0369412042055045,0.0,0.0,0.8658606754266216,0.2164651688566554,2.0,0.75,0.6607862557771561,0.165196563944289,1,2,1,0,1,0,1,0,1,0.932292342185974,0.1455481350421905,1,1,1,0.0397864691913127,0.0009125632932409,0.0225276593118906,0.0006547846132889,1,0,1,0,2,2,2,"115/1,115/2,115/3,115/4","1,2,3,4",r52_selected_prediction,0,,,0,1,0,0,0,0.7003333329999997,0,/home/chengting/行人通行預警系統專題/GUI/annotations/115.json,first_last,0,0.7003333329999997,1.0,0,0.7003333329999997,1.0,0,0.0,0.0,1,0,0,0,exclude_low_overlap_boundary_windows_v1,0,,0.8658606754266216,0.2843697,0.125,0.7037841,1.0,168
115,14,train,1,5,14,4.6662,5.366533333,4.6662,5.366533333,4,4,0.7330325841903687,0.2322370707988739,0.2078977823257445,0.0586591226601739,0.0,0.0,0.8919927690289872,0.2229981922572468,2.0,0.75,0.880818075095765,0.2202045187739412,1,2,1,0,1,0,1,0,1,0.9652696847915648,0.2322370707988739,1,1,1,0.0530541613698005,0.0010958331404253,0.0227676331996917,0.0006543884519487,1,0,1,0,2,2,2,"115/1,115/2,115/3,115/4","1,2,3,4",r52_selected_prediction,0,,,0,1,2,1,1,0.3332003329999997,1,/home/chengting/行人通行預警系統專題/GUI/annotations/115.json,first_last,0,0.7003333329999997,0.4757739169327813,0,0.3671329999999999,0.5242260830672186,2,0.3332003329999997,0.4757739169327813,1,2,1,1,exclude_low_overlap_boundary_windows_v1,0,,0.8919927690289872,0.37159336,0.25,0.8658607,1.0,169
115,15,train,1,6,15,4.9995,5.699833333,4.9995,5.699833333,4,4,0.6822701096534729,0.2952050566673279,0.1978526916354894,0.0744402821146649,0.0,0.0,0.9934570378770148,0.2483642594692537,2.0,0.75,0.880818075095765,0.2202045187739412,1,2,1,0,1,0,1,0,1,0.9774751663208008,0.2952050566673279,1,1,1,0.0631473511457443,0.0012482530437409,0.0230164937674999,0.0006563047645613,1,0,1,0,2,2,2,"115/1,115/2,115/3,115/4","1,2,3,4",r52_selected_prediction,0,,,0,1,2,1,1,0.6665003330000001,1,/home/chengting/行人通行預警系統專題/GUI/annotations/115.json,first_last,0,0.7003333329999997,0.9516901475257932,2,0.6665003330000001,0.9516901475257932,2,0.6665003330000001,0.9516901475257932,1,2,1,1,exclude_low_overlap_boundary_windows_v1,0,,0.9934570378770148,0.44965327,0.375,0.89199275,1.0,170
115,16,train,1,7,16,5.3328,6.033133333,5.3328,6.033133333,4,4,0.5714322924613953,0.4156133830547333,0.1721907667815685,0.104576378580532,0.0,0.0,0.996329342612936,0.249082335653234,2.0,0.75,0.880818075095765,0.2202045187739412,1,2,1,0,1,0,1,0,1,0.9870456457138062,0.4156133830547333,1,1,1,0.070844866335392,0.0013770620571449,0.0232643000781536,0.0006597060128115,1,0,1,0,2,2,2,"115/1,115/2,115/3,115/4","1,2,3,4",r52_selected_prediction,0,,,0,1,2,1,1,0.7003333330000006,1,/home/chengting/行人通行預警系統專題/GUI/annotations/115.json,first_last,1,0.7003333330000006,1.0,2,0.7003333330000006,1.0,2,0.7003333330000006,1.0,1,2,1,1,exclude_low_overlap_boundary_windows_v1,0,,0.996329342612936,0.53122383,0.5,0.993457,1.0,171
115,17,train,1,8,17,5.6661,6.366433333,5.6661,6.366433333,4,4,0.4367191791534424,0.5539048314094543,0.1401207712478935,0.139179030273226,0.0,0.0,0.6318058387085616,0.1579514596771404,2.0,0.75,0.880818075095765,0.2202045187739412,2,3,0,1,1,0,1,1,2,0.9906240105628968,0.5539048314094543,1,1,1,0.0767965167760849,0.001487105153501,0.0235049743205308,0.000664040679112,0,1,1,0,2,3,3,"115/1,115/2,115/3,115/4","1,2,3,4",r52_selected_prediction,0,,,0,1,2,1,1,0.7003333329999997,1,/home/chengting/行人通行預警系統專題/GUI/annotations/115.json,first_last,0,0.7003333329999997,1.0,2,0.7003333329999997,1.0,2,0.7003333329999997,1.0,1,2,1,1,exclude_low_overlap_boundary_windows_v1,0,,0.880818075095765,0.60098964,0.625,0.99632937,1.0,172
115,18,train,1,9,18,5.9994,6.699733333,5.9994,6.699733333,4,4,0.3484216928482055,0.6445617079734802,0.1193292094394564,0.1618694757926277,0.0,0.0,0.6318059248455763,0.157951481211394,2.0,0.75,0.880818075095765,0.2202045187739412,2,3,0,1,1,0,1,1,2,0.9929834008216858,0.6445617079734802,1,1,1,0.081466220319271,0.0015818136744201,0.0237347763031721,0.0006689283763989,0,1,1,0,2,3,3,"115/1,115/2,115/3,115/4","1,2,3,4",r52_selected_prediction,0,,,0,0,-1,-1,-1,0.0997333330000005,2,/home/chengting/行人通行預警系統專題/GUI/annotations/115.json,first_last,0,0.7003333330000006,0.1424083765551688,2,0.6006,0.8575916234448312,3,0.7003333330000006,0.8575916234448312,1,3,2,1,exclude_low_overlap_boundary_windows_v1,1,positive_overlap_ratio_below_hard_min,0.880818075095765,0.64296395,0.75,0.99632937,1.0,173
115,19,train,1,10,19,6.3327,7.033033333,6.3327,7.033033333,4,4,0.2046000361442566,0.7935183048248291,0.0844116923399269,0.1991317918000276,0.5119986904686773,0.1279996726171693,0.6318059248455763,0.157951481211394,3.0,1.0,0.8856638686494042,0.221415967162351,2,3,0,1,1,0,1,1,2,0.9981183409690856,0.7935183048248291,1,1,1,0.0851813107728958,0.0016637375811114,0.0239516366273164,0.0006741052493453,0,1,1,0,2,3,3,"115/1,115/2,115/3,115/4","1,2,3,4",r52_selected_prediction,0,,,0,1,3,2,1,0.433033333,2,/home/chengting/行人通行預警系統專題/GUI/annotations/115.json,first_last,0,0.7003333329999997,0.6183246071481796,3,0.433033333,0.6183246071481796,3,0.7003333329999997,0.6183246071481796,1,3,2,1,exclude_low_overlap_boundary_windows_v1,0,,1.0,0.67864203,0.875,0.99632937,1.0,174
115,20,train,1,11,20,6.666,7.366333333,6.666,7.366333333,4,4,0.1949747800827026,0.8039952516555786,0.0828562378883361,0.2017715503316139,0.4282670461716137,0.1070667615429034,0.6318059248455763,0.157951481211394,3.0,1.0,0.9381064955467824,0.2345266238866956,2,3,0,1,1,1,1,1,2,0.9989700317382812,0.8039952516555786,1,1,1,0.0881756693124771,0.001734901452437,0.0241546109318733,0.0006793917855247,0,1,1,1,3,3,3,"115/1,115/2,115/3,115/4","1,2,3,4",r52_selected_prediction,0,,,0,1,3,2,1,0.7003333329999997,2,/home/chengting/行人通行預警系統專題/GUI/annotations/115.json,first_last,1,0.7003333329999997,1.0,3,0.7003333329999997,1.0,3,0.7003333329999997,1.0,1,3,2,1,exclude_low_overlap_boundary_windows_v1,0,,1.0,0.72684574,1.0,1.0,1.0,175
115,21,train,1,12,21,6.9993,7.699633333,6.9993,7.699633333,4,4,0.090619146823883,0.9275055527687072,0.0528010730631649,0.2326673479401506,0.4156872077212212,0.1039218019303053,0.6318059248455763,0.157951481211394,3.0,1.0,0.880818075095765,0.2202045187739412,2,3,0,1,1,1,1,1,2,0.999435544013977,0.9275055527687072,1,1,1,0.0719299688935279,0.0017969455802813,0.0243433620780706,0.0006846578908152,0,1,1,1,3,3,3,"115/1,115/2,115/3,115/4","1,2,3,4",r52_selected_prediction,0,,,0,1,3,2,1,0.7003333330000006,2,/home/chengting/行人通行預警系統專題/GUI/annotations/115.json,first_last,0,0.7003333330000006,1.0,3,0.7003333330000006,1.0,3,0.7003333330000006,1.0,1,3,2,1,exclude_low_overlap_boundary_windows_v1,0,,1.0,0.76781887,1.0,1.0,1.0,176
115,22,train,1,13,22,7.3326,8.032933333,7.3326,8.032933333,4,4,0.0926362201571464,0.9462972283363342,0.048735009972006,0.2373814865131862,0.4953976586711411,0.1238494146677852,0.6318058387085616,0.1579514596771404,3.0,1.0,0.880818075095765,0.2202045187739412,2,3,0,1,1,1,1,1,2,0.9995933771133424,0.9462972283363342,1,1,1,0.0532961562275886,0.0018512351671233,0.0245180819183588,0.0006898142746649,0,1,1,1,3,3,3,"115/1,115/2,115/3,115/4","1,2,3,4",r52_selected_prediction,0,,,0,1,3,2,1,0.7003333330000006,2,/home/chengting/行人通行預警系統專題/GUI/annotations/115.json,first_last,0,0.7003333330000006,1.0,3,0.7003333330000006,1.0,3,0.7003333330000006,1.0,1,3,2,1,exclude_low_overlap_boundary_windows_v1,0,,1.0,0.80264604,1.0,1.0,1.0,177
115,23,train,1,14,23,7.6659,8.366233333,7.6659,8.366233333,4,4,0.0943193286657333,0.9498691558837892,0.0483595239929854,0.2382889394211815,0.5069653283102991,0.1267413320775747,0.6318058099962208,0.1579514524990552,3.0,1.0,0.8808180750957652,0.2202045187739413,2,3,0,1,1,1,1,1,2,0.9996552467346193,0.9498691558837892,1,1,1,0.0497861020267009,0.0018989060772582,0.0246791634708642,0.0006947985384613,0,1,1,1,3,3,3,"115/1,115/2,115/3,115/4","1,2,3,4",r52_selected_prediction,0,,,0,1,3,2,1,0.5340999999999996,2,/home/chengting/行人通行預警系統專題/GUI/annotations/115.json,first_last,0,0.7003333330000006,0.7626368399631768,3,0.5340999999999996,0.7626368399631768,3,0.5340999999999996,0.7626368399631768,1,3,2,1,exclude_low_overlap_boundary_windows_v1,0,,1.0,0.83224916,1.0,1.0,1.0,178
115,24,train,1,15,24,7.9992,8.699533333,7.9992,8.699533333,4,4,0.0957381576299667,0.9550625085830688,0.047125520184636,0.2395877163944532,0.2232003706857373,0.0558000926714343,0.6318059248455763,0.157951481211394,2.0,0.75,0.8808180750957652,0.2202045187739413,2,3,0,1,1,1,1,1,2,0.9996517896652222,0.9550625085830688,1,1,1,0.0445892661809921,0.0019409138476476,0.0248041450977325,0.0006978814490139,0,1,1,1,3,3,3,"115/1,115/2,115/3,115/4","1,2,3,4",r52_selected_prediction,0,,,0,0,-1,-1,-1,0.2007999999999992,2,/home/chengting/行人通行預警系統專題/GUI/annotations/115.json,first_last,0,0.7003333329999997,0.2867206093701658,0,0.4995333330000004,0.7132793906298341,3,0.2007999999999992,0.2867206093701658,1,3,2,1,exclude_low_overlap_boundary_windows_v1,1,positive_overlap_ratio_below_hard_min,0.9550625085830688,0.85741174,1.0,1.0,1.0,179
115,25,train,1,25,25,8.3325,8.9992,8.3325,8.9992,3,3,0.0969450995326042,0.0019780555739998,0.0481590249886115,0.0011039253440685,0.0,0.0,0.0,0.0,1.0,0.3333333333333333,0.0,0.0,0,0,0,0,0,0,0,0,0,0.0989231541752815,0.0019780555739998,0,0,0,0.0249421596527099,0.0007026009261608,0.0225898157805204,0.0006311195320449,0,0,0,0,0,0,0,"115/1,115/2,115/3","1,2,3",r52_selected_prediction,0,,,0,1,0,0,0,0.6667000000000005,3,/home/chengting/行人通行預警系統專題/GUI/annotations/115.json,first_last,1,0.6667000000000005,1.0,0,0.6667000000000005,1.0,0,0.0,0.0,1,0,0,0,exclude_low_overlap_boundary_windows_v1,0,,0.3333333333333333,0.8720594,1.0,1.0,1.0,180
115,26,train,1,26,26,8.6658,9.3325,8.6658,9.3325,3,3,0.0979803949594497,0.0020110027398914,0.0484428064276774,0.0011149741670426,0.0,0.0,0.0,0.0,1.0,0.3333333333333333,0.0,0.0,0,0,0,0,0,0,0,0,0,0.0999913960695266,0.0020110027398914,0,0,0,0.025068337097764,0.0007070395513437,0.0222796872258186,0.0006268802098929,0,0,0,0,0,0,0,"115/1,115/2,115/3","1,2,3",r52_selected_prediction,0,,,0,1,0,0,0,0.6666999999999987,3,/home/chengting/行人通行預警系統專題/GUI/annotations/115.json,first_last,0,0.6666999999999987,1.0,0,0.6666999999999987,1.0,0,0.0,0.0,1,0,0,0,exclude_low_overlap_boundary_windows_v1,0,,0.3333333333333333,0.79125047,0.875,1.0,2.0,181
115,27,train,1,27,27,8.9991,9.6658,8.9991,9.6658,3,3,0.0988752096891403,0.0020403172820806,0.0491741063694158,0.0011415104963816,0.0,0.0,0.0,0.0,1.0,0.3333333333333333,0.0,0.0,0,0,0,0,0,0,0,0,0,0.1009155288338661,0.0020403172820806,0,0,0,0.0251834820955991,0.0007111952872946,0.0234636273235082,0.0006730189197696,0,0,0,0,0,0,0,"115/1,115/2,115/3","1,2,3",r52_selected_prediction,0,,,0,1,0,0,0,0.6667000000000005,3,/home/chengting/行人通行預警系統專題/GUI/annotations/115.json,first_last,0,0.6667000000000005,1.0,0,0.6667000000000005,1.0,0,0.0,0.0,1,0,0,0,exclude_low_overlap_boundary_windows_v1,0,,0.3333333333333333,0.7225629,0.75,1.0,3.0,182
115,28,train,1,28,28,9.3324,9.9991,9.3324,9.9991,3,3,0.0996536463499069,0.0020664730109274,0.0497793909162282,0.0011609214319226,0.0,0.0,0.0,0.0,1.0,0.3333333333333333,0.0,0.0,0,0,0,0,1,0,1,0,0,0.1017201170325279,0.0020664730109274,1,1,0,0.0252883099019527,0.0007150694145821,0.0243962164968252,0.0007012218702584,0,0,1,0,2,2,2,"115/1,115/2,115/3","1,2,3",r52_selected_prediction,0,,,0,1,0,0,0,0.6667000000000005,3,/home/chengting/行人通行預警系統專題/GUI/annotations/115.json,first_last,0,0.6667000000000005,1.0,0,0.6667000000000005,1.0,0,0.0,0.0,1,0,0,0,exclude_low_overlap_boundary_windows_v1,0,,0.3333333333333333,0.6641785,0.625,1.0,4.0,183
115,29,train,1,29,29,9.6657,10.3324,9.6657,10.3324,3,3,0.100334919989109,0.0020898631773889,0.0502123733361561,0.00117484088211,0.0,0.0,0.0,0.0,1.0,0.3333333333333333,0.0,0.0,0,0,0,0,1,0,1,0,0,0.1024247854948043,0.0020898631773889,1,1,0,0.0253835786134004,0.0007186651346273,0.0249186214059591,0.000715994334314,0,0,1,0,2,2,2,"115/1,115/2,115/3","1,2,3",r52_selected_prediction,0,,,0,1,0,0,0,0.6667000000000005,3,/home/chengting/行人通行預警系統專題/GUI/annotations/115.json,first_last,0,0.6667000000000005,1.0,0,0.6667000000000005,1.0,0,0.0,0.0,1,0,0,0,exclude_low_overlap_boundary_windows_v1,0,,0.3333333333333333,0.6145517,0.5,1.0,5.0,184
115,30,train,1,30,30,9.999,10.6657,9.999,10.6657,3,3,0.1009339988231659,0.0021108279470354,0.0505460041264692,0.0011857943221305,0.0,0.0,0.0,0.0,1.0,0.3333333333333333,0.0,0.0,0,0,0,0,0,0,0,0,0,0.1030448302626609,0.0021108279470354,0,0,0,0.0254701264202594,0.0007245586602948,0.0252338871359825,0.0007219963590614,0,0,0,0,0,0,0,"115/1,115/2,115/3","1,2,3",r52_selected_prediction,0,,,0,1,0,0,0,0.3343329999999991,3,/home/chengting/行人通行預警系統專題/GUI/annotations/115.json,first_last,0,0.6666999999999987,0.5014744262786857,0,0.3343329999999991,0.5014744262786857,0,0.0,0.0,1,0,0,0,exclude_low_overlap_boundary_windows_v1,0,,0.3333333333333333,0.5723689,0.375,1.0,6.0,185
