scene_row_id,token_slot,case_key,video_id,track_id,scene_window_idx,ts_window_idx,start_sec,end_sec,round_scene_window_idx,alignment_mode,token_must_keep,prob_class1,prob_class2,s33_prefix_state_confirmed,s33_confirmed_ema_margin,s33_current_local_semantic_support,r32_overspeed_midband_strength,r32_overspeed_ge2_duration_strength,r32_overspeed_reliable_signal,r32_overspeed_rescue_signal,overspeed_event_score,redlight_event_score,active_family_count,cooccurrence_strength,elapsed_track_progress,token_single_vehicle_floor_schemaC,token_single_vehicle_floor_risk,token_strict_policy_floor_risk,token_support_floor_risk,token_final_single_vehicle_floor_schemaC,token_final_single_vehicle_floor_risk,token_final_strict_policy_floor_risk,token_final_support_floor_risk,token_active_single_vehicle_floor_schemaC,token_active_single_vehicle_floor_risk,token_active_floor_reason,prob_class0,high_risk_prob,critical_prob,pred_schemaC_window,single_vehicle_window_final_schemaC,single_vehicle_cumulative_final_schemaC,pred_schemaC,pred_risk2_flag,pred_risk3_flag,r46_risk2_policy,r46_risk3_policy,r46_policy_severity_score,prediction_available,track_support_flag,rule_support_flag,prob_support_flag,strong_risk3_support_flag,medium_risk2_support_flag,token_selection_score
0,0,14/5,14,5,0,0,0.0666666667,0.7333666667,0,round_start,0,0.288432627916336,0.173069417476654,0.0,-0.0,0.0,0.0,0.0373268873441294,0.0,0.0,0.0,0.0,1.0,0.0,0.1051656545013588,0,0,0,0,0,0,0,0,0,0,kept_final_floor,0.5384979248046875,0.4615020453929901,0.173069417476654,0,0,0,0,0,0,0.0,0.0,0.0,1,1,0,1,0,0,1.2634016603231428
0,1,14/2,14,2,0,0,0.0,0.6667,0,round_start,0,0.2740477323532104,0.1511450856924057,0.0,-0.0,0.0,0.0,0.0373268873441294,0.9781551980511995,0.0,0.0,0.0,1.0,0.0,0.1051656545013588,0,0,0,0,0,0,0,0,0,0,kept_final_floor,0.5748071670532227,0.4251928329467773,0.1511450856924057,0,0,0,0,0,0,0.0,0.0,0.0,1,1,0,1,0,0,1.1935907870531082
0,2,14/3,14,3,0,0,0.0,0.6667,0,round_start,0,0.192328929901123,0.1202066838741302,0.0,-0.0,0.0,0.0,0.0373268873441294,0.0,0.0,0.0,0.0,0.0,0.0,0.1051656545013588,0,0,0,0,0,0,0,0,0,0,kept_final_floor,0.6874643564224243,0.3125356137752533,0.1202066838741302,0,0,0,0,0,0,0.0,0.0,0.0,1,0,0,0,0,0,0.5529480993747709
0,3,14/1,14,1,0,0,0.0,0.6667,0,round_start,0,0.184618666768074,0.1080743223428726,0.0,-0.0,0.0,0.0,0.0373268873441294,0.7263841737021903,0.0,0.0,0.0,0.0,0.0,0.1051656545013588,0,0,0,0,0,0,0,0,0,0,kept_final_floor,0.7073069214820862,0.2926929891109466,0.1080743223428726,0,0,0,0,0,0,0.0,0.0,0.0,1,0,0,0,0,0,0.5146915093064308
1,0,14/2,14,2,1,1,0.3333,1.0,1,round_start,0,0.2576791644096374,0.088530533015728,0.0,-0.0,0.0,0.0,0.0373268873441294,0.7449096665547179,0.0,0.0,0.0,1.0,0.0,0.1992714941160185,0,0,0,0,0,0,0,0,0,0,kept_final_floor,0.653790295124054,0.346209704875946,0.088530533015728,0,0,0,0,0,0,0.0,0.0,0.0,1,0,0,0,0,0,1.0312859192490578
1,1,14/5,14,5,1,1,0.3999666667,1.066666667,1,round_start,0,0.1910739988088607,0.0754425227642059,0.0,-0.0,0.0,0.0,0.0373268873441294,0.0,0.0,0.0,0.0,0.0,0.0,0.199271494156055,0,0,0,0,0,0,0,0,0,0,kept_final_floor,0.7334834933280945,0.2665165066719055,0.0754425227642059,0,0,0,0,0,0,0.0,0.0,0.0,1,0,0,0,0,0,0.4525845482945441
1,2,14/3,14,3,1,1,0.3333,1.0,1,round_start,0,0.1087186485528945,0.0381322018802166,0.0,-0.0,0.0,0.0,0.0373268873441294,0.744074947329981,0.0,0.0,0.0,0.0,0.0,0.1992714941160185,0,0,0,0,0,0,0,0,0,0,kept_final_floor,0.8531491756439209,0.1468508541584015,0.0381322018802166,0,0,0,0,0,0,0.0,0.0,0.0,1,0,0,0,0,0,0.2469688169658182
1,3,14/1,14,1,1,1,0.3333,1.0,1,round_start,0,0.1009461358189582,0.034861572086811,0.0,-0.0,0.0,0.0,0.0373268873441294,0.7441805133773857,0.0,0.0,0.0,0.0,0.0,0.1992714941160185,0,0,0,0,0,0,0,0,0,0,kept_final_floor,0.8641922473907471,0.1358077079057693,0.034861572086811,0,0,0,0,0,0,0.0,0.0,0.0,1,0,0,0,0,0,0.2281146623194215
2,0,14/2,14,2,2,2,0.6666,1.3333,2,round_start,0,0.2563211619853973,0.056457296013832,0.0,-0.0,0.0,0.0,0.0373268873441294,0.7401187245304304,0.0,0.0,0.0,1.0,0.0,0.2834806315152026,0,0,0,0,0,0,0,0,0,0,kept_final_floor,0.6872215270996094,0.3127784729003906,0.056457296013832,0,0,0,0,0,0,0.0,0.0,0.0,1,0,0,0,0,0,0.9586877942085263
2,1,14/5,14,5,2,2,0.7332666667,1.399966667,2,round_start,0,0.1256341487169265,0.0304112210869789,0.0,-0.0,0.0,0.0,0.0373268873441294,0.0,0.0,0.0,0.0,0.0,0.0,0.2834806315868545,0,0,0,0,0,0,0,0,0,0,kept_final_floor,0.8439545631408691,0.156045377254486,0.0304112210869789,0,0,0,0,0,0,0.0,0.0,0.0,1,0,0,0,0,0,0.2553559094667433
2,2,14/3,14,3,2,2,0.6666,1.3333,2,round_start,0,0.0713498666882515,0.01462640799582,0.0,-0.0,0.0,0.0,0.0373268873441294,0.0,0.0,0.0,0.0,0.0,0.0,0.2834806315152026,0,0,0,0,0,0,0,0,0,0,kept_final_floor,0.9140236973762512,0.0859762728214263,0.01462640799582,0,0,0,0,0,0,0.0,0.0,0.0,1,0,0,0,0,0,0.1392028976231812
2,3,14/1,14,1,2,2,0.6666,1.3333,2,round_start,0,0.0600040517747402,0.0118393180891871,0.0,-0.0,0.0,0.0,0.0373268873441294,0.7442124634740594,0.0,0.0,0.0,0.0,0.0,0.2834806315152026,0,0,0,0,0,0,0,0,0,0,kept_final_floor,0.9281566143035888,0.0718433707952499,0.0118393180891871,0,0,0,0,0,0,0.0,0.0,0.0,1,0,0,0,0,0,0.1160525774583219
3,0,14/2,14,2,3,3,0.9999,1.6666,3,round_start,0,0.2529575526714325,0.0378150269389152,0.0,-0.0,0.0,0.0,0.0373268873441294,0.7401187245304304,0.0,0.0,0.0,1.0,0.0,0.3588338598648067,0,0,0,0,0,0,0,0,0,0,kept_final_floor,0.709227442741394,0.2907725870609283,0.0378150269389152,0,0,0,0,0,0,0.0,0.0,0.0,1,0,0,0,0,0,0.9126293882727622
3,1,14/5,14,5,3,3,1.066566667,1.733266667,3,round_start,0,0.0833419412374496,0.0123053668066859,0.0,-0.0,0.0,0.0,0.0373268873441294,0.0,0.0,0.0,0.0,0.0,0.0,0.3588338599289233,0,0,0,0,0,0,0,0,0,0,kept_final_floor,0.9043527841567992,0.0956473052501678,0.0123053668066859,0,0,0,0,0,0,0.0,0.0,0.0,1,0,0,0,0,0,0.1520847188308834
3,2,14/3,14,3,3,3,0.9999,1.6666,3,round_start,0,0.0511794537305831,0.0062556299380958,0.0,-0.0,0.0,0.0,0.0373268873441294,0.0,0.0,0.0,0.0,0.0,0.0,0.3588338598648067,0,0,0,0,0,0,0,0,0,0,kept_final_floor,0.9425649046897888,0.0574350841343402,0.0062556299380958,0,0,0,0,0,0,0.0,0.0,0.0,1,0,0,0,0,0,0.0905315664596854
3,3,14/1,14,1,3,3,0.9999,1.6666,3,round_start,0,0.0379872322082519,0.0045233163982629,0.0,-0.0,0.0,0.0,0.0373268873441294,0.9991789186251556,0.0,0.0,0.0,0.0,0.0,0.3588338598648067,0,0,0,0,0,0,0,0,0,0,kept_final_floor,0.9574894309043884,0.0425105467438697,0.0045233163982629,0,0,0,0,0,0,0.0,0.0,0.0,1,0,0,0,0,0,0.0669321443885562
4,0,14/2,14,2,4,4,1.3332,1.9999,4,round_start,0,0.2428368180990219,0.0261297523975372,0.0,-0.0,0.0,0.0,0.0373268873441294,0.7472850124062658,0.0,0.0,0.0,1.0,0.0,0.4262625166362342,0,0,0,0,0,0,0,0,0,0,kept_final_floor,0.731033444404602,0.2689665555953979,0.0261297523975372,0,0,0,0,0,0,0.0,0.0,0.0,1,0,0,0,0,0,0.8717406824231146
4,1,14/5,14,5,4,4,1.399866667,2.066566667,4,round_start,0,0.0573761612176895,0.0054650697857141,0.0,-0.0,0.0,0.0,0.0373268873441294,0.0,0.0,0.0,0.0,0.0,0.0,0.426262516693608,0,0,0,0,0,0,0,0,0,0,kept_final_floor,0.9371588230133056,0.0628412291407585,0.0054650697857141,0,0,0,0,0,0,0.0,0.0,0.0,1,0,0,0,0,0,0.0980873953551052
4,2,14/3,14,3,4,4,1.3332,1.9999,4,round_start,0,0.0347585156559944,0.0027570114471018,0.0,-0.0,0.0,0.0,0.0373268873441294,0.7397206540796915,0.0,0.0,0.0,0.0,0.0,0.4262625166362342,0,0,0,0,0,0,0,0,0,0,kept_final_floor,0.9624844193458556,0.0375155285000801,0.0027570114471018,0,0,0,0,0,0,0.0,0.0,0.0,1,0,0,0,0,0,0.0582031986676155
4,3,14/1,14,1,4,4,1.3332,1.9999,4,round_start,0,0.0270219910889863,0.0021811153274029,0.0,-0.0,0.0,0.0,0.0373268873441294,0.999089728760353,0.0,0.0,0.0,0.0,0.0,0.4262625166362342,0,0,0,0,0,0,0,0,0,0,kept_final_floor,0.9707968235015868,0.0292031057178974,0.0021811153274029,0,0,0,0,0,0,0.0,0.0,0.0,1,0,0,0,0,0,0.0453314403537658
5,0,14/2,14,2,5,5,1.6665,2.3332,5,round_start,0,0.2266084849834442,0.0185097698122262,0.0,-0.0,0.0,0.0,0.0373268873441294,0.7486793712222423,0.0,0.0,0.0,1.0,0.0,0.4865999945861472,0,0,0,0,0,0,0,0,0,0,kept_final_floor,0.7548817992210388,0.2451182603836059,0.0185097698122262,0,0,0,0,0,0,0.0,0.0,0.0,1,0,0,0,0,0,0.830634221062064
5,1,14/5,14,5,5,5,1.733166667,2.399866667,5,round_start,0,0.0423004701733589,0.0028535551391541,0.0,-0.0,0.0,0.0,0.0373268873441294,0.0,0.0,0.0,0.0,0.0,0.0,0.4865999946374871,0,0,0,0,0,0,0,0,0,0,kept_final_floor,0.9548460245132446,0.0451540239155292,0.0028535551391541,0,0,0,0,0,0,0.0,0.0,0.0,1,0,0,0,0,0,0.0697285265661773
5,2,14/3,14,3,5,5,1.6665,2.3332,5,round_start,0,0.0251638386398553,0.0014859788352623,0.0,-0.0,0.0,0.0,0.0373268873441294,0.9950545728694892,0.0,0.0,0.0,0.0,0.0,0.4865999945861472,0,0,0,0,0,0,0,0,0,0,kept_final_floor,0.9733501672744752,0.0266498178243637,0.0014859788352623,0,0,0,0,0,0,0.0,0.0,0.0,1,0,0,0,0,0,0.04101491139736
5,3,14/1,14,1,5,5,1.6665,2.3332,5,round_start,0,0.0223739389330148,0.0013635020004585,0.0,-0.0,0.0,0.0,0.0373268873441294,0.7468842423219899,0.0,0.0,0.0,0.0,0.0,0.4865999945861472,0,0,0,0,0,0,0,0,0,0,kept_final_floor,0.9762625098228456,0.0237374417483806,0.0013635020004585,0,0,0,0,0,0,0.0,0.0,0.0,1,0,0,0,0,0,0.0365606128005309
6,0,14/2,14,2,6,6,1.9998,2.6665,6,round_start,0,0.2066154479980468,0.0134076625108718,0.0,-0.0,0.0,0.0,0.0373268873441294,0.7493200690343541,0.0,0.0,0.0,1.0,0.0,0.5405920421764963,0,0,0,0,0,0,0,0,0,0,kept_final_floor,0.7799769043922424,0.2200231105089187,0.0134076625108718,0,0,0,0,0,0,0.0,0.0,0.0,1,0,0,0,0,0,0.7894200295209881
6,1,14/5,14,5,6,6,2.066466667,2.733166667,6,round_start,0,0.0338378064334392,0.0017788739642128,0.0,-0.0,0.0,0.0,0.0373268873441294,0.0,0.0,0.0,0.0,0.0,0.0,0.5405920422224371,0,0,0,0,0,0,0,0,0,0,kept_final_floor,0.9643834233283995,0.0356166809797287,0.0017788739642128,0,0,0,0,0,0,0.0,0.0,0.0,1,0,0,0,0,0,0.0546702323714269
6,2,14/3,14,3,6,6,1.9998,2.6665,6,round_start,0,0.0206012204289436,0.000998996081762,0.0,-0.0,0.0,0.0,0.0373268873441294,0.9948212216470058,0.0,0.0,0.0,0.0,0.0,0.5405920421764963,0,0,0,0,0,0,0,0,0,0,kept_final_floor,0.9783998131752014,0.0216002166271209,0.000998996081762,0,0,0,0,0,0,0.0,0.0,0.0,1,0,0,0,0,0,0.0330996220232918
6,3,14/1,14,1,6,6,1.9998,2.6665,6,round_start,0,0.0201064106076955,0.0010043190559372,0.0,-0.0,0.0,0.0,0.0373268873441294,0.7416129643100003,0.0,0.0,0.0,0.0,0.0,0.5405920421764963,0,0,0,0,0,0,0,0,0,0,kept_final_floor,0.978889226913452,0.0211107302457094,0.0010043190559372,0,0,0,0,0,0,0.0,0.0,0.0,1,0,0,0,0,0,0.032369117834605
7,0,14/2,14,2,7,7,2.3331,2.9998,7,round_start,0,0.1854145377874374,0.0099374875426292,0.0,-0.0,0.0,0.0,0.0373268873441294,0.7496688473356641,0.0,0.0,0.0,1.0,0.0,0.5889059807441377,0,0,0,0,0,0,0,0,0,0,kept_final_floor,0.8046479821205139,0.195352017879486,0.0099374875426292,0,0,0,0,0,0,0.0,0.0,0.0,1,0,0,0,0,0,0.7499842792749404
7,1,14/5,14,5,7,7,2.399766667,3.066466667,7,round_start,0,0.0291367545723915,0.0012889368226751,0.0,-0.0,0.0,0.0,0.0373268873441294,0.0,0.0,0.0,0.0,0.0,0.0,0.588905980785247,0,0,0,0,0,0,0,0,0,0,kept_final_floor,0.969574213027954,0.0304256919771432,0.0012889368226751,0,0,0,0,0,0,0.0,0.0,0.0,1,0,0,0,0,0,0.0465407928684724
7,2,14/3,14,3,7,7,2.3331,2.9998,7,round_start,0,0.0190876182168722,0.0008087443420663,0.0,-0.0,0.0,0.0,0.0373268873441294,0.7396199485080824,0.0,0.0,0.0,0.0,0.0,0.5889059807441377,0,0,0,0,0,0,0,0,0,0,kept_final_floor,0.980103611946106,0.0198963619768619,0.0008087443420663,0,0,0,0,0,0,0.0,0.0,0.0,1,0,0,0,0,0,0.0304106648778541
7,3,14/1,14,1,7,7,2.3331,2.9998,7,round_start,0,0.0189510062336921,0.0008242916082963,0.0,-0.0,0.0,0.0,0.0373268873441294,0.7428760266896246,0.0,0.0,0.0,0.0,0.0,0.5889059807441377,0,0,0,0,0,0,0,0,0,0,kept_final_floor,0.9802246689796448,0.0197752974927425,0.0008242916082963,0,0,0,0,0,0,0.0,0.0,0.0,1,0,0,0,0,0,0.03023995088879
8,0,14/2,14,2,8,8,2.6664,3.3331,8,round_start,0,0.1597251147031784,0.0072881793603301,0.0,-0.0,0.0,0.0,0.0373268873441294,0.9997535372757552,0.0,0.0,0.0,1.0,0.0,0.6321389523407747,0,0,0,0,0,0,0,0,0,0,kept_final_floor,0.8329866528511047,0.1670132875442505,0.0072881793603301,0,0,0,0,0,0,0.0,0.0,0.0,1,0,0,0,0,0,0.7056216666474938
8,1,14/5,14,5,8,8,2.733066667,3.399766667,8,round_start,0,0.0265349317342042,0.0010432417038828,0.0,-0.0,0.0,0.0,0.0373268873441294,0.0,0.0,0.0,0.0,0.0,0.0,0.6321389523775607,0,0,0,0,0,0,0,0,0,0,kept_final_floor,0.9724217653274536,0.0275781732052564,0.0010432417038828,0,0,0,0,0,0,0.0,0.0,0.0,1,0,0,0,0,0,0.0420975293498484
8,2,14/3,14,3,8,8,2.6664,3.3331,8,round_start,0,0.0184310209006071,0.0007105530821718,0.0,-0.0,0.0,0.0,0.0373268873441294,0.7403607950613696,0.0,0.0,0.0,0.0,0.0,0.6321389523407747,0,0,0,0,0,0,0,0,0,0,kept_final_floor,0.9808583855628968,0.0191415734589099,0.0007105530821718,0,0,0,0,0,0,0.0,0.0,0.0,1,0,0,0,0,0,0.0292097481316886
8,3,14/1,14,1,8,8,2.6664,3.3331,8,round_start,0,0.0183990690857172,0.0007263277075253,0.0,-0.0,0.0,0.0,0.0373268873441294,0.7429583961087535,0.0,0.0,0.0,0.0,0.0,0.6321389523407747,0,0,0,0,0,0,0,0,0,0,kept_final_floor,0.9808745384216307,0.0191253963857889,0.0007263277075253,0,0,0,0,0,0,0.0,0.0,0.0,1,0,0,0,0,0,0.0291965245851314
9,0,14/2,14,2,9,9,2.9997,3.6664,9,round_start,0,0.1372248828411102,0.0055249971337616,0.0,-0.0,0.0,0.0,0.0373268873441294,0.9997746317224772,0.0,0.0,0.0,1.0,0.0,0.6708253001834127,0,0,0,0,0,0,0,0,0,0,kept_final_floor,0.8572500944137573,0.1427498757839203,0.0055249971337616,0,0,0,0,0,0,0.0,0.0,0.0,1,0,0,0,0,0,0.6679923179559408
9,1,14/5,14,5,9,9,3.066366667,3.733066667,9,round_start,0,0.0251156147569417,0.00091064668959,0.0,-0.0,0.0,0.0,0.0373268873441294,0.0,0.0,0.0,0.0,0.0,0.0,0.67082530021633,0,0,0,0,0,0,0,0,0,0,kept_final_floor,0.9739737510681152,0.0260262619704008,0.00091064668959,0,0,0,0,0,0,0.0,0.0,0.0,1,0,0,0,0,0,0.0396768448525105
9,2,14/1,14,1,9,9,2.9997,3.6664,9,round_start,0,0.0181863568723201,0.0006700431113131,0.0,-0.0,0.0,0.0,0.0373268873441294,0.7422545495105033,0.0,0.0,0.0,0.0,0.0,0.6708253001834127,0,0,0,0,0,0,0,0,0,0,kept_final_floor,0.981143593788147,0.0188564006239175,0.0006700431113131,0,0,0,0,0,0,0.0,0.0,0.0,1,0,0,0,0,0,0.0287536301533689
9,3,14/3,14,3,9,9,2.9997,3.6664,9,round_start,0,0.0181532483547925,0.000655089970678,0.0,-0.0,0.0,0.0,0.0373268873441294,0.7408065133069685,0.0,0.0,0.0,0.0,0.0,0.6708253001834127,0,0,0,0,0,0,0,0,0,0,kept_final_floor,0.9811915755271912,0.0188083387911319,0.000655089970678,0,0,0,0,0,0,0.0,0.0,0.0,1,0,0,0,0,0,0.0286710704676803
10,0,14/2,14,2,10,10,3.333,3.9997,10,round_start,0,0.1194406375288963,0.0043475497514009,0.0,-0.0,0.0,0.0,0.0373268873441294,0.9997362026595116,0.0,0.0,0.0,1.0,0.0,0.7054431729349124,0,0,0,0,0,0,0,0,0,0,kept_final_floor,0.8762118816375732,0.1237881854176521,0.0043475497514009,0,0,0,0,0,0,0.0,0.0,0.0,1,0,0,0,0,0,0.6387255657464265
10,1,14/5,14,5,10,10,3.399666667,4.066366667,10,round_start,0,0.0243743825703859,0.0008354715537279,0.0,-0.0,0.0,0.0,0.0373268873441294,0.0,0.0,0.0,0.0,0.0,0.0,0.705443172964368,0,0,0,0,0,0,0,0,0,0,kept_final_floor,0.974790096282959,0.0252098534256219,0.0008354715537279,0,0,0,0,0,0,0.0,0.0,0.0,1,0,0,0,0,0,0.0383996112737802
10,2,14/3,14,3,10,10,3.333,3.9997,10,round_start,0,0.0201481282711029,0.000694642716553,0.0,-0.0,0.0,0.0,0.0373268873441294,0.0,0.0,0.0,0.0,0.0,0.0,0.7054431729349124,0,0,0,0,0,0,0,0,0,0,kept_final_floor,0.9791572690010072,0.020842770114541,0.000694642716553,0,0,0,0,0,0,0.0,0.0,0.0,1,0,0,0,0,0,0.0317504063830709
10,3,14/1,14,1,10,10,3.333,3.9997,10,round_start,0,0.0181623790413141,0.0006365359877236,0.0,-0.0,0.0,0.0,0.0373268873441294,0.7419113739869568,0.0,0.0,0.0,0.0,0.0,0.7054431729349124,0,0,0,0,0,0,0,0,0,0,kept_final_floor,0.9812011122703552,0.018798915669322,0.0006365359877236,0,0,0,0,0,0,0.0,0.0,0.0,1,0,0,0,0,0,0.028643947734963
11,0,14/2,14,2,11,11,3.6663,4.333,11,round_start,0,0.1230538487434387,0.0041930973529815,0.0,-0.0,0.0,0.0,0.0373268873441294,0.0,0.0,0.0,0.0,1.0,0.0,0.7364204344410559,0,0,0,0,0,0,0,0,0,0,kept_final_floor,0.8727530241012573,0.1272469460964203,0.0041930973529815,0,0,0,0,0,0,0.0,0.0,0.0,1,0,0,0,0,0,0.6438055872917173
11,1,14/5,14,5,11,11,3.732966667,4.399666667,11,round_start,0,0.0240279473364353,0.0007917007897049,0.0,-0.0,0.0,0.0,0.0373268873441294,0.0,0.0,0.0,0.0,0.0,0.0,0.7364204344674139,0,0,0,0,0,0,0,0,0,0,kept_final_floor,0.9751803874969482,0.0248196478933095,0.0007917007897049,0,0,0,0,0,0,0.0,0.0,0.0,1,0,0,0,0,0,0.0377836627420037
11,2,14/3,14,3,11,11,3.6663,4.333,11,round_start,0,0.021641107276082,0.0007188313757069,0.0,-0.0,0.0,0.0,0.0373268873441294,0.0,0.0,0.0,0.0,0.0,0.0,0.7364204344410559,0,0,0,0,0,0,0,0,0,0,kept_final_floor,0.9776400327682496,0.0223599392920732,0.0007188313757069,0,0,0,0,0,0,0.0,0.0,0.0,1,0,0,0,0,0,0.0340430899406781
11,3,14/1,14,1,11,11,3.6663,4.333,11,round_start,0,0.0182369519025087,0.0006160972989164,0.0,-0.0,0.0,0.0,0.0373268873441294,0.7438729099150234,0.0,0.0,0.0,0.0,0.0,0.7364204344410559,0,0,0,0,0,0,0,0,0,0,kept_final_floor,0.9811469316482544,0.0188530497252941,0.0006160972989164,0,0,0,0,0,0,0.0,0.0,0.0,1,0,0,0,0,0,0.0287108419113791
12,0,14/2,14,2,12,12,3.9996,4.6663,12,round_start,0,0.1298336088657379,0.0041117994114756,0.0,-0.0,0.0,0.0,0.0373268873441294,0.0,0.0,0.0,0.0,1.0,0.0,0.7641399519662462,0,0,0,0,0,0,0,0,0,0,kept_final_floor,0.8660545945167542,0.1339454054832458,0.0041117994114756,0,0,0,0,0,0,0.0,0.0,0.0,1,0,0,0,0,0,0.6537963720038531
12,1,14/5,14,5,12,12,4.066266667,4.732966667,12,round_start,0,0.0239131636917591,0.0007661248091608,0.0,-0.0,0.0,0.0,0.0373268873441294,0.0,0.0,0.0,0.0,0.0,0.0,0.7641399519898321,0,0,0,0,0,0,0,0,0,0,kept_final_floor,0.9753207564353944,0.0246792882680892,0.0007661248091608,0,0,0,0,0,0,0.0,0.0,0.0,1,0,0,0,0,0,0.0375552201177924
12,2,14/3,14,3,12,12,3.9996,4.6663,12,round_start,0,0.0225631911307573,0.0007297509000636,0.0,-0.0,0.0,0.0,0.0373268873441294,0.0,0.0,0.0,0.0,0.0,0.0,0.7641399519662462,0,0,0,0,0,0,0,0,0,0,kept_final_floor,0.9767069816589355,0.0232929419726133,0.0007297509000636,0,0,0,0,0,0,0.0,0.0,0.0,1,0,0,0,0,0,0.0354502386762758
12,3,14/1,14,1,12,12,3.9996,4.6663,12,round_start,0,0.0183671079576015,0.0006037714192643,0.0,-0.0,0.0,0.0,0.0373268873441294,0.7445120289064474,0.0,0.0,0.0,0.0,0.0,0.7641399519662462,0,0,0,0,0,0,0,0,0,0,kept_final_floor,0.9810290932655334,0.0189708787947893,0.0006037714192643,0,0,0,0,0,0,0.0,0.0,0.0,1,0,0,0,0,0,0.0288789590587837
13,0,14/2,14,2,13,13,4.3329,4.9996,13,round_start,0,0.1198302060365676,0.0035345803480595,0.0,-0.0,0.0,0.0,0.0373268873441294,0.7486531350928797,0.0,0.0,0.0,1.0,0.0,0.7889443282884377,0,0,0,0,0,0,0,0,0,0,kept_final_floor,0.8766351938247681,0.1233647838234901,0.0035345803480595,0,0,0,0,0,0,0.0,0.0,0.0,1,0,0,0,0,0,0.6375213858205824
13,1,14/5,14,5,13,13,4.399566667,5.066266667,13,round_start,0,0.0239340309053659,0.0007515647448599,0.0,-0.0,0.0,0.0,0.0373268873441294,0.0,0.0,0.0,0.0,0.0,0.0,0.7889443283095433,0,0,0,0,0,0,0,0,0,0,kept_final_floor,0.9753143787384032,0.0246855951845645,0.0007515647448599,0,0,0,0,0,0,0.0,0.0,0.0,1,0,0,0,0,0,0.0375544887967406
13,2,14/3,14,3,13,13,4.3329,4.9996,13,round_start,0,0.0207321755588054,0.0006549385143443,0.0,-0.0,0.0,0.0,0.0373268873441294,0.7438825543073104,0.0,0.0,0.0,0.0,0.0,0.7889443282884377,0,0,0,0,0,0,0,0,0,0,kept_final_floor,0.9786128997802734,0.0213871132582426,0.0006549385143443,0,0,0,0,0,0,0.0,0.0,0.0,1,0,0,0,0,0,0.0325391280697655
13,3,14/1,14,1,13,13,4.3329,4.9996,13,round_start,0,0.0179518032819032,0.0005787051049992,0.0,-0.0,0.0,0.0,0.0373268873441294,0.9996889587151652,0.0,0.0,0.0,0.0,0.0,0.7889443282884377,0,0,0,0,0,0,0,0,0,0,kept_final_floor,0.9814695119857788,0.0185305085033178,0.0005787051049992,0,0,0,0,0,0,0.0,0.0,0.0,1,0,0,0,0,0,0.028200856153853
14,0,14/2,14,2,14,14,4.6662,5.3329,14,round_start,0,0.1096412390470504,0.003106317250058,0.0,-0.0,0.0,0.0,0.0373268873441294,0.7427204111756912,0.0,0.0,0.0,1.0,0.0,0.8111401361402082,0,0,0,0,0,0,0,0,0,0,kept_final_floor,0.8872524499893188,0.1127475574612617,0.003106317250058,0,0,0,0,0,0,0.0,0.0,0.0,1,0,0,0,0,0,0.6212957565207032
14,1,14/5,14,5,14,14,4.732866667,5.399566667,14,round_start,0,0.0240331031382083,0.0007438917527906,0.0,-0.0,0.0,0.0,0.0373268873441294,0.0,0.0,0.0,0.0,0.0,0.0,0.8111401361590942,0,0,0,0,0,0,0,0,0,0,kept_final_floor,0.9752230048179626,0.0247769951820373,0.0007438917527906,0,0,0,0,0,0,0.0,0.0,0.0,1,0,0,0,0,0,0.0376862165634517
14,2,14/3,14,3,14,14,4.6662,5.3329,14,round_start,0,0.0197421927005052,0.0006164838559925,0.0,-0.0,0.0,0.0,0.0373268873441294,0.7404144596528017,0.0,0.0,0.0,0.0,0.0,0.8111401361402082,0,0,0,0,0,0,0,0,0,0,kept_final_floor,0.979641318321228,0.0203586760908365,0.0006164838559925,0,0,0,0,0,0,0.0,0.0,0.0,1,0,0,0,0,0,0.0309695535339413
14,3,14/1,14,1,14,14,4.6662,5.3329,14,round_start,0,0.0178110133856534,0.0005663546617142,0.0,-0.0,0.0,0.0,0.0373268873441294,0.9979541918258598,0.0,0.0,0.0,0.0,0.0,0.8111401361402082,0,0,0,0,0,0,0,0,0,0,kept_final_floor,0.981622576713562,0.0183773674070835,0.0005663546617142,0,0,0,0,0,0,0.0,0.0,0.0,1,0,0,0,0,0,0.0279625003342513
15,0,14/2,14,2,15,15,4.9995,5.6662,15,round_start,0,0.1018723919987678,0.0028006478678435,0.0,-0.0,0.0,0.0,0.0373268873441294,0.742720411199692,0.0,0.0,0.0,1.0,0.0,0.8310017073320607,0,0,0,0,0,0,0,0,0,0,kept_final_floor,0.8953270316123962,0.1046730428934097,0.0028006478678435,0,0,0,0,0,0,0.0,0.0,0.0,1,0,0,0,0,0,0.6089700133074074
15,1,14/5,14,5,15,15,5.066166667,5.732866667,15,round_start,0,0.0241755545139312,0.0007406240911222,0.0,-0.0,0.0,0.0,0.0373268873441294,0.0,0.0,0.0,0.0,0.0,0.0,0.8310017073489605,0,0,0,0,0,0,0,0,0,0,kept_final_floor,0.975083827972412,0.0249161794781684,0.0007406240911222,0,0,0,0,0,0,0.0,0.0,0.0,1,0,0,0,0,0,0.0378927047713656
15,2,14/3,14,3,15,15,4.9995,5.6662,15,round_start,0,0.0193666517734527,0.0005987766198813,0.0,-0.0,0.0,0.0,0.0373268873441294,0.7417618275728214,0.0,0.0,0.0,0.0,0.0,0.8310017073320607,0,0,0,0,0,0,0,0,0,0,kept_final_floor,0.980034589767456,0.0199654288589954,0.0005987766198813,0,0,0,0,0,0,0.0,0.0,0.0,1,0,0,0,0,0,0.0303672862239179
15,3,14/1,14,1,15,15,4.9995,5.6662,15,round_start,0,0.0178453139960765,0.0005613600369542,0.0,-0.0,0.0,0.0,0.0373268873441294,0.9976530903280976,0.0,0.0,0.0,0.0,0.0,0.8310017073320607,0,0,0,0,0,0,0,0,0,0,kept_final_floor,0.9815934300422668,0.0184066742658615,0.0005613600369542,0,0,0,0,0,0,0.0,0.0,0.0,1,0,0,0,0,0,0.0280029630754139
16,0,14/2,14,2,16,16,5.3328,5.9995,16,round_start,0,0.0961765944957733,0.002581228967756,0.0,-0.0,0.0,0.0,0.0373268873441294,0.7467620961406024,0.0,0.0,0.0,1.0,0.0,0.8487745233900967,0,0,0,0,0,0,0,0,0,0,kept_final_floor,0.901242196559906,0.0987578257918357,0.002581228967756,0,0,0,0,0,0,0.0,0.0,0.0,1,0,0,0,0,0,0.5999435954727231
16,1,14/5,14,5,16,16,5.399466667,6.066166667,16,round_start,0,0.0243401136249303,0.000740208197385,0.0,-0.0,0.0,0.0,0.0373268873441294,0.0,0.0,0.0,0.0,0.0,0.0,0.8487745234052192,0,0,0,0,0,0,0,0,0,0,kept_final_floor,0.9749197363853456,0.0250803213566541,0.000740208197385,0,0,0,0,0,0,0.0,0.0,0.0,1,0,0,0,0,0,0.0381386284716424
16,2,14/3,14,3,16,16,5.3328,5.9995,16,round_start,0,0.0192658174782991,0.0005911305779591,0.0,-0.0,0.0,0.0,0.0373268873441294,0.7419033592328731,0.0,0.0,0.0,0.0,0.0,0.8487745233900967,0,0,0,0,0,0,0,0,0,0,kept_final_floor,0.9801430106163024,0.0198569484055042,0.0005911305779591,0,0,0,0,0,0,0.0,0.0,0.0,1,0,0,0,0,0,0.0301992134889586
16,3,14/1,14,1,16,16,5.3328,5.9995,16,round_start,0,0.0179508086293935,0.0005600815638899,0.0,-0.0,0.0,0.0,0.0373268873441294,0.9977707727776126,0.0,0.0,0.0,0.0,0.0,0.8487745233900967,0,0,0,0,0,0,0,0,0,0,kept_final_floor,0.98148912191391,0.0185108892619609,0.0005600815638899,0,0,0,0,0,0,0.0,0.0,0.0,1,0,0,0,0,0,0.028158392384648
17,0,14/2,14,2,17,17,5.6661,6.3328,17,round_start,0,0.0921359583735466,0.0024250554852187,0.0,-0.0,0.0,0.0,0.0373268873441294,0.742612556888041,0.0,0.0,0.0,1.0,0.0,0.8646782496150571,0,0,0,0,0,0,0,0,0,0,kept_final_floor,0.905439019203186,0.0945610105991363,0.0024250554852187,0,0,0,0,0,0,0.0,0.0,0.0,1,0,0,0,0,0,0.5935390596278011
17,1,14/5,14,5,17,17,5.732766667,6.399466667,17,round_start,0,0.0245136674493551,0.000741642084904,0.0,-0.0,0.0,0.0,0.0373268873441294,0.0,0.0,0.0,0.0,0.0,0.0,0.8646782496285893,0,0,0,0,0,0,0,0,0,0,kept_final_floor,0.97474467754364,0.0252553094178438,0.000741642084904,0,0,0,0,0,0,0.0,0.0,0.0,1,0,0,0,0,0,0.0384021137608214
17,2,14/3,14,3,17,17,5.6661,6.3328,17,round_start,0,0.0192917622625827,0.0005886546568945,0.0,-0.0,0.0,0.0,0.0373268873441294,0.7409859838406987,0.0,0.0,0.0,0.0,0.0,0.8646782496150571,0,0,0,0,0,0,0,0,0,0,kept_final_floor,0.980119526386261,0.0198804177343845,0.0005886546568945,0,0,0,0,0,0,0.0,0.0,0.0,1,0,0,0,0,0,0.0302326836390419
17,3,14/1,14,1,17,17,5.6661,6.3328,17,round_start,0,0.0186259821057319,0.0005771833239123,0.0,-0.0,0.0,0.0,0.0373268873441294,0.7473046655009734,0.0,0.0,0.0,0.0,0.0,0.8646782496150571,0,0,0,0,0,0,0,0,0,0,kept_final_floor,0.9807968139648438,0.0192031655460596,0.0005771833239123,0,0,0,0,0,0,0.0,0.0,0.0,1,0,0,0,0,0,0.0292087764712049
18,0,14/2,14,2,18,18,5.9994,6.6661,18,round_start,0,0.0892516002058982,0.002312013413757,0.0,-0.0,0.0,0.0,0.0373268873441294,0.7426758894288029,0.0,0.0,0.0,1.0,0.0,0.8789094500625592,0,0,0,0,0,0,0,0,0,0,kept_final_floor,0.9084364175796508,0.0915636122226715,0.002312013413757,0,0,0,0,0,0,0.0,0.0,0.0,1,0,0,0,0,0,0.5889638298191127
18,1,14/5,14,5,18,18,6.066066667,6.732766667,18,round_start,0,0.0246882177889347,0.0007442639325745,0.0,-0.0,0.0,0.0,0.0373268873441294,0.0,0.0,0.0,0.0,0.0,0.0,0.8789094500746683,0,0,0,0,0,0,0,0,0,0,kept_final_floor,0.9745675921440125,0.0254324823617935,0.0007442639325745,0,0,0,0,0,0,0.0,0.0,0.0,1,0,0,0,0,0,0.0386697073350659
18,2,14/3,14,3,18,18,5.9994,6.6661,18,round_start,0,0.0193771068006753,0.0005889516323804,0.0,-0.0,0.0,0.0,0.0373268873441294,0.7400490500051224,0.0,0.0,0.0,0.0,0.0,0.8789094500625592,0,0,0,0,0,0,0,0,0,0,kept_final_floor,0.9800338745117188,0.0199660584330558,0.0005889516323804,0,0,0,0,0,0,0.0,0.0,0.0,1,0,0,0,0,0,0.0303613537922498
18,3,14/1,14,1,18,18,5.9994,6.6661,18,round_start,0,0.0190869010984897,0.0005878804950043,0.0,-0.0,0.0,0.0,0.0373268873441294,0.7467371799544913,0.0,0.0,0.0,0.0,0.0,0.8789094500625592,0,0,0,0,0,0,0,0,0,0,kept_final_floor,0.9803252816200256,0.0196747817099094,0.0005878804950043,0,0,0,0,0,0,0.0,0.0,0.0,1,0,0,0,0,0,0.029923688736744
19,0,14/2,14,2,19,19,6.3327,6.9994,19,round_start,0,0.087192915380001,0.0022297881077975,0.0,-0.0,0.0,0.0,0.0373268873441294,0.7430209529254241,0.0,0.0,0.0,1.0,0.0,0.8916440170006596,0,0,0,0,0,0,0,0,0,0,kept_final_floor,0.9105772376060486,0.0894227027893066,0.0022297881077975,0,0,0,0,0,0,0.0,0.0,0.0,1,0,0,0,0,0,0.585694906907156
19,1,14/5,14,5,19,19,6.399366667,7.066066667,19,round_start,0,0.0248587727546691,0.0007476240280084,0.0,-0.0,0.0,0.0,0.0373268873441294,0.0,0.0,0.0,0.0,0.0,0.0,0.8916440170114952,0,0,0,0,0,0,0,0,0,0,kept_final_floor,0.9743936061859132,0.0256063975393772,0.0007476240280084,0,0,0,0,0,0,0.0,0.0,0.0,1,0,0,0,0,0,0.0389329319936221
19,2,14/3,14,3,19,19,6.3327,6.9994,19,round_start,0,0.019476419314742,0.0005903820856474,0.0,-0.0,0.0,0.0,0.0373268873441294,0.7444702643486065,0.0,0.0,0.0,0.0,0.0,0.8916440170006596,0,0,0,0,0,0,0,0,0,0,kept_final_floor,0.9799331426620485,0.0200668014585971,0.0005903820856474,0,0,0,0,0,0,0.0,0.0,0.0,1,0,0,0,0,0,0.0305134695605372
19,3,14/1,14,1,19,19,6.3327,6.9994,19,round_start,0,0.0193775463849306,0.0005943793221376,0.0,-0.0,0.0,0.0,0.0373268873441294,0.7468745638393187,0.0,0.0,0.0,0.0,0.0,0.8916440170006596,0,0,0,0,0,0,0,0,0,0,kept_final_floor,0.9800280332565308,0.0199719257652759,0.0005943793221376,0,0,0,0,0,0,0.0,0.0,0.0,1,0,0,0,0,0,0.0303739540860986
20,0,14/2,14,2,20,20,6.666,7.3327,20,round_start,0,0.0856856554746627,0.0021687722764909,0.0,-0.0,0.0,0.0,0.0373268873441294,0.7469813918102212,0.0,0.0,0.0,1.0,0.0,0.9030393448719234,0,0,0,0,0,0,0,0,0,0,kept_final_floor,0.9121456146240234,0.0878544300794601,0.0021687722764909,0,0,0,0,0,0,0.0,0.0,0.0,1,0,0,0,0,0,0.583299782220274
20,1,14/5,14,5,20,20,6.732666667,7.399366667,20,round_start,0,0.041158802807331,0.001033738721162,0.0,-0.0,0.0,0.0,0.0373268873441294,0.0,0.0,0.0,0.0,1.0,0.0,0.9030393448816194,0,0,0,0,0,0,0,0,0,0,kept_final_floor,0.95780748128891,0.0421925410628318,0.001033738721162,0,0,0,0,0,0,0.0,0.0,0.0,1,0,0,0,0,0,0.5140124293975529
20,2,14/1,14,1,20,20,6.666,7.3327,20,round_start,0,0.0195830501616001,0.000598864222411,0.0,-0.0,0.0,0.0,0.0373268873441294,0.7475961676345345,0.0,0.0,0.0,0.0,0.0,0.9030393448719234,0,0,0,0,0,0,0,0,0,0,kept_final_floor,0.9798181056976318,0.0201819147914648,0.000598864222411,0,0,0,0,0,0,0.0,0.0,0.0,1,0,0,0,0,0,0.0306920765317043
20,3,14/3,14,3,20,20,6.666,7.3327,20,round_start,0,0.0190057959407567,0.0005753329023718,0.0,-0.0,0.0,0.0,0.0373268873441294,0.9990797806569178,0.0,0.0,0.0,0.0,0.0,0.9030393448719234,0,0,0,0,0,0,0,0,0,0,kept_final_floor,0.980418860912323,0.0195811279118061,0.0005753329023718,0,0,0,0,0,0,0.0,0.0,0.0,1,0,0,0,0,0,0.029774426296353
21,0,14/2,14,2,21,21,6.9993,7.666,21,round_start,0,0.0845991075038909,0.0021239668130874,0.0,-0.0,0.0,0.0,0.0373268873441294,0.7490640575938432,0.0,0.0,0.0,1.0,0.0,0.913236275629348,0,0,0,0,0,0,0,0,0,0,kept_final_floor,0.9132769107818604,0.0867230743169784,0.0021239668130874,0,0,0,0,0,0,0.0,0.0,0.0,1,0,0,0,0,0,0.5815713882446286
21,1,14/5,14,5,21,21,7.065966667,7.732666667,21,round_start,0,0.034812644124031,0.0009521860047243,0.0,-0.0,0.0,0.0,0.0373268873441294,0.0,0.0,0.0,0.0,0.0,0.0,0.9132362756380245,0,0,0,0,0,0,0,0,0,0,kept_final_floor,0.9642351865768432,0.0357648283243179,0.0009521860047243,0,0,0,0,0,0,0.0,0.0,0.0,1,0,0,0,0,0,0.0543137753964399
21,2,14/1,14,1,21,21,6.9993,7.666,21,round_start,0,0.019745273515582,0.0006024357280693,0.0,-0.0,0.0,0.0,0.0373268873441294,0.7475899733656057,0.0,0.0,0.0,0.0,0.0,0.913236275629348,0,0,0,0,0,0,0,0,0,0,kept_final_floor,0.979652225971222,0.0203477088361978,0.0006024357280693,0,0,0,0,0,0,0.0,0.0,0.0,1,0,0,0,0,0,0.0309432688751254
21,3,14/3,14,3,21,21,6.9993,7.666,21,round_start,0,0.0193723328411579,0.0005864624399691,0.0,-0.0,0.0,0.0,0.0373268873441294,0.742567939482899,0.0,0.0,0.0,0.0,0.0,0.913236275629348,0,0,0,0,0,0,0,0,0,0,kept_final_floor,0.980041205883026,0.019958795979619,0.0005864624399691,0,0,0,0,0,0,0.0,0.0,0.0,1,0,0,0,0,0,0.0303487166296688
22,0,14/2,14,2,22,22,7.3326,7.9993,22,round_start,0,0.0839187055826187,0.0020936203654855,0.0,-0.0,0.0,0.0,0.0373268873441294,0.7437795038929834,0.0,0.0,0.0,1.0,0.0,0.9223608394897632,0,0,0,0,0,0,0,0,0,0,kept_final_floor,0.913987636566162,0.0860123261809349,0.0020936203654855,0,0,0,0,0,0,0.0,0.0,0.0,1,0,0,0,0,0,0.5804840231779962
22,1,14/5,14,5,22,22,7.399266667,8.065966667,22,round_start,0,0.03079922683537,0.000887322705239,0.0,-0.0,0.0,0.0,0.0373268873441294,0.0,0.0,0.0,0.0,0.0,0.0,0.9223608394975272,0,0,0,0,0,0,0,0,0,0,kept_final_floor,0.968313455581665,0.0316865481436252,0.000887322705239,0,0,0,0,0,0,0.0,0.0,0.0,1,0,0,0,0,0,0.0481509502045808
22,2,14/1,14,1,22,22,7.3326,7.9993,22,round_start,0,0.0198816452175378,0.0006055399426259,0.0,-0.0,0.0,0.0,0.0373268873441294,0.7474567925273392,0.0,0.0,0.0,0.0,0.0,0.9223608394897632,0,0,0,0,0,0,0,0,0,0,kept_final_floor,0.9795127511024476,0.0204871855676174,0.0006055399426259,0,0,0,0,0,0,0.0,0.0,0.0,1,0,0,0,0,0,0.0311546557000836
22,3,14/3,14,3,22,22,7.3326,7.9993,22,round_start,0,0.0196778550744056,0.0005948840407654,0.0,-0.0,0.0,0.0,0.0373268873441294,0.7396520871045282,0.0,0.0,0.0,0.0,0.0,0.9223608394897632,0,0,0,0,0,0,0,0,0,0,kept_final_floor,0.9797271490097046,0.0202727392315864,0.0005948840407654,0,0,0,0,0,0,0.0,0.0,0.0,1,0,0,0,0,0,0.0308255275012922
23,0,14/2,14,2,23,23,7.6659,8.3326,23,round_start,0,0.0835035741329193,0.0020729517564177,0.0,-0.0,0.0,0.0,0.0373268873441294,0.7419250395909348,0.0,0.0,0.0,1.0,0.0,0.9305258126197584,0,0,0,0,0,0,0,0,0,0,kept_final_floor,0.9144234657287598,0.0855765268206596,0.0020729517564177,0,0,0,0,0,0,0.0,0.0,0.0,1,0,0,0,0,0,0.5798158550634979
23,1,14/5,14,5,23,23,7.732566667,8.399266667,23,round_start,0,0.0286838505417108,0.0008472095360048,0.0,-0.0,0.0,0.0,0.0373268873441294,0.0,0.0,0.0,0.0,0.0,0.0,0.9305258126267058,0,0,0,0,0,0,0,0,0,0,kept_final_floor,0.9704689979553224,0.0295310597866773,0.0008472095360048,0,0,0,0,0,0,0.0,0.0,0.0,1,0,0,0,0,0,0.0448896367917767
23,2,14/1,14,1,23,23,7.6659,8.3326,23,round_start,0,0.0199996884912252,0.00060834758915,0.0,-0.0,0.0,0.0,0.0373268873441294,0.7475233784917895,0.0,0.0,0.0,0.0,0.0,0.9305258126197584,0,0,0,0,0,0,0,0,0,0,kept_final_floor,0.979391872882843,0.0206080358475446,0.00060834758915,0,0,0,0,0,0,0.0,0.0,0.0,1,0,0,0,0,0,0.0313378974329678
23,3,14/3,14,3,23,23,7.6659,8.3326,23,round_start,0,0.0198801159858703,0.0006007209303788,0.0,-0.0,0.0,0.0,0.0373268873441294,0.738495548973,0.0,0.0,0.0,0.0,0.0,0.9305258126197584,0,0,0,0,0,0,0,0,0,0,kept_final_floor,0.9795191884040833,0.0204808376729488,0.0006007209303788,0,0,0,0,0,0,0.0,0.0,0.0,1,0,0,0,0,0,0.0311417600256388
24,0,14/2,14,2,24,24,7.9992,8.6659,24,round_start,0,0.0832185819745063,0.0020579970441758,0.0,-0.0,0.0,0.0,0.0373268873441294,0.7444461638552223,0.0,0.0,0.0,1.0,0.0,0.9378321110065516,0,0,0,0,0,0,0,0,0,0,kept_final_floor,0.9147233963012696,0.0852765813469886,0.0020579970441758,0,0,0,0,0,0,0.0,0.0,0.0,1,0,0,0,0,0,0.5793554664589462
24,1,14/5,14,5,24,24,8.065866667,8.732566667,24,round_start,0,0.0275470372289419,0.0008231668616645,0.0,-0.0,0.0,0.0,0.0373268873441294,0.0,0.0,0.0,0.0,0.0,0.0,0.9378321110127682,0,0,0,0,0,0,0,0,0,0,kept_final_floor,0.9716297388076782,0.0283702034503221,0.0008231668616645,0,0,0,0,0,0,0.0,0.0,0.0,1,0,0,0,0,0,0.0431315229390747
24,2,14/3,14,3,24,24,7.9992,8.6659,24,round_start,0,0.020025772973895,0.0006050892407074,0.0,-0.0,0.0,0.0,0.0373268873441294,0.7393542487928783,0.0,0.0,0.0,0.0,0.0,0.9378321110065516,0,0,0,0,0,0,0,0,0,0,kept_final_floor,0.9793691039085388,0.0206308625638484,0.0006050892407074,0,0,0,0,0,0,0.0,0.0,0.0,1,0,0,0,0,0,0.0313698557903987
24,3,14/1,14,1,24,24,7.9992,8.6659,24,round_start,0,0.0195247158408164,0.0005934908986091,0.0,-0.0,0.0,0.0,0.0373268873441294,0.9979126966877948,0.0,0.0,0.0,0.0,0.0,0.9378321110065516,0,0,0,0,0,0,0,0,0,0,kept_final_floor,0.979881763458252,0.0201182067394256,0.0005934908986091,0,0,0,0,0,0,0.0,0.0,0.0,1,0,0,0,0,0,0.0305927537381646
25,0,14/2,14,2,25,25,8.3325,8.9992,25,round_start,0,0.0830693319439888,0.0020485173445194,0.0,-0.0,0.0,0.0,0.0373268873441294,0.7430280252613949,0.0,0.0,0.0,1.0,0.0,0.9443700377415152,0,0,0,0,0,0,0,0,0,0,kept_final_floor,0.9148821234703064,0.0851178467273712,0.0020485173445194,0,0,0,0,0,0,0.0,0.0,0.0,1,0,0,0,0,0,0.5791107360739258
25,1,14/5,14,5,25,25,8.399166667,9.065866667,25,round_start,0,0.0269258320331573,0.0008089304901659,0.0,-0.0,0.0,0.0,0.0373268873441294,0.0,0.0,0.0,0.0,0.0,0.0,0.9443700377470784,0,0,0,0,0,0,0,0,0,0,kept_final_floor,0.9722653031349182,0.027734762057662,0.0008089304901659,0,0,0,0,0,0,0.0,0.0,0.0,1,0,0,0,0,0,0.0421683951281009
25,2,14/3,14,3,25,25,8.3325,8.9992,25,round_start,0,0.0201346985995769,0.0006084638880565,0.0,-0.0,0.0,0.0,0.0373268873441294,0.7428775977803685,0.0,0.0,0.0,0.0,0.0,0.9443700377415152,0,0,0,0,0,0,0,0,0,0,kept_final_floor,0.9792568683624268,0.0207431633025407,0.0006084638880565,0,0,0,0,0,0,0.0,0.0,0.0,1,0,0,0,0,0,0.0315406684530896
25,3,14/1,14,1,25,25,8.3325,8.9992,25,round_start,0,0.0198576636612415,0.0006039904546923,0.0,-0.0,0.0,0.0,0.0373268873441294,0.7485736346377033,0.0,0.0,0.0,0.0,0.0,0.9443700377415152,0,0,0,0,0,0,0,0,0,0,kept_final_floor,0.9795383810997008,0.0204616542905569,0.0006039904546923,0,0,0,0,0,0,0.0,0.0,0.0,1,0,0,0,0,0,0.0311152744921853
26,0,14/2,14,2,26,26,8.6658,9.3325,26,round_start,0,0.0830067843198776,0.0020427096169441,0.0,-0.0,0.0,0.0,0.0373268873441294,0.7430678339795266,0.0,0.0,0.0,1.0,0.0,0.9502203991323148,0,0,0,0,0,0,0,0,0,0,kept_final_floor,0.9149505496025084,0.085049495100975,0.0020427096169441,0,0,0,0,0,0,0.0,0.0,0.0,1,0,0,0,0,0,0.5790041376370935
26,1,14/5,14,5,26,26,8.732466667,9.399166667,26,round_start,0,0.0265892352908849,0.0008007459691725,0.0,-0.0,0.0,0.0,0.0373268873441294,0.0,0.0,0.0,0.0,0.0,0.0,0.9502203991372926,0,0,0,0,0,0,0,0,0,0,kept_final_floor,0.9726100564002992,0.0273899808526039,0.0008007459691725,0,0,0,0,0,0,0.0,0.0,0.0,1,0,0,0,0,0,0.0416454940685068
26,2,14/3,14,3,26,26,8.6658,9.3325,26,round_start,0,0.0202285181730985,0.0006114598363637,0.0,-0.0,0.0,0.0,0.0373268873441294,0.7434756940751227,0.0,0.0,0.0,0.0,0.0,0.9502203991323148,0,0,0,0,0,0,0,0,0,0,kept_final_floor,0.9791600108146667,0.0208399780094623,0.0006114598363637,0,0,0,0,0,0,0.0,0.0,0.0,1,0,0,0,0,0,0.0316879888996478
26,3,14/1,14,1,26,26,8.6658,9.3325,26,round_start,0,0.0201183222234249,0.0006112436531111,0.0,-0.0,0.0,0.0,0.0373268873441294,0.7490501303674617,0.0,0.0,0.0,0.0,0.0,0.9502203991323148,0,0,0,0,0,0,0,0,0,0,kept_final_floor,0.9792704582214355,0.0207295659929513,0.0006112436531111,0,0,0,0,0,0,0.0,0.0,0.0,1,0,0,0,0,0,0.0315222193719817
27,0,14/2,14,2,27,27,8.9991,9.6658,27,round_start,0,0.0830054059624672,0.002039648592472,0.0,-0.0,0.0,0.0,0.0373268873441294,0.742962360139487,0.0,0.0,0.0,1.0,0.0,0.9554555034383811,0,0,0,0,0,0,0,0,0,0,kept_final_floor,0.914954960346222,0.0850450545549392,0.002039648592472,0,0,0,0,0,0,0.0,0.0,0.0,1,0,0,0,0,0,0.5789953358471391
27,1,14/5,14,5,27,27,9.065766667,9.732466667,27,round_start,0,0.0264147128909826,0.0007963376701809,0.0,-0.0,0.0,0.0,0.0373268873441294,0.0,0.0,0.0,0.0,0.0,0.0,0.9554555034428356,0,0,0,0,0,0,0,0,0,0,kept_final_floor,0.97278892993927,0.0272110514342784,0.0007963376701809,0,0,0,0,0,0,0.0,0.0,0.0,1,0,0,0,0,0,0.0413740122108718
27,2,14/3,14,3,27,27,8.9991,9.6658,27,round_start,0,0.0203116331249475,0.0006141751655377,0.0,-0.0,0.0,0.0,0.0373268873441294,0.7441418141377318,0.0,0.0,0.0,0.0,0.0,0.9554555034383811,0,0,0,0,0,0,0,0,0,0,kept_final_floor,0.979074239730835,0.0209258086979389,0.0006141751655377,0,0,0,0,0,0,0.0,0.0,0.0,1,0,0,0,0,0,0.0318186350516041
27,3,14/1,14,1,27,27,8.9991,9.6658,27,round_start,0,0.0202751569449901,0.0006157872849144,0.0,-0.0,0.0,0.0,0.0373268873441294,0.7494120570425523,0.0,0.0,0.0,0.0,0.0,0.9554555034383811,0,0,0,0,0,0,0,0,0,0,kept_final_floor,0.9791090488433838,0.0208909437060356,0.0006157872849144,0,0,0,0,0,0,0.0,0.0,0.0,1,0,0,0,0,0,0.0317674674442968
28,0,14/2,14,2,28,28,9.3324,9.9991,28,round_start,0,0.0830468907952308,0.0020386078394949,0.0,-0.0,0.0,0.0,0.0373268873441294,0.7428855417112474,0.0,0.0,0.0,1.0,0.0,0.9601400545737174,0,0,0,0,0,0,0,0,0,0,kept_final_floor,0.9149145483970642,0.0850854963064193,0.0020386078394949,0,0,0,0,0,0,0.0,0.0,0.0,1,0,0,0,0,0,0.579055273439735
28,1,14/5,14,5,28,28,9.399066667,10.06576667,28,round_start,0,0.0236850250512361,0.0007098906789906,0.0,-0.0,0.0,0.0,0.0373268873441294,0.7373282347173568,0.0,0.0,0.0,0.0,0.0,0.9601400545976334,0,0,0,0,0,0,0,0,0,0,kept_final_floor,0.9756051301956176,0.024394916370511,0.0007098906789906,0,0,0,0,0,0,0.0,0.0,0.0,1,0,0,0,0,0,0.0370892970706334
28,2,14/3,14,3,28,28,9.3324,9.9991,28,round_start,0,0.0225346200168132,0.000684710452333,0.0,-0.0,0.0,0.0,0.0373268873441294,0.0,0.0,0.0,0.0,0.0,0.0,0.9601400545737174,0,0,0,0,0,0,0,0,0,0,kept_final_floor,0.976780652999878,0.0232193302363157,0.000684710452333,0,0,0,0,0,0,0.0,0.0,0.0,1,0,0,0,0,0,0.0353082930203524
28,3,14/1,14,1,28,28,9.3324,9.9991,28,round_start,0,0.020381536334753,0.000618970952928,0.0,-0.0,0.0,0.0,0.0373268873441294,0.7496345258600106,0.0,0.0,0.0,0.0,0.0,0.9601400545737174,0,0,0,0,0,0,0,0,0,0,kept_final_floor,0.9789994955062866,0.0210005082190036,0.000618970952928,0,0,0,0,0,0,0.0,0.0,0.0,1,0,0,0,0,0,0.0319340405985711
29,0,14/2,14,2,29,29,9.6657,10.3324,29,round_start,0,0.0831051617860794,0.0020387202966958,0.0,-0.0,0.0,0.0,0.0373268873441294,0.7437841647913023,0.0,0.0,0.0,1.0,0.0,0.9643319518228608,0,0,0,0,0,0,0,0,0,0,kept_final_floor,0.9148560762405396,0.0851438790559768,0.0020387202966958,0,0,0,0,0,0,0.0,0.0,0.0,1,0,0,0,0,0,0.5791429273318499
29,1,14/3,14,3,29,29,9.6657,10.3324,29,round_start,0,0.024134486913681,0.0007323024910874,0.0,-0.0,0.0,0.0,0.0373268873441294,0.0,0.0,0.0,0.0,0.0,0.0,0.9643319518228608,0,0,0,0,0,0,0,0,0,0,kept_final_floor,0.9751331210136414,0.0248667895793914,0.0007323024910874,0,0,0,0,0,0,0.0,0.0,0.0,1,0,0,0,0,0,0.0378127958509137
29,2,14/5,14,5,29,29,9.732366667,10.39906667,29,round_start,0,0.021457515656948,0.0006449376814998,0.0,-0.0,0.0,0.0,0.0373268873441294,0.9925736843373724,0.0,0.0,0.0,0.0,0.0,0.9643319518620956,0,0,0,0,0,0,0,0,0,0,kept_final_floor,0.977897584438324,0.022102452814579,0.0006449376814998,0,0,0,0,0,0,0.0,0.0,0.0,1,0,0,0,0,0,0.0336051363847215
29,3,14/1,14,1,29,29,9.6657,10.3324,29,round_start,0,0.0204626247286796,0.0006214506574906,0.0,-0.0,0.0,0.0,0.0373268873441294,0.7497435434292032,0.0,0.0,0.0,0.0,0.0,0.9643319518228608,0,0,0,0,0,0,0,0,0,0,kept_final_floor,0.9789159893989564,0.0210840757936239,0.0006214506574906,0,0,0,0,0,0,0.0,0.0,0.0,1,0,0,0,0,0,0.0320611285394987
30,0,14/2,14,2,30,30,9.999,10.6657,30,round_start,0,0.0831322520971298,0.0020386446267366,0.0,-0.0,0.0,0.0,0.0373268873441294,0.7477837277333691,0.0,0.0,0.0,1.0,0.0,0.9680830054541956,0,0,0,0,0,0,0,0,0,0,kept_final_floor,0.9148290157318116,0.0851708948612213,0.0020386446267366,0,0,0,0,0,0,0.0,0.0,0.0,1,0,0,0,0,0,0.5791833963245152
30,1,14/3,14,3,30,30,9.999,10.6657,30,round_start,0,0.0225721765309572,0.0006810560007579,0.0,-0.0,0.0,0.0,0.0373268873441294,0.7440935823078727,0.0,0.0,0.0,0.0,0.0,0.9680830054541956,0,0,0,0,0,0,0,0,0,0,kept_final_floor,0.9767467975616456,0.0232532322406768,0.0006810560007579,0,0,0,0,0,0,0.0,0.0,0.0,1,0,0,0,0,0,0.0353565879981031
30,2,14/1,14,1,30,30,9.999,10.6657,30,round_start,0,0.0205290559679269,0.0006235184264369,0.0,-0.0,0.0,0.0,0.0373268873441294,0.749795518714031,0.0,0.0,0.0,0.0,0.0,0.9680830054541956,0,0,0,0,0,0,0,0,0,0,kept_final_floor,0.9788474440574646,0.0211525745689868,0.0006235184264369,0,0,0,0,0,0,0.0,0.0,0.0,1,0,0,0,0,0,0.0321653244900515
30,3,14/5,14,5,30,30,10.06566667,10.73236667,30,round_start,0,0.0203785914927721,0.0006141393096186,0.0,-0.0,0.0,0.0,0.0373268873441294,0.9939408675684648,0.0,0.0,0.0,0.0,0.0,0.9680830054893044,0,0,0,0,0,0,0,0,0,0,kept_final_floor,0.9790072441101074,0.0209927316755056,0.0006141393096186,0,0,0,0,0,0,0.0,0.0,0.0,1,0,0,0,0,0,0.031918993720319
31,0,14/2,14,2,31,31,10.3323,10.999,31,round_start,0,0.083167552947998,0.0020393126178532,0.0,-0.0,0.0,0.0,0.0373268873441294,0.7487613479385499,0.0,0.0,0.0,1.0,0.0,0.9714395770753216,0,0,0,0,0,0,0,0,0,0,kept_final_floor,0.9147931933403016,0.0852068662643432,0.0020393126178532,0,0,0,0,0,0,0.0,0.0,0.0,1,0,0,0,0,0,0.5792378171812741
31,1,14/3,14,3,31,31,10.3323,10.999,31,round_start,0,0.0215841103345155,0.0006530804093927,0.0,-0.0,0.0,0.0,0.0373268873441294,0.7483225537108785,0.0,0.0,0.0,0.0,0.0,0.9714395770753216,0,0,0,0,0,0,0,0,0,0,kept_final_floor,0.9777628779411316,0.0222371909767389,0.0006530804093927,0,0,0,0,0,0,0.0,0.0,0.0,1,0,0,0,0,0,0.0338129424024371
31,2,14/1,14,1,31,31,10.3323,10.999,31,round_start,0,0.0205857045948505,0.0006253128522075,0.0,-0.0,0.0,0.0,0.0373268873441294,0.7498202984835018,0.0,0.0,0.0,0.0,0.0,0.9714395770753216,0,0,0,0,0,0,0,0,0,0,kept_final_floor,0.97878897190094,0.0212110169231891,0.0006253128522075,0,0,0,0,0,0,0.0,0.0,0.0,1,0,0,0,0,0,0.0322542451671322
31,3,14/5,14,5,31,31,10.39896667,11.06566667,31,round_start,0,0.020466299727559,0.0006175463204272,0.0,-0.0,0.0,0.0,0.0373268873441294,0.7406716858450393,0.0,0.0,0.0,0.0,0.0,0.971439577106738,0,0,0,0,0,0,0,0,0,0,kept_final_floor,0.9789162278175354,0.0210838466882705,0.0006175463204272,0,0,0,0,0,0,0.0,0.0,0.0,1,0,0,0,0,0,0.0320580514962783
32,0,14/2,14,2,32,32,10.6656,11.3323,32,round_start,0,0.0832547321915626,0.0020415880717337,0.0,-0.0,0.0,0.0,0.0373268873441294,0.7463969355040537,0.0,0.0,0.0,1.0,0.0,0.9744431526450308,0,0,0,0,0,0,0,0,0,0,kept_final_floor,0.914703607559204,0.0852963179349899,0.0020415880717337,0,0,0,0,0,0,0.0,0.0,0.0,1,0,0,0,0,0,0.579373592045158
32,1,14/10,14,10,32,0,10.7,11.3667,32,round_start,0,0.192328929901123,0.1202066838741302,0.0,-0.0,0.0,0.0,0.0373268873441294,0.0,0.0,0.0,0.0,0.0,0.0,0.1051656545013589,0,0,0,0,0,0,0,0,0,0,kept_final_floor,0.6874643564224243,0.3125356137752533,0.1202066838741302,0,0,0,0,0,0,0.0,0.0,0.0,1,0,0,0,0,0,0.5529480993747709
32,2,14/5,14,5,32,32,10.73226667,11.39896667,32,round_start,0,0.0227118451148271,0.0006882895249873,0.0,-0.0,0.0,0.0,0.0373268873441294,0.0,0.0,0.0,0.0,0.0,0.0,0.9744431526731436,0,0,0,0,0,0,0,0,0,0,kept_final_floor,0.9765998721122742,0.0234001353383064,0.0006882895249873,0,0,0,0,0,0,0.0,0.0,0.0,1,0,0,0,0,0,0.0355820046272127
32,3,14/3,14,3,32,32,10.6656,11.3323,32,round_start,0,0.0211429093033075,0.0006402054568752,0.0,-0.0,0.0,0.0,0.0373268873441294,0.7451941052545872,0.0,0.0,0.0,0.0,0.0,0.9744431526450308,0,0,0,0,0,0,0,0,0,0,kept_final_floor,0.9782168865203856,0.0217831153422594,0.0006402054568752,0,0,0,0,0,0,0.0,0.0,0.0,1,0,0,0,0,0,0.0331228159600866
32,4,14/1,14,1,32,32,10.6656,11.3323,32,round_start,0,0.0206351093947887,0.0006269076839089,0.0,-0.0,0.0,0.0,0.0373268873441294,0.7498321125019726,0.0,0.0,0.0,0.0,0.0,0.9744431526450308,0,0,0,0,0,0,0,0,0,0,kept_final_floor,0.978738009929657,0.0212620161473751,0.0006269076839089,0,0,0,0,0,0,0.0,0.0,0.0,1,0,0,0,0,0,0.0323318609967826
33,0,14/2,14,2,33,33,10.9989,11.6656,33,round_start,0,0.0833835825324058,0.0020450367592275,0.0,-0.0,0.0,0.0,0.0373268873441294,0.7440575470749403,0.0,0.0,0.0,1.0,0.0,0.9771308552241076,0,0,0,0,0,0,0,0,0,0,kept_final_floor,0.9145714044570924,0.0854286178946495,0.0020450367592275,0,0,0,0,0,0,0.0,0.0,0.0,1,0,0,0,0,0,0.5795744546689092
33,1,14/10,14,10,33,1,11.0333,11.7,33,round_start,0,0.1187167093157768,0.0438160374760627,0.0,-0.0,0.0,0.0,0.0373268873441294,0.0,0.0,0.0,0.0,0.0,0.0,0.1992714941160184,0,0,0,0,0,0,0,0,0,0,kept_final_floor,0.8374671936035156,0.1625327467918396,0.0438160374760627,0,0,0,0,0,0,0.0,0.0,0.0,1,0,0,0,0,0,0.2744703464210031
33,2,14/5,14,5,33,33,11.06556667,11.73226667,33,round_start,0,0.0242992918938398,0.0007355066481977,0.0,-0.0,0.0,0.0,0.0373268873441294,0.0,0.0,0.0,0.0,0.0,0.0,0.9771308552492636,0,0,0,0,0,0,0,0,0,0,kept_final_floor,0.974965274333954,0.0250347983092069,0.0007355066481977,0,0,0,0,0,0,0.0,0.0,0.0,1,0,0,0,0,0,0.0380670524667946
33,3,14/3,14,3,33,33,10.9989,11.6656,33,round_start,0,0.0209472607821226,0.0006343691493384,0.0,-0.0,0.0,0.0,0.0373268873441294,0.7437547556427632,0.0,0.0,0.0,0.0,0.0,0.9771308552241076,0,0,0,0,0,0,0,0,0,0,kept_final_floor,0.9784184098243712,0.0215816292911767,0.0006343691493384,0,0,0,0,0,0,0.0,0.0,0.0,1,0,0,0,0,0,0.0328165033017283
33,4,14/1,14,1,33,33,10.9989,11.6656,33,round_start,0,0.0206790454685688,0.0006283522234298,0.0,-0.0,0.0,0.0,0.0373268873441294,0.7497241233439756,0.0,0.0,0.0,0.0,0.0,0.9771308552241076,0,0,0,0,0,0,0,0,0,0,kept_final_floor,0.978692591190338,0.0213073976337909,0.0006283522234298,0,0,0,0,0,0,0.0,0.0,0.0,1,0,0,0,0,0,0.0324009430943987
34,0,14/2,14,2,34,34,11.3322,11.9989,34,round_start,0,0.0835090205073356,0.0020485057029873,0.0,-0.0,0.0,0.0,0.0373268873441294,0.7441892805992044,0.0,0.0,0.0,1.0,0.0,0.9795359038023506,0,0,0,0,0,0,0,0,0,0,kept_final_floor,0.9144424796104432,0.0855575278401374,0.0020485057029873,0,0,0,0,0,0,0.0,0.0,0.0,1,0,0,0,0,0,0.5797702433075754
34,1,14/10,14,10,34,2,11.3666,12.0333,34,round_start,0,0.0793017148971557,0.0164677947759628,0.0,-0.0,0.0,0.0,0.0373268873441294,0.0,0.0,0.0,0.0,0.0,0.0,0.2834806315152026,0,0,0,0,0,0,0,0,0,0,kept_final_floor,0.904230535030365,0.0957695096731185,0.0164677947759628,0,0,0,0,0,0,0.0,0.0,0.0,1,0,0,0,0,0,0.1551817208528517
34,2,14/5,14,5,34,34,11.39886667,12.06556667,34,round_start,0,0.0252069700509309,0.0007634972571395,0.0,-0.0,0.0,0.0,0.0373268873441294,0.0,0.0,0.0,0.0,0.0,0.0,0.9795359038248612,0,0,0,0,0,0,0,0,0,0,kept_final_floor,0.9740296006202698,0.0259704664349555,0.0007634972571395,0,0,0,0,0,0,0.0,0.0,0.0,1,0,0,0,0,0,0.0394901490421032
34,3,14/3,14,3,34,34,11.3322,11.9989,34,round_start,0,0.0208794828504323,0.000632431183476,0.0,-0.0,0.0,0.0,0.0373268873441294,0.7359888198699489,0.0,0.0,0.0,0.0,0.0,0.9795359038023506,0,0,0,0,0,0,0,0,0,0,kept_final_floor,0.9784881472587584,0.0215119142085313,0.000632431183476,0,0,0,0,0,0,0.0,0.0,0.0,1,0,0,0,0,0,0.0327105728792956
34,4,14/1,14,1,34,34,11.3322,11.9989,34,round_start,0,0.0207180920988321,0.0006296591600403,0.0,-0.0,0.0,0.0,0.0373268873441294,0.7497214380093414,0.0,0.0,0.0,0.0,0.0,0.9795359038023506,0,0,0,0,0,0,0,0,0,0,kept_final_floor,0.97865229845047,0.021347751840949,0.0006296591600403,0,0,0,0,0,0,0.0,0.0,0.0,1,0,0,0,0,0,0.0324623883003368
35,0,14/2,14,2,35,35,11.6655,12.3322,35,round_start,0,0.0835974738001823,0.0020511988550424,0.0,-0.0,0.0,0.0,0.0373268873441294,0.7464582661287011,0.0,0.0,0.0,1.0,0.0,0.9816880238727552,0,0,0,0,0,0,0,0,0,0,kept_final_floor,0.9143514037132264,0.0856486707925796,0.0020511988550424,0,0,0,0,0,0,0.0,0.0,0.0,1,0,0,0,0,0,0.5799088481813668
35,1,14/10,14,10,35,3,11.6999,12.3666,35,round_start,0,0.0556892566382885,0.006822747644037,0.0,-0.0,0.0,0.0,0.0373268873441294,0.0,0.0,0.0,0.0,0.0,0.0,0.3588338598648067,0,0,0,0,0,0,0,0,0,0,kept_final_floor,0.9374880194664,0.0625120028853416,0.006822747644037,0,0,0,0,0,0,0.0,0.0,0.0,1,0,0,0,0,0,0.0985439297743141
35,2,14/5,14,5,35,35,11.73216667,12.39886667,35,round_start,0,0.0257442388683557,0.0007804295746609,0.0,-0.0,0.0,0.0,0.0373268873441294,0.0,0.0,0.0,0.0,0.0,0.0,0.9816880238928984,0,0,0,0,0,0,0,0,0,0,kept_final_floor,0.9734752774238586,0.026524668559432,0.0007804295746609,0,0,0,0,0,0,0.0,0.0,0.0,1,0,0,0,0,0,0.0403333033667875
35,3,14/3,14,3,35,35,11.6655,12.3322,35,round_start,0,0.0208533629775047,0.0006318085361272,0.0,-0.0,0.0,0.0,0.0373268873441294,0.7372691920707318,0.0,0.0,0.0,0.0,0.0,0.9816880238727552,0,0,0,0,0,0,0,0,0,0,kept_final_floor,0.978514850139618,0.0214851722121238,0.0006318085361272,0,0,0,0,0,0,0.0,0.0,0.0,1,0,0,0,0,0,0.0326700232457368
35,4,14/1,14,1,35,35,11.6655,12.3322,35,round_start,0,0.0207526758313179,0.0006308376905508,0.0,-0.0,0.0,0.0,0.0373268873441294,0.7498417105573079,0.0,0.0,0.0,0.0,0.0,0.9816880238727552,0,0,0,0,0,0,0,0,0,0,kept_final_floor,0.9786165356636048,0.0213835127651691,0.0006308376905508,0,0,0,0,0,0,0.0,0.0,0.0,1,0,0,0,0,0,0.0325168566661886
36,0,14/2,14,2,36,36,11.9988,12.6655,36,round_start,0,0.0836886614561081,0.0020541343837976,0.0,-0.0,0.0,0.0,0.0373268873441294,0.7459256904934661,0.0,0.0,0.0,1.0,0.0,0.98361381482739,0,0,0,0,0,0,0,0,0,0,kept_final_floor,0.9142572283744812,0.0857427939772605,0.0020541343837976,0,0,0,0,0,0,0.0,0.0,0.0,1,0,0,0,0,0,0.5800520878285169
36,1,14/11,14,11,36,0,11.9,12.5667,36,round_start,0,0.192328929901123,0.1202066838741302,0.0,-0.0,0.0,0.0,0.0373268873441294,0.0,0.0,0.0,0.0,0.0,0.0,0.1051656545013589,0,0,0,0,0,0,0,0,0,0,kept_final_floor,0.6874643564224243,0.3125356137752533,0.1202066838741302,0,0,0,0,0,0,0.0,0.0,0.0,1,0,0,0,0,0,0.5529480993747709
36,2,14/10,14,10,36,4,12.0332,12.6999,36,round_start,0,0.0415377989411354,0.0033323555253446,0.0,-0.0,0.0,0.0,0.0373268873441294,0.0,0.0,0.0,0.0,0.0,0.0,0.4262625166362341,0,0,0,0,0,0,0,0,0,0,kept_final_floor,0.9551298022270204,0.0448701530694961,0.0033323555253446,0,0,0,0,0,0,0.0,0.0,0.0,1,0,0,0,0,0,0.0696378805674612
36,3,14/5,14,5,36,36,12.06546667,12.73216667,36,round_start,0,0.0260784346610307,0.0007910124841146,0.0,-0.0,0.0,0.0,0.0373268873441294,0.0,0.0,0.0,0.0,0.0,0.0,0.983613814845415,0,0,0,0,0,0,0,0,0,0,kept_final_floor,0.9731305241584778,0.0268694479018449,0.0007910124841146,0,0,0,0,0,0,0.0,0.0,0.0,1,0,0,0,0,0,0.0408578794565981
36,4,14/3,14,3,36,36,11.9988,12.6655,36,round_start,0,0.0208291243761777,0.0006313188350759,0.0,-0.0,0.0,0.0,0.0373268873441294,0.7456070676600753,0.0,0.0,0.0,0.0,0.0,0.98361381482739,0,0,0,0,0,0,0,0,0,0,kept_final_floor,0.9785395860671996,0.0214604437351226,0.0006313188350759,0,0,0,0,0,0,0.0,0.0,0.0,1,0,0,0,0,0,0.0326325880014335
36,5,14/1,14,1,36,36,11.9988,12.6655,36,round_start,0,0.0207840930670499,0.0006319264648482,0.0,-0.0,0.0,0.0,0.0373268873441294,0.7497195473690725,0.0,0.0,0.0,0.0,0.0,0.98361381482739,0,0,0,0,0,0,0,0,0,0,kept_final_floor,0.9785839915275574,0.0214160196483135,0.0006319264648482,0,0,0,0,0,0,0.0,0.0,0.0,1,0,0,0,0,0,0.0325663778232408
37,0,14/2,14,2,37,37,12.3321,12.9988,37,round_start,0,0.0838067829608917,0.0020577788818627,0.0,-0.0,0.0,0.0,0.0373268873441294,0.7436967593950253,0.0,0.0,0.0,1.0,0.0,0.985337078715848,0,0,0,0,0,0,0,0,0,0,kept_final_floor,0.9141354560852052,0.0858645588159561,0.0020577788818627,0,0,0,0,0,0,0.0,0.0,0.0,1,0,0,0,0,0,0.5802372879814355
37,1,14/11,14,11,37,1,12.2333,12.9,37,round_start,0,0.1187167093157768,0.0438160374760627,0.0,-0.0,0.0,0.0,0.0373268873441294,0.0,0.0,0.0,0.0,0.0,0.0,0.1992714941160186,0,0,0,0,0,0,0,0,0,0,kept_final_floor,0.8374671936035156,0.1625327467918396,0.0438160374760627,0,0,0,0,0,0,0.0,0.0,0.0,1,0,0,0,0,0,0.2744703464210031
37,2,14/10,14,10,37,5,12.3665,13.0332,37,round_start,0,0.0333454199135303,0.0019658685196191,0.0,-0.0,0.0,0.0,0.0373268873441294,0.0,0.0,0.0,0.0,0.0,0.0,0.4865999945861471,0,0,0,0,0,0,0,0,0,0,kept_final_floor,0.9646885991096495,0.0353112891316413,0.0019658685196191,0,0,0,0,0,0,0.0,0.0,0.0,1,0,0,0,0,0,0.0543430406134574
37,3,14/5,14,5,37,37,12.39876667,13.06546667,37,round_start,0,0.0262944567948579,0.0007978043286129,0.0,-0.0,0.0,0.0,0.0373268873441294,0.0,0.0,0.0,0.0,0.0,0.0,0.9853370787319772,0,0,0,0,0,0,0,0,0,0,kept_final_floor,0.9729077219963074,0.0270922612398862,0.0007978043286129,0,0,0,0,0,0,0.0,0.0,0.0,1,0,0,0,0,0,0.0411968547152352
37,4,14/3,14,3,37,37,12.3321,12.9988,37,round_start,0,0.020841272547841,0.0006320105167105,0.0,-0.0,0.0,0.0,0.0373268873441294,0.7394707958356048,0.0,0.0,0.0,0.0,0.0,0.985337078715848,0,0,0,0,0,0,0,0,0,0,kept_final_floor,0.9785267114639282,0.0214732829481363,0.0006320105167105,0,0,0,0,0,0,0.0,0.0,0.0,1,0,0,0,0,0,0.0326523319585246
37,5,14/1,14,1,37,37,12.3321,12.9988,37,round_start,0,0.0208123065531253,0.0006329173920676,0.0,-0.0,0.0,0.0,0.0373268873441294,0.7497192563643205,0.0,0.0,0.0,0.0,0.0,0.985337078715848,0,0,0,0,0,0,0,0,0,0,kept_final_floor,0.9785547852516174,0.0214452240616083,0.0006329173920676,0,0,0,0,0,0,0.0,0.0,0.0,1,0,0,0,0,0,0.0326108780922366
38,0,14/2,14,2,38,38,12.6654,13.3321,38,round_start,0,0.0839176997542381,0.0020612019579857,0.0,-0.0,0.0,0.0,0.0373268873441294,0.7436967593950253,0.0,0.0,0.0,1.0,0.0,0.986879114429598,0,0,0,0,0,0,0,0,0,0,kept_final_floor,0.914021134376526,0.0859789028763771,0.0020612019579857,0,0,0,0,0,0,0.0,0.0,0.0,1,0,0,0,0,0,0.5804111939389257
38,1,14/11,14,11,38,2,12.5666,13.2333,38,round_start,0,0.0793017148971557,0.0164677947759628,0.0,-0.0,0.0,0.0,0.0373268873441294,0.0,0.0,0.0,0.0,0.0,0.0,0.2834806315152028,0,0,0,0,0,0,0,0,0,0,kept_final_floor,0.904230535030365,0.0957695096731185,0.0164677947759628,0,0,0,0,0,0,0.0,0.0,0.0,1,0,0,0,0,0,0.1551817208528517
38,2,14/10,14,10,38,6,12.6998,13.3665,38,round_start,0,0.0287088043987751,0.0013686352176591,0.0,-0.0,0.0,0.0,0.0373268873441294,0.0,0.0,0.0,0.0,0.0,0.0,0.5405920421764963,0,0,0,0,0,0,0,0,0,0,kept_final_floor,0.9699225425720216,0.030077438801527,0.0013686352176591,0,0,0,0,0,0,0.0,0.0,0.0,1,0,0,0,0,0,0.0460742040770126
38,3,14/5,14,5,38,38,12.73206667,13.39876667,38,round_start,0,0.0230583641678094,0.0006947888759896,0.0,-0.0,0.0,0.0,0.0373268873441294,0.998274074795508,0.0,0.0,0.0,0.0,0.0,0.9868791144440308,0,0,0,0,0,0,0,0,0,0,kept_final_floor,0.9762468338012696,0.0237531531602144,0.0006947888759896,0,0,0,0,0,0,0.0,0.0,0.0,1,0,0,0,0,0,0.0361160817788912
38,4,14/3,14,3,38,38,12.6654,13.3321,38,round_start,0,0.0208542272448539,0.0006326892180368,0.0,-0.0,0.0,0.0,0.0373268873441294,0.741844927044321,0.0,0.0,0.0,0.0,0.0,0.986879114429598,0,0,0,0,0,0,0,0,0,0,kept_final_floor,0.9785131216049194,0.0214869156479835,0.0006326892180368,0,0,0,0,0,0,0.0,0.0,0.0,1,0,0,0,0,0,0.0326732571469618
38,5,14/1,14,1,38,38,12.6654,13.3321,38,round_start,0,0.020837677642703,0.0006338221719488,0.0,-0.0,0.0,0.0,0.0373268873441294,0.7497191176252307,0.0,0.0,0.0,0.0,0.0,0.986879114429598,0,0,0,0,0,0,0,0,0,0,kept_final_floor,0.9785284399986268,0.0214715003967285,0.0006338221719488,0,0,0,0,0,0,0.0,0.0,0.0,1,0,0,0,0,0,0.0326509252423418
39,0,14/2,14,2,39,39,12.9987,13.6654,39,round_start,0,0.0840179249644279,0.002064385684207,0.0,-0.0,0.0,0.0,0.0373268873441294,0.7436548993359786,0.0,0.0,0.0,1.0,0.0,0.9882589809482466,0,0,0,0,0,0,0,0,0,0,kept_final_floor,0.9139177799224854,0.0860823094844818,0.002064385684207,0,0,0,0,0,0,0.0,0.0,0.0,1,0,0,0,0,0,0.5805685359518973
39,1,14/11,14,11,39,3,12.8999,13.5666,39,round_start,0,0.0556892566382885,0.006822747644037,0.0,-0.0,0.0,0.0,0.0373268873441294,0.0,0.0,0.0,0.0,0.0,0.0,0.3588338598648067,0,0,0,0,0,0,0,0,0,0,kept_final_floor,0.9374880194664,0.0625120028853416,0.006822747644037,0,0,0,0,0,0,0.0,0.0,0.0,1,0,0,0,0,0,0.0985439297743141
39,2,14/10,14,10,39,7,13.0331,13.6998,39,round_start,0,0.0261198710650205,0.0010784575715661,0.0,-0.0,0.0,0.0,0.0373268873441294,0.0,0.0,0.0,0.0,0.0,0.0,0.5889059807441377,0,0,0,0,0,0,0,0,0,0,kept_final_floor,0.972801685333252,0.0271983295679092,0.0010784575715661,0,0,0,0,0,0,0.0,0.0,0.0,1,0,0,0,0,0,0.0415524132549761
39,3,14/5,14,5,39,39,13.06536667,13.73206667,39,round_start,0,0.0219158139079809,0.0006634215242229,0.0,-0.0,0.0,0.0,0.0373268873441294,0.7439769395699776,0.0,0.0,0.0,0.0,0.0,0.9882589809611616,0,0,0,0,0,0,0,0,0,0,kept_final_floor,0.9774207472801208,0.0225792359560728,0.0006634215242229,0,0,0,0,0,0,0.0,0.0,0.0,1,0,0,0,0,0,0.0343332482152617
39,4,14/3,14,3,39,39,12.9987,13.6654,39,round_start,0,0.0208708811551332,0.0006334906211122,0.0,-0.0,0.0,0.0,0.0373268873441294,0.7418482462596468,0.0,0.0,0.0,0.0,0.0,0.9882589809482466,0,0,0,0,0,0,0,0,0,0,kept_final_floor,0.9784956574440002,0.0215043723583221,0.0006334906211122,0,0,0,0,0,0,0.0,0.0,0.0,1,0,0,0,0,0,0.0327000010991466
39,5,14/1,14,1,39,39,12.9987,13.6654,39,round_start,0,0.0208670273423194,0.0006348462775349,0.0,-0.0,0.0,0.0,0.0373268873441294,0.7470885989841356,0.0,0.0,0.0,0.0,0.0,0.9882589809482466,0,0,0,0,0,0,0,0,0,0,kept_final_floor,0.9784980416297911,0.0215018726885318,0.0006348462775349,0,0,0,0,0,0,0.0,0.0,0.0,1,0,0,0,0,0,0.0326972028240558
40,0,14/2,14,2,40,40,13.332,13.9987,40,round_start,0,0.0841113105416297,0.0020674085244536,0.0,-0.0,0.0,0.0,0.0373268873441294,0.7433907071536588,0.0,0.0,0.0,1.0,0.0,0.9894937329013372,0,0,0,0,0,0,0,0,0,0,kept_final_floor,0.913821280002594,0.086178719997406,0.0020674085244536,0,0,0,0,0,0,0.0,0.0,0.0,1,0,0,0,0,0,0.5807152645662425
40,1,14/11,14,11,40,4,13.2332,13.8999,40,round_start,0,0.0415377989411354,0.0033323555253446,0.0,-0.0,0.0,0.0,0.0373268873441294,0.0,0.0,0.0,0.0,0.0,0.0,0.4262625166362342,0,0,0,0,0,0,0,0,0,0,kept_final_floor,0.9551298022270204,0.0448701530694961,0.0033323555253446,0,0,0,0,0,0,0.0,0.0,0.0,1,0,0,0,0,0,0.0696378805674612
40,2,14/10,14,10,40,8,13.3664,14.0331,40,round_start,0,0.0247059669345617,0.0009252557065337,0.0,-0.0,0.0,0.0,0.0373268873441294,0.0,0.0,0.0,0.0,0.0,0.0,0.6321389523407746,0,0,0,0,0,0,0,0,0,0,kept_final_floor,0.9743688106536864,0.0256312228739261,0.0009252557065337,0,0,0,0,0,0,0.0,0.0,0.0,1,0,0,0,0,0,0.0390945129562166
40,3,14/1,14,1,40,40,13.332,13.9987,40,round_start,0,0.0208914000540971,0.0006357039092108,0.0,-0.0,0.0,0.0,0.0373268873441294,0.747108915067238,0.0,0.0,0.0,0.0,0.0,0.9894937329013372,0,0,0,0,0,0,0,0,0,0,kept_final_floor,0.9784729480743408,0.0215271040797233,0.0006357039092108,0,0,0,0,0,0,0.0,0.0,0.0,1,0,0,0,0,0,0.0327356486814094
40,4,14/3,14,3,40,40,13.332,13.9987,40,round_start,0,0.02089106105268,0.0006343837594613,0.0,-0.0,0.0,0.0,0.0373268873441294,0.741249352802484,0.0,0.0,0.0,0.0,0.0,0.9894937329013372,0,0,0,0,0,0,0,0,0,0,kept_final_floor,0.9784745573997498,0.0215254444628953,0.0006343837594613,0,0,0,0,0,0,0.0,0.0,0.0,1,0,0,0,0,0,0.0327322358498348
40,5,14/5,14,5,40,40,13.39866667,14.06536667,40,round_start,0,0.0208121128380298,0.0006298747612163,0.0,-0.0,0.0,0.0,0.0373268873441294,0.9964830792635596,0.0,0.0,0.0,0.0,0.0,0.989493732912894,0,0,0,0,0,0,0,0,0,0,kept_final_floor,0.9785580039024352,0.0214419867843389,0.0006298747612163,0,0,0,0,0,0,0.0,0.0,0.0,1,0,0,0,0,0,0.0326038937317205
41,0,14/2,14,2,41,41,13.6653,14.332,41,round_start,0,0.0810349360108375,0.0019918812904506,0.0,-0.0,0.0,0.0,0.0373268873441294,0.99933657789431,0.0,0.0,0.0,1.0,0.0,0.990598631357134,0,0,0,0,0,0,0,0,0,0,kept_final_floor,0.9169731736183168,0.0830268189311027,0.0019918812904506,0,0,0,0,0,0,0.0,0.0,0.0,1,0,0,0,0,0,0.5759345428552476
41,1,14/11,14,11,41,5,13.5665,14.2332,41,round_start,0,0.0333454199135303,0.0019658685196191,0.0,-0.0,0.0,0.0,0.0373268873441294,0.0,0.0,0.0,0.0,0.0,0.0,0.4865999945861472,0,0,0,0,0,0,0,0,0,0,kept_final_floor,0.9646885991096495,0.0353112891316413,0.0019658685196191,0,0,0,0,0,0,0.0,0.0,0.0,1,0,0,0,0,0,0.0543430406134574
41,2,14/10,14,10,41,9,13.6997,14.3664,41,round_start,0,0.0239737816154956,0.0008396573248319,0.0,-0.0,0.0,0.0,0.0373268873441294,0.0,0.0,0.0,0.0,0.0,0.0,0.6708253001834126,0,0,0,0,0,0,0,0,0,0,kept_final_floor,0.97518652677536,0.0248134396970272,0.0008396573248319,0,0,0,0,0,0,0.0,0.0,0.0,1,0,0,0,0,0,0.0378079185378735
41,3,14/1,14,1,41,41,13.6653,14.332,41,round_start,0,0.0209064707159996,0.0006362751009874,0.0,-0.0,0.0,0.0,0.0373268873441294,0.7492277648088105,0.0,0.0,0.0,0.0,0.0,0.990598631357134,0,0,0,0,0,0,0,0,0,0,kept_final_floor,0.9784573316574096,0.0215427465736866,0.0006362751009874,0,0,0,0,0,0,0.0,0.0,0.0,1,0,0,0,0,0,0.0327595112961716
41,4,14/5,14,5,41,41,13.73196667,14.39866667,41,round_start,0,0.0208208430558443,0.0006311136530712,0.0,-0.0,0.0,0.0,0.0373268873441294,0.7427345292408901,0.0,0.0,0.0,0.0,0.0,0.9905986313674756,0,0,0,0,0,0,0,0,0,0,kept_final_floor,0.9785480499267578,0.0214519575238227,0.0006311136530712,0,0,0,0,0,0,0.0,0.0,0.0,1,0,0,0,0,0,0.032619714620523
41,5,14/3,14,3,41,41,13.6653,14.332,41,round_start,0,0.0203086305409669,0.0006169082480482,0.0,-0.0,0.0,0.0,0.0373268873441294,0.9969279196460636,0.0,0.0,0.0,0.0,0.0,0.990598631357134,0,0,0,0,0,0,0,0,0,0,kept_final_floor,0.9790744185447692,0.0209255386143922,0.0006169082480482,0,0,0,0,0,0,0.0,0.0,0.0,1,0,0,0,0,0,0.0318201439571563
42,0,14/2,14,2,42,42,13.9986,14.6653,42,round_start,0,0.0815716609358787,0.0020124113652855,0.0,-0.0,0.0,0.0,0.0373268873441294,0.7408865912146004,0.0,0.0,0.0,1.0,0.0,0.9915873324436696,0,0,0,0,0,0,0,0,0,0,kept_final_floor,0.9164158701896667,0.0835840702056884,0.0020124113652855,0,0,0,0,0,0,0.0,0.0,0.0,1,0,0,0,0,0,0.5767847964074462
42,1,14/11,14,11,42,6,13.8998,14.5665,42,round_start,0,0.0287088043987751,0.0013686352176591,0.0,-0.0,0.0,0.0,0.0373268873441294,0.0,0.0,0.0,0.0,0.0,0.0,0.5405920421764963,0,0,0,0,0,0,0,0,0,0,kept_final_floor,0.9699225425720216,0.030077438801527,0.0013686352176591,0,0,0,0,0,0,0.0,0.0,0.0,1,0,0,0,0,0,0.0460742040770126
42,2,14/10,14,10,42,10,14.033,14.6997,42,round_start,0,0.0236411429941654,0.0007902666693553,0.0,-0.0,0.0,0.0,0.0373268873441294,0.0,0.0,0.0,0.0,0.0,0.0,0.7054431729349124,0,0,0,0,0,0,0,0,0,0,kept_final_floor,0.9755685925483704,0.0244314093142747,0.0007902666693553,0,0,0,0,0,0,0.0,0.0,0.0,1,0,0,0,0,0,0.0372003011638297
42,3,14/1,14,1,42,42,13.9986,14.6653,42,round_start,0,0.0209259986877441,0.0006369874463416,0.0,-0.0,0.0,0.0,0.0373268873441294,0.7471854460518613,0.0,0.0,0.0,0.0,0.0,0.9915873324436696,0,0,0,0,0,0,0,0,0,0,kept_final_floor,0.9784370064735411,0.0215629860758781,0.0006369874463416,0,0,0,0,0,0,0.0,0.0,0.0,1,0,0,0,0,0,0.0327903704135676
42,4,14/5,14,5,42,42,14.06526667,14.73196667,42,round_start,0,0.0208783876150846,0.0006325747235678,0.0,-0.0,0.0,0.0,0.0373268873441294,0.7427289197393001,0.0,0.0,0.0,0.0,0.0,0.9915873324529236,0,0,0,0,0,0,0,0,0,0,kept_final_floor,0.9784890413284302,0.0215109623968601,0.0006325747235678,0,0,0,0,0,0,0.0,0.0,0.0,1,0,0,0,0,0,0.032709245814476
42,5,14/3,14,3,42,42,13.9986,14.6653,42,round_start,0,0.0199899487197399,0.0006083814660087,0.0,-0.0,0.0,0.0,0.0373268873441294,0.9978885247196072,0.0,0.0,0.0,0.0,0.0,0.9915873324436696,0,0,0,0,0,0,0,0,0,0,kept_final_floor,0.9794015884399414,0.020598329603672,0.0006083814660087,0,0,0,0,0,0,0.0,0.0,0.0,1,0,0,0,0,0,0.0313233623048289
43,0,14/2,14,2,43,43,14.3319,14.9986,43,round_start,0,0.0824068039655685,0.0020310413092374,0.0,-0.0,0.0,0.0,0.0373268873441294,0.7419556536619717,0.0,0.0,0.0,1.0,0.0,0.9924720561333336,0,0,0,0,0,0,0,0,0,0,kept_final_floor,0.915562093257904,0.0844378471374511,0.0020310413092374,0,0,0,0,0,0,0.0,0.0,0.0,1,0,0,0,0,0,0.5780784968286751
43,1,14/12,14,12,43,0,14.46666667,15.13336667,43,round_start,0,0.192328929901123,0.1202066838741302,0.0,-0.0,0.0,0.0,0.0373268873441294,0.0,0.0,0.0,0.0,0.0,0.0,0.1051656545013587,0,0,0,0,0,0,0,0,0,0,kept_final_floor,0.6874643564224243,0.3125356137752533,0.1202066838741302,0,0,0,0,0,0,0.0,0.0,0.0,1,0,0,0,0,0,0.5529480993747709
43,2,14/11,14,11,43,7,14.2331,14.8998,43,round_start,0,0.0261198710650205,0.0010784575715661,0.0,-0.0,0.0,0.0,0.0373268873441294,0.0,0.0,0.0,0.0,0.0,0.0,0.5889059807441377,0,0,0,0,0,0,0,0,0,0,kept_final_floor,0.972801685333252,0.0271983295679092,0.0010784575715661,0,0,0,0,0,0,0.0,0.0,0.0,1,0,0,0,0,0,0.0415524132549761
43,3,14/10,14,10,43,11,14.3663,15.033,43,round_start,0,0.0235438700765371,0.0007615515496581,0.0,-0.0,0.0,0.0,0.0373268873441294,0.0,0.0,0.0,0.0,0.0,0.0,0.7364204344410559,0,0,0,0,0,0,0,0,0,0,kept_final_floor,0.9756946563720704,0.0243054218590259,0.0007615515496581,0,0,0,0,0,0,0.0,0.0,0.0,1,0,0,0,0,0,0.0369912185240534
43,4,14/5,14,5,43,43,14.39856667,15.06526667,43,round_start,0,0.0230683479458093,0.0007025970844551,0.0,-0.0,0.0,0.0,0.0373268873441294,0.0,0.0,0.0,0.0,0.0,0.0,0.9924720561416144,0,0,0,0,0,0,0,0,0,0,kept_final_floor,0.9762291312217712,0.0237709451466798,0.0007025970844551,0,0,0,0,0,0,0.0,0.0,0.0,1,0,0,0,0,0,0.0361482355045151
43,5,14/1,14,1,43,43,14.3319,14.9986,43,round_start,0,0.020945880562067,0.0006376931560225,0.0,-0.0,0.0,0.0,0.0373268873441294,0.7460172649555935,0.0,0.0,0.0,0.0,0.0,0.9924720561333336,0,0,0,0,0,0,0,0,0,0,kept_final_floor,0.9784164428710938,0.0215835738927125,0.0006376931560225,0,0,0,0,0,0,0.0,0.0,0.0,1,0,0,0,0,0,0.03282174578635
43,6,14/3,14,3,43,43,14.3319,14.9986,43,round_start,0,0.0198564771562814,0.0006050114752724,0.0,-0.0,0.0,0.0,0.0373268873441294,0.996995074607306,0.0,0.0,0.0,0.0,0.0,0.9924720561333336,0,0,0,0,0,0,0,0,0,0,kept_final_floor,0.9795385003089904,0.0204614885151386,0.0006050114752724,0,0,0,0,0,0,0.0,0.0,0.0,1,0,0,0,0,0,0.0311157409800213
44,0,14/2,14,2,44,44,14.6652,15.3319,44,round_start,0,0.0830428674817085,0.0020452365279197,0.0,-0.0,0.0,0.0,0.0373268873441294,0.7422283279072479,0.0,0.0,0.0,1.0,0.0,0.993263737277121,0,0,0,0,0,0,0,0,0,0,kept_final_floor,0.914911925792694,0.0850881040096283,0.0020452365279197,0,0,0,0,0,0,0.0,0.0,0.0,1,0,0,0,0,0,0.5790638215839861
44,1,14/12,14,12,44,1,14.79996667,15.46666667,44,round_start,0,0.1187167093157768,0.0438160374760627,0.0,-0.0,0.0,0.0,0.0373268873441294,0.0,0.0,0.0,0.0,0.0,0.0,0.1992714941160184,0,0,0,0,0,0,0,0,0,0,kept_final_floor,0.8374671936035156,0.1625327467918396,0.0438160374760627,0,0,0,0,0,0,0.0,0.0,0.0,1,0,0,0,0,0,0.2744703464210031
44,2,14/11,14,11,44,8,14.5664,15.2331,44,round_start,0,0.0247059669345617,0.0009252557065337,0.0,-0.0,0.0,0.0,0.0373268873441294,0.0,0.0,0.0,0.0,0.0,0.0,0.6321389523407747,0,0,0,0,0,0,0,0,0,0,kept_final_floor,0.9743688106536864,0.0256312228739261,0.0009252557065337,0,0,0,0,0,0,0.0,0.0,0.0,1,0,0,0,0,0,0.0390945129562166
44,3,14/5,14,5,44,44,14.73186667,15.39856667,44,round_start,0,0.0246286261826753,0.0007492214208468,0.0,-0.0,0.0,0.0,0.0373268873441294,0.0,0.0,0.0,0.0,0.0,0.0,0.9932637372845308,0,0,0,0,0,0,0,0,0,0,kept_final_floor,0.974622130393982,0.0253778472542762,0.0007492214208468,0,0,0,0,0,0,0.0,0.0,0.0,1,0,0,0,0,0,0.0385912263998759
44,4,14/10,14,10,44,12,14.6996,15.3663,44,round_start,0,0.0235846117138862,0.0007452253485098,0.0,-0.0,0.0,0.0,0.0373268873441294,0.0,0.0,0.0,0.0,0.0,0.0,0.7641399519662461,0,0,0,0,0,0,0,0,0,0,kept_final_floor,0.9756701588630676,0.024329837411642,0.0007452253485098,0,0,0,0,0,0,0.0,0.0,0.0,1,0,0,0,0,0,0.0370164133375508
44,5,14/1,14,1,44,44,14.6652,15.3319,44,round_start,0,0.0209605377167463,0.0006382295396178,0.0,-0.0,0.0,0.0,0.0373268873441294,0.7466291029855247,0.0,0.0,0.0,0.0,0.0,0.993263737277121,0,0,0,0,0,0,0,0,0,0,kept_final_floor,0.978401243686676,0.0215987674891948,0.0006382295396178,0,0,0,0,0,0,0.0,0.0,0.0,1,0,0,0,0,0,0.0328449115622786
44,6,14/3,14,3,44,44,14.6652,15.3319,44,round_start,0,0.0203697495162487,0.0006211891886778,0.0,-0.0,0.0,0.0,0.0373268873441294,0.7448859180338253,0.0,0.0,0.0,0.0,0.0,0.993263737277121,0,0,0,0,0,0,0,0,0,0,kept_final_floor,0.979008972644806,0.0209909379482269,0.0006211891886778,0,0,0,0,0,0,0.0,0.0,0.0,1,0,0,0,0,0,0.0319212404894642
45,0,14/2,14,2,45,45,14.9985,15.6652,45,round_start,0,0.0835028290748596,0.002055870136246,0.0,-0.0,0.0,0.0,0.0373268873441294,0.7421859196121673,0.0,0.0,0.0,1.0,0.0,0.9939721607552656,0,0,0,0,0,0,0,0,0,0,kept_final_floor,0.9144414067268372,0.0855586975812912,0.002055870136246,0,0,0,0,0,0,0.0,0.0,0.0,1,0,0,0,0,0,0.5797771579120305
45,1,14/12,14,12,45,2,15.13326667,15.79996667,45,round_start,0,0.0793017148971557,0.0164677947759628,0.0,-0.0,0.0,0.0,0.0373268873441294,0.0,0.0,0.0,0.0,0.0,0.0,0.2834806315152026,0,0,0,0,0,0,0,0,0,0,kept_final_floor,0.904230535030365,0.0957695096731185,0.0164677947759628,0,0,0,0,0,0,0.0,0.0,0.0,1,0,0,0,0,0,0.1551817208528517
45,2,14/11,14,11,45,9,14.8997,15.5664,45,round_start,0,0.0239737816154956,0.0008396573248319,0.0,-0.0,0.0,0.0,0.0373268873441294,0.0,0.0,0.0,0.0,0.0,0.0,0.6708253001834127,0,0,0,0,0,0,0,0,0,0,kept_final_floor,0.97518652677536,0.0248134396970272,0.0008396573248319,0,0,0,0,0,0,0.0,0.0,0.0,1,0,0,0,0,0,0.0378079185378735
45,3,14/10,14,10,45,13,15.0329,15.6996,45,round_start,0,0.0237047560513019,0.0007365967030636,0.0,-0.0,0.0,0.0,0.0373268873441294,0.0,0.0,0.0,0.0,0.0,0.0,0.7889443282884377,0,0,0,0,0,0,0,0,0,0,kept_final_floor,0.975558578968048,0.0244413521140813,0.0007365967030636,0,0,0,0,0,0,0.0,0.0,0.0,1,0,0,0,0,0,0.0371776468236927
45,4,14/5,14,5,45,45,15.06516667,15.73186667,45,round_start,0,0.0230136811733245,0.0006960202008485,0.0,-0.0,0.0,0.0,0.0373268873441294,0.7395744528131002,0.0,0.0,0.0,0.0,0.0,0.9939721607618964,0,0,0,0,0,0,0,0,0,0,kept_final_floor,0.9762903451919556,0.0237097013741731,0.0006960202008485,0,0,0,0,0,0,0.0,0.0,0.0,1,0,0,0,0,0,0.0360517662018534
45,5,14/1,14,1,45,45,14.9985,15.6652,45,round_start,0,0.0209721233695745,0.0006386716268025,0.0,-0.0,0.0,0.0,0.0373268873441294,0.7470042144407462,0.0,0.0,0.0,0.0,0.0,0.9939721607552656,0,0,0,0,0,0,0,0,0,0,kept_final_floor,0.9783891439437866,0.0216107945889234,0.0006386716268025,0,0,0,0,0,0,0.0,0.0,0.0,1,0,0,0,0,0,0.0328632626333272
45,6,14/3,14,3,45,45,14.9985,15.6652,45,round_start,0,0.0206926893442869,0.0006306980503723,0.0,-0.0,0.0,0.0,0.0373268873441294,0.7423225443387306,0.0,0.0,0.0,0.0,0.0,0.9939721607552656,0,0,0,0,0,0,0,0,0,0,kept_final_floor,0.9786766171455384,0.0213233865797519,0.0006306980503723,0,0,0,0,0,0,0.0,0.0,0.0,1,0,0,0,0,0,0.0324265697272494
46,0,14/2,14,2,46,46,15.3318,15.9985,46,round_start,0,0.0838433504104614,0.0020641002338379,0.0,-0.0,0.0,0.0,0.0373268873441294,0.7418485384423018,0.0,0.0,0.0,1.0,0.0,0.9946060824146672,0,0,0,0,0,0,0,0,0,0,kept_final_floor,0.9140925407409668,0.0859074518084526,0.0020641002338379,0,0,0,0,0,0,0.0,0.0,0.0,1,0,0,0,0,0,0.5803060461301355
46,1,14/12,14,12,46,3,15.46656667,16.13326667,46,round_start,0,0.0478213839232921,0.0056881862692534,0.0,-0.0,0.0,0.0,0.0373268873441294,0.9944321514949008,0.0,0.0,0.0,0.0,0.0,0.3588338598648067,0,0,0,0,0,0,0,0,0,0,kept_final_floor,0.9464904069900512,0.0535095706582069,0.0056881862692534,0,0,0,0,0,0,0.0,0.0,0.0,1,0,0,0,0,0,0.0842460856772956
46,2,14/5,14,5,46,46,15.39846667,16.06516667,46,round_start,0,0.024306645616889,0.0007413369603455,0.0,-0.0,0.0,0.0,0.0373268873441294,0.0,0.0,0.0,0.0,0.0,0.0,0.9946060824206004,0,0,0,0,0,0,0,0,0,0,kept_final_floor,0.974951982498169,0.0250479821115732,0.0007413369603455,0,0,0,0,0,0,0.0,0.0,0.0,1,0,0,0,0,0,0.0380909097380936
46,3,14/10,14,10,46,14,15.3662,16.0329,46,round_start,0,0.0238684955984354,0.0007328659994527,0.0,-0.0,0.0,0.0,0.0373268873441294,0.0,0.0,0.0,0.0,0.0,0.0,0.8111401361402082,0,0,0,0,0,0,0,0,0,0,kept_final_floor,0.9753986597061156,0.0246013607829809,0.0007328659994527,0,0,0,0,0,0,0.0,0.0,0.0,1,0,0,0,0,0,0.037415048596449
46,4,14/11,14,11,46,10,15.233,15.8997,46,round_start,0,0.0236411429941654,0.0007902666693553,0.0,-0.0,0.0,0.0,0.0373268873441294,0.0,0.0,0.0,0.0,0.0,0.0,0.7054431729349124,0,0,0,0,0,0,0,0,0,0,kept_final_floor,0.9755685925483704,0.0244314093142747,0.0007902666693553,0,0,0,0,0,0,0.0,0.0,0.0,1,0,0,0,0,0,0.0372003011638297
46,5,14/1,14,1,46,46,15.3318,15.9985,46,round_start,0,0.020991563796997,0.00063935079379,0.0,-0.0,0.0,0.0,0.0373268873441294,0.7434400055184788,0.0,0.0,0.0,0.0,0.0,0.9946060824146672,0,0,0,0,0,0,0,0,0,0,kept_final_floor,0.978369116783142,0.0216309148818254,0.00063935079379,0,0,0,0,0,0,0.0,0.0,0.0,1,0,0,0,0,0,0.0328939174418335
46,6,14/3,14,3,46,46,15.3318,15.9985,46,round_start,0,0.0208738800138235,0.000636288372334,0.0,-0.0,0.0,0.0,0.0373268873441294,0.7339675609222599,0.0,0.0,0.0,0.0,0.0,0.9946060824146672,0,0,0,0,0,0,0,0,0,0,kept_final_floor,0.9784898161888124,0.0215101689100265,0.000636288372334,0,0,0,0,0,0,0.0,0.0,0.0,1,0,0,0,0,0,0.03271065443987
47,0,14/2,14,2,47,47,15.6651,16.3318,47,round_start,0,0.0840858817100524,0.0020702339243143,0.0,-0.0,0.0,0.0,0.0373268873441294,0.7426752687012027,0.0,0.0,0.0,1.0,0.0,0.9951733372878552,0,0,0,0,0,0,0,0,0,0,kept_final_floor,0.913843870162964,0.0861561149358749,0.0020702339243143,0,0,0,0,0,0,0.0,0.0,0.0,1,0,0,0,0,0,0.58068333719857
47,1,14/12,14,12,47,4,15.79986667,16.46656667,47,round_start,0,0.0313222967088222,0.0024876671377569,0.0,-0.0,0.0,0.0,0.0373268873441294,0.9949733681370104,0.0,0.0,0.0,0.0,0.0,0.4262625166362341,0,0,0,0,0,0,0,0,0,0,kept_final_floor,0.9661900401115416,0.0338099636137485,0.0024876671377569,0,0,0,0,0,0,0.0,0.0,0.0,1,0,0,0,0,0,0.0524563127662984
47,2,14/5,14,5,47,47,15.73176667,16.39846667,47,round_start,0,0.0253801308572292,0.0007730163051746,0.0,-0.0,0.0,0.0,0.0373268873441294,0.0,0.0,0.0,0.0,0.0,0.0,0.9951733372931644,0,0,0,0,0,0,0,0,0,0,kept_final_floor,0.9738467931747437,0.0261531472206115,0.0007730163051746,0,0,0,0,0,0,0.0,0.0,0.0,1,0,0,0,0,0,0.0397708321572279
47,3,14/10,14,10,47,15,15.6995,16.3662,47,round_start,0,0.0240541715174913,0.000732303771656,0.0,-0.0,0.0,0.0,0.0373268873441294,0.0,0.0,0.0,0.0,0.0,0.0,0.8310017073320607,0,0,0,0,0,0,0,0,0,0,kept_final_floor,0.9752134680747986,0.0247864760458469,0.000732303771656,0,0,0,0,0,0,0.0,0.0,0.0,1,0,0,0,0,0,0.0376923255738801
47,4,14/11,14,11,47,11,15.5663,16.233,47,round_start,0,0.0235438700765371,0.0007615515496581,0.0,-0.0,0.0,0.0,0.0373268873441294,0.0,0.0,0.0,0.0,0.0,0.0,0.7364204344410559,0,0,0,0,0,0,0,0,0,0,kept_final_floor,0.9756946563720704,0.0243054218590259,0.0007615515496581,0,0,0,0,0,0,0.0,0.0,0.0,1,0,0,0,0,0,0.0369912185240534
47,5,14/1,14,1,47,47,15.6651,16.3318,47,round_start,0,0.0210060663521289,0.0006398560944944,0.0,-0.0,0.0,0.0,0.0373268873441294,0.7436142252683609,0.0,0.0,0.0,0.0,0.0,0.9951733372878552,0,0,0,0,0,0,0,0,0,0,kept_final_floor,0.9783541560173036,0.0216459222137928,0.0006398560944944,0,0,0,0,0,0,0.0,0.0,0.0,1,0,0,0,0,0,0.032916782936081
47,6,14/3,14,3,47,47,15.6651,16.3318,47,round_start,0,0.0209628734737634,0.000639087462332,0.0,-0.0,0.0,0.0,0.0373268873441294,0.7370825485188015,0.0,0.0,0.0,0.0,0.0,0.9951733372878552,0,0,0,0,0,0,0,0,0,0,kept_final_floor,0.9783980846405028,0.0216019600629806,0.000639087462332,0,0,0,0,0,0,0.0,0.0,0.0,1,0,0,0,0,0,0.0328503026277755
48,0,14/2,14,2,48,48,15.9984,16.6651,48,round_start,0,0.0842397436499595,0.0020743794739246,0.0,-0.0,0.0,0.0,0.0373268873441294,0.7447797506822621,0.0,0.0,0.0,1.0,0.0,0.9956809364310352,0,0,0,0,0,0,0,0,0,0,kept_final_floor,0.9136859178543092,0.0863141268491745,0.0020743794739246,0,0,0,0,0,0,0.0,0.0,0.0,1,0,0,0,0,0,0.5809232503175734
48,1,14/12,14,12,48,5,16.13316667,16.79986667,48,round_start,0,0.0235493872314691,0.0014059218810871,0.0,-0.0,0.0,0.0,0.0373268873441294,0.997956704223649,0.0,0.0,0.0,0.0,0.0,0.486599994586147,0,0,0,0,0,0,0,0,0,0,kept_final_floor,0.97504460811615,0.0249553099274635,0.0014059218810871,0,0,0,0,0,0,0.0,0.0,0.0,1,0,0,0,0,0,0.0384171089855952
48,2,14/10,14,10,48,16,16.0328,16.6995,48,round_start,0,0.0242482740432024,0.0007337982533499,0.0,-0.0,0.0,0.0,0.0373268873441294,0.0,0.0,0.0,0.0,0.0,0.0,0.8487745233900967,0,0,0,0,0,0,0,0,0,0,kept_final_floor,0.9750179648399352,0.0249820724129676,0.0007337982533499,0,0,0,0,0,0,0.0,0.0,0.0,1,0,0,0,0,0,0.0379867672221733
48,3,14/5,14,5,48,48,16.06506667,16.73176667,48,round_start,0,0.0234327502548694,0.0007090120925568,0.0,-0.0,0.0,0.0,0.0373268873441294,0.7374794118238798,0.0,0.0,0.0,0.0,0.0,0.995680936435786,0,0,0,0,0,0,0,0,0,0,kept_final_floor,0.975858211517334,0.0241417624056339,0.0007090120925568,0,0,0,0,0,0,0.0,0.0,0.0,1,0,0,0,0,0,0.036708951985929
48,4,14/11,14,11,48,12,15.8996,16.5663,48,round_start,0,0.0205342564731836,0.0006463917670771,0.0,-0.0,0.0,0.0,0.0373268873441294,0.9323120607747604,0.0,0.0,0.0,0.0,0.0,0.7641399519662461,0,0,0,0,0,0,0,0,0,0,kept_final_floor,0.9788193106651306,0.0211806483566761,0.0006463917670771,0,0,0,0,0,0,0.0,0.0,0.0,1,0,0,0,0,0,0.032223446597345
48,5,14/1,14,1,48,48,15.9984,16.6651,48,round_start,0,0.0204178802669048,0.0006219501374289,0.0,-0.0,0.0,0.0,0.0373268873441294,0.9975739972978704,0.0,0.0,0.0,0.0,0.0,0.9956809364310352,0,0,0,0,0,0,0,0,0,0,kept_final_floor,0.9789601564407348,0.021039830520749,0.0006219501374289,0,0,0,0,0,0,0.0,0.0,0.0,1,0,0,0,0,0,0.0319951107027007
48,6,14/3,14,3,48,48,15.9984,16.6651,48,round_start,0,0.02039759978652,0.0006218569469638,0.0,-0.0,0.0,0.0,0.0373268873441294,0.9979089541797688,0.0,0.0,0.0,0.0,0.0,0.9956809364310352,0,0,0,0,0,0,0,0,0,0,kept_final_floor,0.978980541229248,0.0210194569081068,0.0006218569469638,0,0,0,0,0,0,0.0,0.0,0.0,1,0,0,0,0,0,0.0319644849631003
49,0,14/2,14,2,49,49,16.3317,16.9984,49,round_start,0,0.0843630582094192,0.00207792641595,0.0,-0.0,0.0,0.0,0.0373268873441294,0.7440530725424673,0.0,0.0,0.0,1.0,0.0,0.9961351535780982,0,0,0,0,0,0,0,0,0,0,kept_final_floor,0.913559079170227,0.0864409878849983,0.00207792641595,0,0,0,0,0,0,0.0,0.0,0.0,1,0,0,0,0,0,0.5811160254292188
49,1,14/10,14,10,49,17,16.3661,17.0328,49,round_start,0,0.0244425013661384,0.0007366143981926,0.0,-0.0,0.0,0.0,0.0373268873441294,0.0,0.0,0.0,0.0,0.0,0.0,0.8646782496150571,0,0,0,0,0,0,0,0,0,0,kept_final_floor,0.9748207926750184,0.0251791160553693,0.0007366143981926,0,0,0,0,0,0,0.0,0.0,0.0,1,0,0,0,0,0,0.0382843037252313
49,2,14/12,14,12,49,6,16.46646667,17.13316667,49,round_start,0,0.0229227747768163,0.0011261992622166,0.0,-0.0,0.0,0.0,0.0373268873441294,0.0,0.0,0.0,0.0,0.0,0.0,0.5405920421764963,0,0,0,0,0,0,0,0,0,0,kept_final_floor,0.975951075553894,0.0240489747375249,0.0011261992622166,0,0,0,0,0,0,0.0,0.0,0.0,1,0,0,0,0,0,0.0368618005421009
49,3,14/5,14,5,49,49,16.39836667,17.06506667,49,round_start,0,0.0222283452749252,0.000674215843901,0.0,-0.0,0.0,0.0,0.0373268873441294,0.7383661910873379,0.0,0.0,0.0,0.0,0.0,0.9961351535823496,0,0,0,0,0,0,0,0,0,0,kept_final_floor,0.977097511291504,0.0229025613516569,0.000674215843901,0,0,0,0,0,0,0.0,0.0,0.0,1,0,0,0,0,0,0.03482579276897
49,4,14/1,14,1,49,49,16.3317,16.9984,49,round_start,0,0.0206756945699453,0.0006308138836175,0.0,-0.0,0.0,0.0,0.0373268873441294,0.7433480731208869,0.0,0.0,0.0,0.0,0.0,0.9961351535780982,0,0,0,0,0,0,0,0,0,0,kept_final_floor,0.9786934852600098,0.0213065091520547,0.0006308138836175,0,0,0,0,0,0,0.0,0.0,0.0,1,0,0,0,0,0,0.0324013323988764
49,5,14/3,14,3,49,49,16.3317,16.9984,49,round_start,0,0.0200833193957805,0.0006132351700216,0.0,-0.0,0.0,0.0,0.0373268873441294,0.9984228555999776,0.0,0.0,0.0,0.0,0.0,0.9961351535780982,0,0,0,0,0,0,0,0,0,0,kept_final_floor,0.9793033599853516,0.0206965543329715,0.0006132351700216,0,0,0,0,0,0,0.0,0.0,0.0,1,0,0,0,0,0,0.0314740964677182
49,6,14/11,14,11,49,13,16.2329,16.8996,49,round_start,0,0.0190236922353506,0.0005917230155318,0.0,-0.0,0.0,0.0,0.0373268873441294,0.9208667452142572,0.0,0.0,0.0,0.0,0.0,0.7889443282884376,0,0,0,0,0,0,0,0,0,0,kept_final_floor,0.9803845882415771,0.0196154154837131,0.0005917230155318,0,0,0,0,0,0,0.0,0.0,0.0,1,0,0,0,0,0,0.0298373289871958
50,0,14/2,14,2,50,50,16.665,17.3317,50,round_start,0,0.0844458490610122,0.0020804465748369,0.0,-0.0,0.0,0.0,0.0373268873441294,0.7451553221003686,0.0,0.0,0.0,1.0,0.0,0.9965416026816049,0,0,0,0,0,0,0,0,0,0,kept_final_floor,0.9134737253189088,0.0865262970328331,0.0020804465748369,0,0,0,0,0,0,0.0,0.0,0.0,1,0,0,0,0,0,0.5812457560561595
50,1,14/11,14,11,50,14,16.5662,17.2329,50,round_start,0,0.0293494723737239,0.0007540105725638,0.0,0.0,0.0,0.0,0.0373268873441294,0.9360987098205188,0.0,0.0,0.0,1.0,0.0,0.8111401361402082,0,0,0,0,0,0,0,0,0,0,kept_final_floor,0.9698965549468994,0.0301034823060035,0.0007540105725638,0,0,0,0,0,0,0.0,0.0,0.0,1,0,0,0,0,0,0.4956830318202262
50,2,14/10,14,10,50,18,16.6994,17.3661,50,round_start,0,0.0246318876743316,0.0007402577321045,0.0,-0.0,0.0,0.0,0.0373268873441294,0.0,0.0,0.0,0.0,0.0,0.0,0.8789094500625592,0,0,0,0,0,0,0,0,0,0,kept_final_floor,0.9746279120445251,0.0253721456974744,0.0007402577321045,0,0,0,0,0,0,0.0,0.0,0.0,1,0,0,0,0,0,0.0385763985221273
50,3,14/12,14,12,50,7,16.79976667,17.46646667,50,round_start,0,0.0230167843401432,0.0009802863933146,0.0,-0.0,0.0,0.0,0.0373268873441294,0.0,0.0,0.0,0.0,0.0,0.0,0.5889059807441375,0,0,0,0,0,0,0,0,0,0,kept_final_floor,0.9760029911994934,0.0239970702677965,0.0009802863933146,0,0,0,0,0,0,0.0,0.0,0.0,1,0,0,0,0,0,0.0366818065755069
50,4,14/5,14,5,50,50,16.73166667,17.39836667,50,round_start,0,0.0216485764831304,0.0006569558754563,0.0,-0.0,0.0,0.0,0.0373268873441294,0.7375429803157563,0.0,0.0,0.0,0.0,0.0,0.996541602685409,0,0,0,0,0,0,0,0,0,0,kept_final_floor,0.9776943922042848,0.0223055332899093,0.0006569558754563,0,0,0,0,0,0,0.0,0.0,0.0,1,0,0,0,0,0,0.0339181676506994
50,5,14/1,14,1,50,50,16.665,17.3317,50,round_start,0,0.0208691637963056,0.0006363372085615,0.0,-0.0,0.0,0.0,0.0373268873441294,0.7433894249506913,0.0,0.0,0.0,0.0,0.0,0.9965416026816049,0,0,0,0,0,0,0,0,0,0,kept_final_floor,0.9784945249557496,0.0215055011212825,0.0006363372085615,0,0,0,0,0,0,0.0,0.0,0.0,1,0,0,0,0,0,0.0327036875532937
50,6,14/3,14,3,50,50,16.665,17.3317,50,round_start,0,0.0205278806388378,0.0006272924365475,0.0,-0.0,0.0,0.0,0.0373268873441294,0.7414287420420591,0.0,0.0,0.0,0.0,0.0,0.9965416026816049,0,0,0,0,0,0,0,0,0,0,kept_final_floor,0.9788448214530944,0.02115517295897,0.0006272924365475,0,0,0,0,0,0,0.0,0.0,0.0,1,0,0,0,0,0,0.0321718643186612
51,0,14/11,14,11,51,15,16.8995,17.5662,51,round_start,1,0.887310266494751,0.0145035879686474,0.0,0.2986505801464333,1.0,0.0,0.0373268873441294,0.938794018884316,0.0,0.0,0.0,1.0,0.0,0.8310017073320606,1,2,2,2,1,2,2,2,1,2,kept_final_floor,0.0981861278414726,0.9018138647079468,0.0145035879686474,1,1,1,1,1,0,1.0,0.0,0.5,1,1,1,1,0,1,2.2128732932731503
51,1,14/2,14,2,51,51,16.9983,17.665,51,round_start,0,0.0813885331153869,0.0020049347076565,0.0,-0.0,0.0,0.0,0.0373268873441294,0.997312808416816,0.0,0.0,0.0,1.0,0.0,0.9969053072991196,0,0,0,0,0,0,0,0,0,0,kept_final_floor,0.9166065454483032,0.0833934694528579,0.0020049347076565,0,0,0,0,0,0,0.0,0.0,0.0,1,0,0,0,0,0,0.5764936560299246
51,2,14/10,14,10,51,19,17.0327,17.6994,51,round_start,0,0.0248133596032857,0.0007443886133842,0.0,-0.0,0.0,0.0,0.0373268873441294,0.0,0.0,0.0,0.0,0.0,0.0,0.8916440170006596,0,0,0,0,0,0,0,0,0,0,kept_final_floor,0.9744422435760498,0.0255577489733696,0.0007443886133842,0,0,0,0,0,0,0.0,0.0,0.0,1,0,0,0,0,0,0.0388576943543737
51,3,14/12,14,12,51,8,17.13306667,17.79976667,51,round_start,0,0.0230524819344282,0.0008885266724973,0.0,-0.0,0.0,0.0,0.0373268873441294,0.0,0.0,0.0,0.0,0.0,0.0,0.6321389523407746,0,0,0,0,0,0,0,0,0,0,kept_final_floor,0.976059079170227,0.0239410083740949,0.0008885266724973,0,0,0,0,0,0,0.0,0.0,0.0,1,0,0,0,0,0,0.0365334815811363
51,4,14/1,14,1,51,51,16.9983,17.665,51,round_start,0,0.02095927298069,0.0006390398484654,0.0,-0.0,0.0,0.0,0.0373268873441294,0.7446649488528659,0.0,0.0,0.0,0.0,0.0,0.9969053072991196,0,0,0,0,0,0,0,0,0,0,kept_final_floor,0.9784017205238342,0.0215983130037784,0.0006390398484654,0,0,0,0,0,0,0.0,0.0,0.0,1,0,0,0,0,0,0.0328447971376588
51,5,14/5,14,5,51,51,17.06496667,17.73166667,51,round_start,0,0.0207430087029933,0.0006293689948506,0.0,-0.0,0.0,0.0,0.0373268873441294,0.9914551360156042,0.0,0.0,0.0,0.0,0.0,0.9969053073025236,0,0,0,0,0,0,0,0,0,0,kept_final_floor,0.978627622127533,0.021372377872467,0.0006293689948506,0,0,0,0,0,0,0.0,0.0,0.0,1,0,0,0,0,0,0.0324991248431612
51,6,14/3,14,3,51,51,16.9983,17.665,51,round_start,0,0.0202237609773874,0.0006174307782202,0.0,-0.0,0.0,0.0,0.0373268873441294,0.9943199547666234,0.0,0.0,0.0,0.0,0.0,0.9969053072991196,0,0,0,0,0,0,0,0,0,0,kept_final_floor,0.9791587591171264,0.0208411924540996,0.0006174307782202,0,0,0,0,0,0,0.0,0.0,0.0,1,0,0,0,0,0,0.0316939891781655
52,0,14/11,14,11,52,16,17.2328,17.8995,52,round_start,1,0.9196462035179138,0.0219691842794418,0.0,0.3781128011974103,0.2763157894699999,0.0,0.0373268873441294,0.9568881961140788,0.0,0.0,0.0,1.0,0.0,0.8487745233900966,1,2,2,2,1,2,2,2,1,2,kept_final_floor,0.058384645730257,0.9416154026985168,0.0219691842794418,1,1,1,1,1,0,1.0,0.0,0.5,1,1,1,1,0,1,2.2778015106916425
52,1,14/2,14,2,52,52,17.3316,17.9983,52,round_start,0,0.0818370580673217,0.0020230214577168,0.0,-0.0,0.0,0.0,0.0373268873441294,0.7474907371630848,0.0,0.0,0.0,1.0,0.0,0.9972307626824882,0,0,0,0,0,0,0,0,0,0,kept_final_floor,0.916139841079712,0.0838600769639015,0.0020230214577168,0,0,0,0,0,0,0.0,0.0,0.0,1,0,0,0,0,0,0.5772062343079595
52,2,14/10,14,10,52,20,17.366,18.0327,52,round_start,0,0.0249852538108825,0.0007487718830816,0.0,-0.0,0.0,0.0,0.0373268873441294,0.0,0.0,0.0,0.0,0.0,0.0,0.9030393448719234,0,0,0,0,0,0,0,0,0,0,kept_final_floor,0.9742659330368042,0.0257340259850025,0.0007487718830816,0,0,0,0,0,0,0.0,0.0,0.0,1,0,0,0,0,0,0.0391251788591032
52,3,14/12,14,12,52,9,17.46636667,18.13306667,52,round_start,0,0.0231046061962842,0.0008299558539874,0.0,-0.0,0.0,0.0,0.0373268873441294,0.0,0.0,0.0,0.0,0.0,0.0,0.6708253001834126,0,0,0,0,0,0,0,0,0,0,kept_final_floor,0.976065456867218,0.0239345617592334,0.0008299558539874,0,0,0,0,0,0,0.0,0.0,0.0,1,0,0,0,0,0,0.0364828121731985
52,4,14/5,14,5,52,52,17.39826667,18.06496667,52,round_start,0,0.0229744780808687,0.0007015870069153,0.0,-0.0,0.0,0.0,0.0373268873441294,0.0,0.0,0.0,0.0,0.0,0.0,0.9972307626855345,0,0,0,0,0,0,0,0,0,0,kept_final_floor,0.9763240218162536,0.0236760657280683,0.0007015870069153,0,0,0,0,0,0,0.0,0.0,0.0,1,0,0,0,0,0,0.0360052085365167
52,5,14/1,14,1,52,52,17.3316,17.9983,52,round_start,0,0.0210111141204834,0.0006406729226,0.0,-0.0,0.0,0.0,0.0373268873441294,0.7419069682732666,0.0,0.0,0.0,0.0,0.0,0.9972307626824882,0,0,0,0,0,0,0,0,0,0,kept_final_floor,0.978348195552826,0.0216517876833677,0.0006406729226,0,0,0,0,0,0,0.0,0.0,0.0,1,0,0,0,0,0,0.0329261516104451
52,6,14/3,14,3,52,52,17.3316,17.9983,52,round_start,0,0.0200249552726745,0.000612141797319,0.0,-0.0,0.0,0.0,0.0373268873441294,0.9945287495431177,0.0,0.0,0.0,0.0,0.0,0.9972307626824882,0,0,0,0,0,0,0,0,0,0,kept_final_floor,0.979362964630127,0.0206370968371629,0.000612141797319,0,0,0,0,0,0,0.0,0.0,0.0,1,0,0,0,0,0,0.0313841448631135
53,0,14/11,14,11,53,17,17.5661,18.2328,53,round_start,1,0.8979276418685913,0.0353621654212474,0.0,0.4252861745815564,0.0,0.0,0.0373268873441294,0.9665114645890888,0.0,0.0,0.0,1.0,0.0,0.8646782496150571,1,2,2,2,1,2,2,2,1,2,kept_final_floor,0.0667101517319679,0.9332898259162904,0.0353621654212474,1,1,1,1,1,0,1.0,0.0,0.5,1,1,1,1,0,1,2.274688226729631
53,1,14/2,14,2,53,53,17.6649,18.3316,53,round_start,0,0.0825801789760589,0.0020393114537,0.0,-0.0,0.0,0.0,0.0373268873441294,0.7487918518162981,0.0,0.0,0.0,1.0,0.0,0.997521991337454,0,0,0,0,0,0,0,0,0,0,kept_final_floor,0.915380597114563,0.0846194922924041,0.0020393114537,0,0,0,0,0,0,0.0,0.0,0.0,1,0,0,0,0,0,0.5783567536622284
53,2,14/14,14,14,53,0,17.76666667,18.43336667,53,round_start,0,0.1846119165420532,0.1080634668469429,0.0,-0.0,0.0,0.0,0.0373268873441294,0.7271509602971297,0.0,0.0,0.0,0.0,0.0,0.1051656545013591,0,0,0,0,0,0,0,0,0,0,kept_final_floor,0.7073246240615845,0.2926753759384155,0.1080634668469429,0,0,0,0,0,0,0.0,0.0,0.0,1,0,0,0,0,0,0.5146575018763542
53,3,14/10,14,10,53,21,17.6993,18.366,53,round_start,0,0.0251466818153858,0.0007532420568168,0.0,-0.0,0.0,0.0,0.0373268873441294,0.0,0.0,0.0,0.0,0.0,0.0,0.913236275629348,0,0,0,0,0,0,0,0,0,0,kept_final_floor,0.9741000533103944,0.0258999243378639,0.0007532420568168,0,0,0,0,0,0,0.0,0.0,0.0,1,0,0,0,0,0,0.0393771552480756
53,4,14/5,14,5,53,53,17.73156667,18.39826667,53,round_start,0,0.0246354341506958,0.000750697334297,0.0,-0.0,0.0,0.0,0.0373268873441294,0.0,0.0,0.0,0.0,0.0,0.0,0.9975219913401796,0,0,0,0,0,0,0,0,0,0,kept_final_floor,0.9746139049530028,0.0253861322999,0.000750697334297,0,0,0,0,0,0,0.0,0.0,0.0,1,0,0,0,0,0,0.0386046853614971
53,5,14/1,14,1,53,53,17.6649,18.3316,53,round_start,0,0.0210378635674715,0.000641519029159,0.0,-0.0,0.0,0.0,0.0373268873441294,0.7428537517254272,0.0,0.0,0.0,0.0,0.0,0.997521991337454,0,0,0,0,0,0,0,0,0,0,kept_final_floor,0.9783205986022948,0.0216793827712535,0.000641519029159,0,0,0,0,0,0,0.0,0.0,0.0,1,0,0,0,0,0,0.032968137215357
53,6,14/12,14,12,53,10,17.79966667,18.46636667,53,round_start,0,0.0200100895017385,0.0006817696848884,0.0,-0.0,0.0,0.0,0.0373268873441294,0.9966990856265436,0.0,0.0,0.0,0.0,0.0,0.7054431729349123,0,0,0,0,0,0,0,0,0,0,kept_final_floor,0.9793081879615784,0.0206918586045503,0.0006817696848884,0,0,0,0,0,0,0.0,0.0,0.0,1,0,0,0,0,0,0.0315150275593622
53,7,14/3,14,3,53,53,17.6649,18.3316,53,round_start,0,0.0199389122426509,0.0006099616293795,0.0,-0.0,0.0,0.0,0.0373268873441294,0.9945287495431177,0.0,0.0,0.0,0.0,0.0,0.997521991337454,0,0,0,0,0,0,0,0,0,0,kept_final_floor,0.9794511198997498,0.0205488745123147,0.0006099616293795,0,0,0,0,0,0,0.0,0.0,0.0,1,0,0,0,0,0,0.0312502839486112
54,0,14/11,14,11,54,18,17.8994,18.5661,54,round_start,1,0.923004388809204,0.0482355505228042,1.0,0.4451157214791422,0.2763157894699999,0.0,0.0373268873441294,0.967260475819104,0.0,0.0,0.0,1.0,0.0,0.8789094500625592,1,2,2,2,1,2,2,2,1,2,kept_final_floor,0.0287600271403789,0.9712399244308472,0.0482355505228042,1,1,1,1,1,0,1.0,0.0,0.5,1,1,1,1,0,1,2.340624794363975
54,1,14/2,14,2,54,54,17.9982,18.6649,54,round_start,0,0.083135962486267,0.002051381394267,0.0,-0.0,0.0,0.0,0.0373268873441294,0.749431054601466,0.0,0.0,0.0,1.0,0.0,0.9977825927403108,0,0,0,0,0,0,0,0,0,0,kept_final_floor,0.9148126840591432,0.0851873457431793,0.002051381394267,0,0,0,0,0,0,0.0,0.0,0.0,1,0,0,0,0,0,0.5792169827967879
54,2,14/14,14,14,54,1,18.09996667,18.76666667,54,round_start,0,0.1009499579668045,0.0348645150661468,0.0,-0.0,0.0,0.0,0.0373268873441294,0.7430869389725868,0.0,0.0,0.0,0.0,0.0,0.1992714941160186,0,0,0,0,0,0,0,0,0,0,kept_final_floor,0.8641855716705322,0.1358144730329513,0.0348645150661468,0,0,0,0,0,0,0.0,0.0,0.0,1,0,0,0,0,0,0.2281268700957297
54,3,14/10,14,10,54,22,18.0326,18.6993,54,round_start,0,0.0252971816807985,0.0007576817297376,0.0,-0.0,0.0,0.0,0.0373268873441294,0.0,0.0,0.0,0.0,0.0,0.0,0.9223608394897632,0,0,0,0,0,0,0,0,0,0,kept_final_floor,0.973945140838623,0.0260548628866672,0.0007576817297376,0,0,0,0,0,0,0.0,0.0,0.0,1,0,0,0,0,0,0.0396126723266204
54,4,14/5,14,5,54,54,18.06486667,18.73156667,54,round_start,0,0.0230696629732847,0.0006986310472711,0.0,-0.0,0.0,0.0,0.0373268873441294,0.7379674677463304,0.0,0.0,0.0,0.0,0.0,0.9977825927427498,0,0,0,0,0,0,0,0,0,0,kept_final_floor,0.9762317538261414,0.0237682946026325,0.0006986310472711,0,0,0,0,0,0,0.0,0.0,0.0,1,0,0,0,0,0,0.0361414827639234
54,5,14/12,14,12,54,11,18.13296667,18.79966667,54,round_start,0,0.0212282110005617,0.0007026299135759,0.0,-0.0,0.0,0.0,0.0373268873441294,0.0,0.0,0.0,0.0,0.0,0.0,0.7364204344410559,0,0,0,0,0,0,0,0,0,0,kept_final_floor,0.9780691862106324,0.0219308417290449,0.0007026299135759,0,0,0,0,0,0,0.0,0.0,0.0,1,0,0,0,0,0,0.0333881023107095
54,6,14/1,14,1,54,54,17.9982,18.6649,54,round_start,0,0.0210535880178213,0.0006420161225832,0.0,-0.0,0.0,0.0,0.0373268873441294,0.7428537415656593,0.0,0.0,0.0,0.0,0.0,0.9977825927403108,0,0,0,0,0,0,0,0,0,0,kept_final_floor,0.978304386138916,0.0216956045478582,0.0006420161225832,0,0,0,0,0,0,0.0,0.0,0.0,1,0,0,0,0,0,0.0329928174964149
54,7,14/3,14,3,54,54,17.9982,18.6649,54,round_start,0,0.0204676296561956,0.0006264676922,0.0,-0.0,0.0,0.0,0.0373268873441294,0.7438020572377116,0.0,0.0,0.0,0.0,0.0,0.9977825927403108,0,0,0,0,0,0,0,0,0,0,kept_final_floor,0.9789059162139891,0.0210940968245267,0.0006264676922,0,0,0,0,0,0,0.0,0.0,0.0,1,0,0,0,0,0,0.0320796734071334
55,0,14/11,14,11,55,19,18.2327,18.8994,55,round_start,1,0.9199455380439758,0.0625399872660636,1.0,0.4732332341010761,0.2968581645259259,0.0,0.0373268873441294,0.715714826055443,0.0,0.0,0.0,1.0,0.0,0.8916440170006595,1,2,2,2,1,2,2,2,1,2,kept_final_floor,0.0175144281238317,0.98248553276062,0.0625399872660636,1,1,1,1,1,0,1.0,0.0,0.5,1,1,1,1,0,1,2.3675062790513035
55,1,14/2,14,2,55,55,18.3315,18.9982,55,round_start,0,0.0804721638560295,0.0019841908942908,0.0,-0.0,0.0,0.0,0.0373268873441294,0.9996499578517534,0.0,0.0,0.0,1.0,0.0,0.998015787826072,0,0,0,0,0,0,0,0,0,0,kept_final_floor,0.917543649673462,0.0824563577771186,0.0019841908942908,0,0,0,0,0,0,0.0,0.0,0.0,1,0,0,0,0,0,0.575073465751484
55,2,14/14,14,14,55,2,18.43326667,19.09996667,55,round_start,0,0.0600009895861148,0.0118384202942252,0.0,-0.0,0.0,0.0,0.0373268873441294,0.7451560953966923,0.0,0.0,0.0,0.0,0.0,0.283480631515203,0,0,0,0,0,0,0,0,0,0,kept_final_floor,0.9281606078147888,0.0718394070863723,0.0118384202942252,0,0,0,0,0,0,0.0,0.0,0.0,1,0,0,0,0,0,0.1160460090264676
55,3,14/10,14,10,55,23,18.3659,19.0326,55,round_start,0,0.0254369545727968,0.0007620154065079,0.0,-0.0,0.0,0.0,0.0373268873441294,0.0,0.0,0.0,0.0,0.0,0.0,0.9305258126197584,0,0,0,0,0,0,0,0,0,0,kept_final_floor,0.9738010764122008,0.0261989701539278,0.0007620154065079,0,0,0,0,0,0,0.0,0.0,0.0,1,0,0,0,0,0,0.0398318657535125
55,4,14/12,14,12,55,12,18.46626667,19.13296667,55,round_start,0,0.0223769079893827,0.0007200143882073,0.0,-0.0,0.0,0.0,0.0373268873441294,0.0,0.0,0.0,0.0,0.0,0.0,0.7641399519662461,0,0,0,0,0,0,0,0,0,0,kept_final_floor,0.9769030809402466,0.0230969227850437,0.0007200143882073,0,0,0,0,0,0,0.0,0.0,0.0,1,0,0,0,0,0,0.0351493936381301
55,5,14/5,14,5,55,55,18.39816667,19.06486667,55,round_start,0,0.0220495797693729,0.0006695318152196,0.0,-0.0,0.0,0.0,0.0373268873441294,0.739686357175247,0.0,0.0,0.0,0.0,0.0,0.9980157878282544,0,0,0,0,0,0,0,0,0,0,kept_final_floor,0.9772809147834778,0.0227191112935543,0.0006695318152196,0,0,0,0,0,0,0.0,0.0,0.0,1,0,0,0,0,0,0.0345473396475424
55,6,14/1,14,1,55,55,18.3315,18.9982,55,round_start,0,0.021064817905426,0.0006423597806133,0.0,-0.0,0.0,0.0,0.0373268873441294,0.7423954631344603,0.0,0.0,0.0,0.0,0.0,0.998015787826072,0,0,0,0,0,0,0,0,0,0,kept_final_floor,0.9782928824424744,0.0217071771621704,0.0006423597806133,0,0,0,0,0,0,0.0,0.0,0.0,1,0,0,0,0,0,0.0330104183754882
55,7,14/3,14,3,55,55,18.3315,18.9982,55,round_start,0,0.0202037971466779,0.0006178029580041,0.0,-0.0,0.0,0.0,0.0373268873441294,0.9968551409271116,0.0,0.0,0.0,0.0,0.0,0.998015787826072,0,0,0,0,0,0,0,0,0,0,kept_final_floor,0.9791783094406128,0.0208215992897748,0.0006178029580041,0,0,0,0,0,0,0.0,0.0,0.0,1,0,0,0,0,0,0.0316648622276258
56,0,14/11,14,11,56,20,18.566,19.2327,56,round_start,1,0.914505124092102,0.0735129117965698,1.0,0.4908666048296561,0.4051958042962962,0.0,0.0373268873441294,0.9750584342657772,0.0,0.0,0.0,1.0,0.0,0.9030393448719234,1,2,2,2,1,2,2,2,1,2,kept_final_floor,0.011982038617134,0.988018035888672,0.0735129117965698,1,1,1,1,1,0,1.0,0.0,0.5,1,1,1,1,0,1,2.3834860920906062
56,1,14/2,14,2,56,56,18.6648,19.3315,56,round_start,0,0.0812083557248115,0.0020084313582628,0.0,-0.0,0.0,0.0,0.0373268873441294,0.7463262116002732,0.0,0.0,0.0,1.0,0.0,0.9982244587980126,0,0,0,0,0,0,0,0,0,0,kept_final_floor,0.9167832732200624,0.0832167863845825,0.0020084313582628,0,0,0,0,0,0,0.0,0.0,0.0,1,0,0,0,0,0,0.5762310825753955
56,2,14/14,14,14,56,3,18.76656667,19.43326667,56,round_start,0,0.0391561388969421,0.0046728746965527,0.0,-0.0,0.0,0.0,0.0373268873441294,0.745187310920352,0.0,0.0,0.0,0.0,0.0,0.3588338598648068,0,0,0,0,0,0,0,0,0,0,kept_final_floor,0.956170916557312,0.0438290126621723,0.0046728746965527,0,0,0,0,0,0,0.0,0.0,0.0,1,0,0,0,0,0,0.069014532677829
56,3,14/10,14,10,56,24,18.6992,19.3659,56,round_start,0,0.0255661290138959,0.000766186392866,0.0,-0.0,0.0,0.0,0.0373268873441294,0.0,0.0,0.0,0.0,0.0,0.0,0.9378321110065514,0,0,0,0,0,0,0,0,0,0,kept_final_floor,0.9736677408218384,0.026332315057516,0.000766186392866,0,0,0,0,0,0,0.0,0.0,0.0,1,0,0,0,0,0,0.040034803585149
56,4,14/5,14,5,56,56,18.73146667,19.39816667,56,round_start,0,0.0215597469359636,0.0006550877005793,0.0,-0.0,0.0,0.0,0.0373268873441294,0.7402338495486122,0.0,0.0,0.0,0.0,0.0,0.9982244587999656,0,0,0,0,0,0,0,0,0,0,kept_final_floor,0.9777852296829224,0.0222148355096578,0.0006550877005793,0,0,0,0,0,0,0.0,0.0,0.0,1,0,0,0,0,0,0.0337808133452198
56,5,14/1,14,1,56,56,18.6648,19.3315,56,round_start,0,0.0210737753659486,0.0006426250911317,0.0,-0.0,0.0,0.0,0.0373268873441294,0.7418115327497397,0.0,0.0,0.0,0.0,0.0,0.9982244587980126,0,0,0,0,0,0,0,0,0,0,kept_final_floor,0.9782836437225342,0.0217164009809494,0.0006426250911317,0,0,0,0,0,0,0.0,0.0,0.0,1,0,0,0,0,0,0.0330244382494126
56,6,14/3,14,3,56,56,18.6648,19.3315,56,round_start,0,0.0200221817940473,0.0006129798712208,0.0,-0.0,0.0,0.0,0.0373268873441294,0.9980074708453311,0.0,0.0,0.0,0.0,0.0,0.9982244587980126,0,0,0,0,0,0,0,0,0,0,kept_final_floor,0.9793648719787598,0.0206351615488529,0.0006129798712208,0,0,0,0,0,0,0.0,0.0,0.0,1,0,0,0,0,0,0.0313818284077567
56,7,14/12,14,12,56,13,18.79956667,19.46626667,56,round_start,0,0.0199957080185413,0.0006288506556302,0.0,-0.0,0.0,0.0,0.0373268873441294,0.9934860229887384,0.0,0.0,0.0,0.0,0.0,0.7889443282884376,0,0,0,0,0,0,0,0,0,0,kept_final_floor,0.9793755412101746,0.0206245593726634,0.0006288506556302,0,0,0,0,0,0,0.0,0.0,0.0,1,0,0,0,0,0,0.0313770334701983
57,0,14/11,14,11,57,21,18.8993,19.566,57,round_start,1,0.8935684561729431,0.0916241705417633,1.0,0.505608790716912,0.0,0.0,0.0373268873441294,0.71073269007421,0.0,0.0,0.0,1.0,0.0,0.913236275629348,1,2,2,2,1,2,2,2,1,2,kept_final_floor,0.0148073313757777,0.9851926565170288,0.0916241705417633,1,1,1,1,1,0,1.0,0.0,0.5,1,1,1,1,0,1,2.3919258594512938
57,1,14/2,14,2,57,57,18.9981,19.6648,57,round_start,0,0.0822162181138992,0.0020307463128119,0.0,-0.0,0.0,0.0,0.0373268873441294,0.7429968529375685,0.0,0.0,0.0,1.0,0.0,0.9984111847506136,0,0,0,0,0,0,0,0,0,0,kept_final_floor,0.9157531261444092,0.0842469632625579,0.0020307463128119,0,0,0,0,0,0,0.0,0.0,0.0,1,0,0,0,0,0,0.577791969059035
57,2,14/14,14,14,57,4,19.09986667,19.76656667,57,round_start,0,0.0285739414393901,0.0022964857053011,0.0,-0.0,0.0,0.0,0.0373268873441294,0.7381234037321598,0.0,0.0,0.0,0.0,0.0,0.4262625166362342,0,0,0,0,0,0,0,0,0,0,kept_final_floor,0.9691295623779296,0.0308704264461994,0.0022964857053011,0,0,0,0,0,0,0.0,0.0,0.0,1,0,0,0,0,0,0.0479131807107475
57,3,14/10,14,10,57,25,19.0325,19.6992,57,round_start,0,0.0256851613521575,0.0007701603462919,0.0,-0.0,0.0,0.0,0.0373268873441294,0.0,0.0,0.0,0.0,0.0,0.0,0.9443700377415152,0,0,0,0,0,0,0,0,0,0,kept_final_floor,0.9735446572303772,0.0264553222805261,0.0007701603462919,0,0,0,0,0,0,0.0,0.0,0.0,1,0,0,0,0,0,0.0402220947900784
57,4,14/5,14,5,57,57,19.06476667,19.73146667,57,round_start,0,0.0235305428504943,0.0007186895818449,0.0,-0.0,0.0,0.0,0.0373268873441294,0.0,0.0,0.0,0.0,0.0,0.0,0.9984111847523616,0,0,0,0,0,0,0,0,0,0,kept_final_floor,0.975750744342804,0.0242492333054542,0.0007186895818449,0,0,0,0,0,0,0.0,0.0,0.0,1,0,0,0,0,0,0.0368769313558002
57,5,14/1,14,1,57,57,18.9981,19.6648,57,round_start,0,0.0210803784430027,0.0006428118795156,0.0,-0.0,0.0,0.0,0.0373268873441294,0.7415649762995052,0.0,0.0,0.0,0.0,0.0,0.9984111847506136,0,0,0,0,0,0,0,0,0,0,kept_final_floor,0.978276789188385,0.0217231903225183,0.0006428118795156,0,0,0,0,0,0,0.0,0.0,0.0,1,0,0,0,0,0,0.0330347537994383
57,6,14/3,14,3,57,57,18.9981,19.6648,57,round_start,0,0.020521005615592,0.000628633017186,0.0,-0.0,0.0,0.0,0.0373268873441294,0.7420063213865291,0.0,0.0,0.0,0.0,0.0,0.9984111847506136,0,0,0,0,0,0,0,0,0,0,kept_final_floor,0.9788504242897034,0.0211496390402317,0.000628633017186,0,0,0,0,0,0,0.0,0.0,0.0,1,0,0,0,0,0,0.0321645010611972
57,7,14/12,14,12,57,14,19.13286667,19.79956667,57,round_start,0,0.0187287963926792,0.0005837331991642,0.0,-0.0,0.0,0.0,0.0373268873441294,0.996277698634334,0.0,0.0,0.0,0.0,0.0,0.8111401361402082,0,0,0,0,0,0,0,0,0,0,kept_final_floor,0.9806875586509703,0.0193125288933515,0.0005837331991642,0,0,0,0,0,0,0.0,0.0,0.0,1,0,0,0,0,0,0.02937740762718
58,0,14/11,14,11,58,22,19.2326,19.8993,58,round_start,1,0.8750253319740295,0.1088864505290985,1.0,0.5156410401784939,0.0,0.0,0.0373268873441294,0.7033660586292834,0.0,0.0,0.0,1.0,0.0,0.9223608394897632,1,2,2,2,1,2,2,2,1,2,kept_final_floor,0.0160881783813238,0.9839117527008056,0.1088864505290985,1,1,1,1,1,0,1.0,0.0,0.5,1,1,1,1,0,1,2.402088189125061
58,1,14/10,14,10,58,26,19.3658,20.0325,58,round_start,1,0.0357933975756168,0.000895662466064,0.0,-0.0,0.0,0.0,0.0373268873441294,0.9908622687921008,0.0,0.0,0.0,1.0,0.0,0.9502203991323148,0,0,2,2,0,0,2,2,0,0,kept_final_floor,0.963310956954956,0.0366890616714954,0.000895662466064,0,0,0,0,0,0,1.0,0.0,0.5,1,1,1,0,0,1,0.6723272204554326
58,2,14/2,14,2,58,58,19.3314,19.9981,58,round_start,0,0.0829635336995124,0.0020471503958106,0.0,-0.0,0.0,0.0,0.0373268873441294,0.7441807215172698,0.0,0.0,0.0,1.0,0.0,0.9985782735461972,0,0,0,0,0,0,0,0,0,0,kept_final_floor,0.9149893522262572,0.0850106850266456,0.0020471503958106,0,0,0,0,0,0,0.0,0.0,0.0,1,0,0,0,0,0,0.5789490314200519
58,3,14/14,14,14,58,5,19.43316667,20.09986667,58,round_start,0,0.0259416047483682,0.0015737230423837,0.0,-0.0,0.0,0.0,0.0373268873441294,0.0,0.0,0.0,0.0,0.0,0.0,0.4865999945861474,0,0,0,0,0,0,0,0,0,0,kept_final_floor,0.9724846482276917,0.0275153275579214,0.0015737230423837,0,0,0,0,0,0,0.0,0.0,0.0,1,0,0,0,0,0,0.0423745978157964
58,4,14/5,14,5,58,58,19.39806667,20.06476667,58,round_start,0,0.0249621625989675,0.0007610579486936,0.0,-0.0,0.0,0.0,0.0373268873441294,0.0,0.0,0.0,0.0,0.0,0.0,0.9985782735477612,0,0,0,0,0,0,0,0,0,0,kept_final_floor,0.9742767810821532,0.0257232207804918,0.0007610579486936,0,0,0,0,0,0,0.0,0.0,0.0,1,0,0,0,0,0,0.0391175713855771
58,5,14/1,14,1,58,58,19.3314,19.9981,58,round_start,0,0.0210860893130302,0.0006429727072827,0.0,-0.0,0.0,0.0,0.0373268873441294,0.7410590651440794,0.0,0.0,0.0,0.0,0.0,0.9985782735461972,0,0,0,0,0,0,0,0,0,0,kept_final_floor,0.978270947933197,0.0217290613800287,0.0006429727072827,0,0,0,0,0,0,0.0,0.0,0.0,1,0,0,0,0,0,0.0330436739255672
58,6,14/3,14,3,58,58,19.3314,19.9981,58,round_start,0,0.0208322014659643,0.0006375204538926,0.0,-0.0,0.0,0.0,0.0373268873441294,0.7408106734024538,0.0,0.0,0.0,0.0,0.0,0.9985782735461972,0,0,0,0,0,0,0,0,0,0,kept_final_floor,0.9785303473472596,0.021469721570611,0.0006375204538926,0,0,0,0,0,0,0.0,0.0,0.0,1,0,0,0,0,0,0.0326508471975101
58,7,14/12,14,12,58,15,19.46616667,20.13286667,58,round_start,0,0.0182489678263664,0.0005641336902044,0.0,-0.0,0.0,0.0,0.0373268873441294,0.9952437154078296,0.0,0.0,0.0,0.0,0.0,0.8310017073320606,0,0,0,0,0,0,0,0,0,0,kept_final_floor,0.981186866760254,0.0188131015747785,0.0005641336902044,0,0,0,0,0,0,0.0,0.0,0.0,1,0,0,0,0,0,0.0286145458579992
59,0,14/11,14,11,59,23,19.5659,20.2326,59,round_start,1,0.2211503684520721,0.776075541973114,1.0,0.5177731765028816,0.0,0.0,0.0373268873441294,0.6988393076595883,0.0,0.0,0.9955061147737776,2.0,0.9474183991051416,0.9305258126197584,2,3,3,3,2,3,3,3,2,3,kept_final_floor,0.0027741605881601,0.9972258806228638,0.776075541973114,2,2,2,2,0,1,0.0,1.0,1.0,1,1,1,1,1,1,4.96093613939005
59,1,14/10,14,10,59,27,19.6991,20.3658,59,round_start,1,0.0439882241189479,0.001015035668388,0.0,-0.0,0.0,0.0,0.0373268873441294,0.9930170530576472,0.0,0.0,0.0,1.0,0.0,0.9554555034383811,0,0,2,2,0,0,2,2,0,0,kept_final_floor,0.9549967050552368,0.0450032614171505,0.001015035668388,0,0,0,0,0,0,1.0,0.0,0.5,1,1,1,0,0,1,0.6848820813155421
59,2,14/2,14,2,59,59,19.6647,20.3314,59,round_start,0,0.0834955945611,0.0020591849461197,0.0,-0.0,0.0,0.0,0.0373268873441294,0.7440105590511223,0.0,0.0,0.0,1.0,0.0,0.9987277903392332,0,0,0,0,0,0,0,0,0,0,kept_final_floor,0.914445161819458,0.0855547785758972,0.0020591849461197,0,0,0,0,0,0,0.0,0.0,0.0,1,0,0,0,0,0,0.5797735987231134
59,3,14/5,14,5,59,59,19.73136667,20.39806667,59,round_start,0,0.0257661584764719,0.0007855283911339,0.0,-0.0,0.0,0.0,0.0373268873441294,0.0,0.0,0.0,0.0,0.0,0.0,0.9987277903406327,0,0,0,0,0,0,0,0,0,0,kept_final_floor,0.9734482765197754,0.0265516862273216,0.0007855283911339,0,0,0,0,0,0,0.0,0.0,0.0,1,0,0,0,0,0,0.0403774001752024
59,4,14/14,14,14,59,6,19.76646667,20.43316667,59,round_start,0,0.0247920472174882,0.0012241024523973,0.0,-0.0,0.0,0.0,0.0373268873441294,0.0,0.0,0.0,0.0,0.0,0.0,0.5405920421764963,0,0,0,0,0,0,0,0,0,0,kept_final_floor,0.9739838242530824,0.0260161496698856,0.0012241024523973,0,0,0,0,0,0,0.0,0.0,0.0,1,0,0,0,0,0,0.0398810962215063
59,5,14/1,14,1,59,59,19.6647,20.3314,59,round_start,0,0.0210898555815219,0.0006430725334212,0.0,-0.0,0.0,0.0,0.0373268873441294,0.741108870392248,0.0,0.0,0.0,0.0,0.0,0.9987277903392332,0,0,0,0,0,0,0,0,0,0,kept_final_floor,0.9782670736312866,0.0217329282313585,0.0006430725334212,0,0,0,0,0,0,0.0,0.0,0.0,1,0,0,0,0,0,0.0330495429458094
59,6,14/3,14,3,59,59,19.6647,20.3314,59,round_start,0,0.0209799408912658,0.0006417921395041,0.0,-0.0,0.0,0.0,0.0373268873441294,0.74151591569796,0.0,0.0,0.0,0.0,0.0,0.9987277903392332,0,0,0,0,0,0,0,0,0,0,kept_final_floor,0.9783782362937928,0.0216217339038848,0.0006417921395041,0,0,0,0,0,0,0.0,0.0,0.0,1,0,0,0,0,0,0.0328818540438077
59,7,14/12,14,12,59,16,19.79946667,20.46616667,59,round_start,0,0.0181069057434797,0.0005562183796428,0.0,-0.0,0.0,0.0,0.0373268873441294,0.9958702098495128,0.0,0.0,0.0,0.0,0.0,0.8487745233900966,0,0,0,0,0,0,0,0,0,0,kept_final_floor,0.9813368916511536,0.0186631232500076,0.0005562183796428,0,0,0,0,0,0,0.0,0.0,0.0,1,0,0,0,0,0,0.0283840390504337
60,0,14/11,14,11,60,24,19.8992,20.5659,60,round_start,1,0.1004117727279663,0.8981181979179382,1.0,0.5187297913266977,0.0,0.0,0.0373268873441294,0.703652550291236,0.0,0.0,0.994354696670804,2.0,0.8043536097373545,0.9378321110065514,2,3,3,3,2,3,3,3,2,3,kept_final_floor,0.0014699988532811,0.9985299706459044,0.8981181979179382,2,2,2,2,0,1,0.0,1.0,1.0,1,1,1,1,1,1,4.982791515564027
60,1,14/10,14,10,60,28,20.0324,20.6991,60,round_start,1,0.0503338202834129,0.0011254412820562,0.0,-0.0,0.0,0.0,0.0373268873441294,0.9932509713133832,0.0,0.0,0.0,1.0,0.0,0.9601400545737174,0,0,2,2,0,0,2,2,0,0,kept_final_floor,0.94854074716568,0.0514592602849006,0.0011254412820562,0,0,0,0,0,0,1.0,0.0,0.5,1,1,1,0,0,1,0.6946433679123096
60,2,14/2,14,2,60,60,19.998,20.6647,60,round_start,0,0.0838800966739654,0.0020681971218436,0.0,-0.0,0.0,0.0,0.0373268873441294,0.7437149037139239,0.0,0.0,0.0,1.0,0.0,0.9988615831008708,0,0,0,0,0,0,0,0,0,0,kept_final_floor,0.9140517115592957,0.0859482958912849,0.0020681971218436,0,0,0,0,0,0,0.0,0.0,0.0,1,0,0,0,0,0,0.5803701786790041
60,3,14/14,14,14,60,7,20.09976667,20.76646667,60,round_start,0,0.0987662374973297,0.0081974705681204,0.0,-0.0,0.0,0.0,0.0373268873441294,0.0,0.0,0.0,0.0,0.0,0.0,0.5889059807441377,0,0,0,0,0,0,0,0,0,0,kept_final_floor,0.8930363059043884,0.1069637089967727,0.0081974705681204,0,0,0,0,0,0,0.0,0.0,0.0,1,0,0,0,0,0,0.1661837914958594
60,4,14/5,14,5,60,60,20.06466667,20.73136667,60,round_start,0,0.0262270867824554,0.0007997266948223,0.0,-0.0,0.0,0.0,0.0373268873441294,0.0,0.0,0.0,0.0,0.0,0.0,0.998861583102123,0,0,0,0,0,0,0,0,0,0,kept_final_floor,0.9729731678962708,0.0270268134772777,0.0007997266948223,0,0,0,0,0,0,0.0,0.0,0.0,1,0,0,0,0,0,0.0411000289022921
60,5,14/1,14,1,60,60,19.998,20.6647,60,round_start,0,0.0210923850536346,0.0006431385409086,0.0,-0.0,0.0,0.0,0.0373268873441294,0.7411345694143832,0.0,0.0,0.0,0.0,0.0,0.9988615831008708,0,0,0,0,0,0,0,0,0,0,kept_final_floor,0.9782644510269164,0.0217355228960514,0.0006431385409086,0,0,0,0,0,0,0.0,0.0,0.0,1,0,0,0,0,0,0.0330534823704508
60,6,14/3,14,3,60,60,19.998,20.6647,60,round_start,0,0.0210460070520639,0.0006436423864215,0.0,-0.0,0.0,0.0,0.0373268873441294,0.7440839519622304,0.0,0.0,0.0,0.0,0.0,0.9988615831008708,0,0,0,0,0,0,0,0,0,0,kept_final_floor,0.9783103466033936,0.0216896496713161,0.0006436423864215,0,0,0,0,0,0,0.0,0.0,0.0,1,0,0,0,0,0,0.0329850238282231
60,7,14/12,14,12,60,17,20.13276667,20.79946667,60,round_start,0,0.0181138906627893,0.0005539798294194,0.0,-0.0,0.0,0.0,0.0373268873441294,0.9964054266562644,0.0,0.0,0.0,0.0,0.0,0.8646782496150571,0,0,0,0,0,0,0,0,0,0,kept_final_floor,0.9813320636749268,0.018667871132493,0.0005539798294194,0,0,0,0,0,0,0.0,0.0,0.0,1,0,0,0,0,0,0.0283895916189066
61,0,14/11,14,11,61,25,20.2325,20.8992,61,round_start,1,0.0679501667618751,0.9312089681625366,1.0,0.5450647021085221,1.0,0.0,0.0373268873441294,0.708166084821515,0.0,0.0,0.8626653717841841,2.0,0.9738252390795804,0.9443700377415152,2,3,3,3,2,3,3,3,2,3,kept_final_floor,0.0008409025031141,0.9991591572761536,0.9312089681625366,2,2,2,2,0,1,0.0,1.0,1.0,1,1,1,1,1,1,4.951471709470389
61,1,14/2,14,2,61,61,20.3313,20.998,61,round_start,0,0.0841544270515441,0.0020748674869537,0.0,-0.0,0.0,0.0,0.0373268873441294,0.7439945189166935,0.0,0.0,0.0,1.0,0.0,0.9989813054591632,0,0,0,0,0,0,0,0,0,0,kept_final_floor,0.9137706160545348,0.0862292945384979,0.0020748674869537,0,0,0,0,0,0,0.0,0.0,0.0,1,0,0,0,0,0,0.5807963490486143
61,2,14/14,14,14,61,8,20.43306667,21.09976667,61,round_start,0,0.0983833149075508,0.0111713586375117,0.0,-0.0,0.0,0.0,0.0373268873441294,0.0,0.0,0.0,0.0,0.0,0.0,0.6321389523407748,0,0,0,0,0,0,0,0,0,0,kept_final_floor,0.8904452919960022,0.1095546707510948,0.0111713586375117,0,0,0,0,0,0,0.0,0.0,0.0,1,0,0,0,0,0,0.1721519613638519
61,3,14/10,14,10,61,29,20.3657,21.0324,61,round_start,0,0.0352461151778698,0.0009286309359595,0.0,-0.0,0.0,0.0,0.0373268873441294,0.7424921159635053,0.0,0.0,0.0,0.0,0.0,0.9643319518228608,0,0,0,0,0,0,0,0,0,0,kept_final_floor,0.9638252854347228,0.0361747443675994,0.0009286309359595,0,0,0,0,0,0,0.0,0.0,0.0,1,0,0,0,0,0,0.0549121608259155
61,4,14/5,14,5,61,61,20.39796667,21.06466667,61,round_start,0,0.0265008006244897,0.0008080724510364,0.0,-0.0,0.0,0.0,0.0373268873441294,0.0,0.0,0.0,0.0,0.0,0.0,0.9989813054602836,0,0,0,0,0,0,0,0,0,0,kept_final_floor,0.9726911187171936,0.0273088738322258,0.0008080724510364,0,0,0,0,0,0,0.0,0.0,0.0,1,0,0,0,0,0,0.0415289603290146
61,5,14/3,14,3,61,61,20.3313,20.998,61,round_start,0,0.0232590530067682,0.0007147071883082,0.0,-0.0,0.0,0.0,0.0373268873441294,0.0,0.0,0.0,0.0,0.0,0.0,0.9989813054591632,0,0,0,0,0,0,0,0,0,0,kept_final_floor,0.9760261178016664,0.0239737592637538,0.0007147071883082,0,0,0,0,0,0,0.0,0.0,0.0,1,0,0,0,0,0,0.0364609353244303
61,6,14/1,14,1,61,61,20.3313,20.998,61,round_start,0,0.0210886616259813,0.0006430135690607,0.0,-0.0,0.0,0.0,0.0373268873441294,0.7433777375900141,0.0,0.0,0.0,0.0,0.0,0.9989813054591632,0,0,0,0,0,0,0,0,0,0,kept_final_floor,0.9782683253288268,0.021731674671173,0.0006430135690607,0,0,0,0,0,0,0.0,0.0,0.0,1,0,0,0,0,0,0.0330476222909054
61,7,14/12,14,12,61,18,20.46606667,21.13276667,61,round_start,0,0.0181865859776735,0.0005545737803913,0.0,-0.0,0.0,0.0,0.0373268873441294,0.9984282434013716,0.0,0.0,0.0,0.0,0.0,0.8789094500625592,0,0,0,0,0,0,0,0,0,0,kept_final_floor,0.9812588095664978,0.0187411606311798,0.0005545737803913,0,0,0,0,0,0,0.0,0.0,0.0,1,0,0,0,0,0,0.0284999412833711
62,0,14/11,14,11,62,26,20.5658,21.2325,62,round_start,1,0.0675863996148109,0.9314940571784972,1.0,0.5570719721733899,0.0,0.0,0.0373268873441294,0.7126188601309815,0.0,0.0,0.8530066381803713,2.0,0.880818075095765,0.9502203991323148,2,3,2,3,2,3,2,3,2,3,kept_final_floor,0.0009195220773108,0.99908047914505,0.9314940571784972,2,2,2,2,0,1,1.0,0.0,0.5,1,1,1,1,1,1,4.816707963855043
62,1,14/2,14,2,62,62,20.6646,21.3313,62,round_start,0,0.0843416154384613,0.0020796086173504,0.0,-0.0,0.0,0.0,0.0373268873441294,0.7448830457631633,0.0,0.0,0.0,1.0,0.0,0.9990884371372872,0,0,0,0,0,0,0,0,0,0,kept_final_floor,0.9135787487030028,0.0864212214946746,0.0020796086173504,0,0,0,0,0,0,0.0,0.0,0.0,1,0,0,0,0,0,0.5810875621158629
62,2,14/14,14,14,62,9,20.76636667,21.43306667,62,round_start,0,0.0937657803297042,0.0126059465110301,0.0,-0.0,0.0,0.0,0.0373268873441294,0.0,0.0,0.0,0.0,0.0,0.0,0.6708253001834127,0,0,0,0,0,0,0,0,0,0,kept_final_floor,0.8936282396316528,0.1063717305660247,0.0126059465110301,0,0,0,0,0,0,0.0,0.0,0.0,1,0,0,0,0,0,0.1683817528188225
62,3,14/10,14,10,62,30,20.699,21.3657,62,round_start,0,0.0282098855823278,0.0008082787389867,0.0,-0.0,0.0,0.0,0.0373268873441294,0.7399041002850745,0.0,0.0,0.0,0.0,0.0,0.9680830054541956,0,0,0,0,0,0,0,0,0,0,kept_final_floor,0.9709818363189696,0.0290181636810302,0.0008082787389867,0,0,0,0,0,0,0.0,0.0,0.0,1,0,0,0,0,0,0.0440930415992624
62,4,14/5,14,5,62,62,20.73126667,21.39796667,62,round_start,0,0.0266666952520608,0.0008129699272103,0.0,-0.0,0.0,0.0,0.0373268873441294,0.0,0.0,0.0,0.0,0.0,0.0,0.99908843713829,0,0,0,0,0,0,0,0,0,0,kept_final_floor,0.9725204110145568,0.0274796653538942,0.0008129699272103,0,0,0,0,0,0,0.0,0.0,0.0,1,0,0,0,0,0,0.0417885767179538
62,5,14/3,14,3,62,62,20.6646,21.3313,62,round_start,0,0.0248364210128784,0.0007616850198246,0.0,-0.0,0.0,0.0,0.0373268873441294,0.0,0.0,0.0,0.0,0.0,0.0,0.9990884371372872,0,0,0,0,0,0,0,0,0,0,kept_final_floor,0.9744019508361816,0.0255981069058179,0.0007616850198246,0,0,0,0,0,0,0.0,0.0,0.0,1,0,0,0,0,0,0.0389303385629317
62,6,14/1,14,1,62,62,20.6646,21.3313,62,round_start,0,0.0210840813815593,0.0006428725318983,0.0,-0.0,0.0,0.0,0.0373268873441294,0.7444824348670467,0.0,0.0,0.0,0.0,0.0,0.9990884371372872,0,0,0,0,0,0,0,0,0,0,kept_final_floor,0.9782730340957642,0.0217269547283649,0.0006428725318983,0,0,0,0,0,0,0.0,0.0,0.0,1,0,0,0,0,0,0.0330404416425152
62,7,14/12,14,12,62,19,20.79936667,21.46606667,62,round_start,0,0.0182925779372453,0.0005567748448811,0.0,-0.0,0.0,0.0,0.0373268873441294,0.9985754905536234,0.0,0.0,0.0,0.0,0.0,0.8916440170006595,0,0,0,0,0,0,0,0,0,0,kept_final_floor,0.9811506867408752,0.0188493523746728,0.0005567748448811,0,0,0,0,0,0,0.0,0.0,0.0,1,0,0,0,0,0,0.0286637715646063
63,0,14/11,14,11,63,27,20.8991,21.5658,63,round_start,1,0.0571426972746849,0.9419385194778442,1.0,0.5541394754406835,0.0,0.0,0.0373268873441294,0.7236949080997538,0.0,0.0,0.6148789384974707,2.0,0.880818075095765,0.9554555034383811,2,3,2,3,2,3,2,3,2,3,kept_final_floor,0.0009186866809614,0.9990811944007874,0.9419385194778442,2,2,2,2,0,1,1.0,0.0,0.5,1,1,1,1,1,1,4.5858925277205165
63,1,14/2,14,2,63,63,20.9979,21.6646,63,round_start,0,0.0844759419560432,0.0020831832662224,0.0,-0.0,0.0,0.0,0.0373268873441294,0.7449174192657609,0.0,0.0,0.0,1.0,0.0,0.9991843022423637,0,0,0,0,0,0,0,0,0,0,kept_final_floor,0.9134408831596376,0.0865591242909431,0.0020831832662224,0,0,0,0,0,0,0.0,0.0,0.0,1,0,0,0,0,0,0.5812969161197541
63,2,14/14,14,14,63,10,21.09966667,21.76636667,63,round_start,0,0.0783506408333778,0.0122785726562142,0.0,-0.0,0.0,0.0,0.0373268873441294,0.997168914328693,0.0,0.0,0.0,0.0,0.0,0.7054431729349124,0,0,0,0,0,0,0,0,0,0,kept_final_floor,0.90937077999115,0.0906292125582695,0.0122785726562142,0,0,0,0,0,0,0.0,0.0,0.0,1,0,0,0,0,0,0.1445388210937379
63,3,14/3,14,3,63,63,20.9979,21.6646,63,round_start,0,0.0257295742630958,0.0007887359242886,0.0,-0.0,0.0,0.0,0.0373268873441294,0.0,0.0,0.0,0.0,0.0,0.0,0.9991843022423637,0,0,0,0,0,0,0,0,0,0,kept_final_floor,0.9734816551208496,0.0265183094888925,0.0007887359242886,0,0,0,0,0,0,0.0,0.0,0.0,1,0,0,0,0,0,0.0403295804280786
63,4,14/10,14,10,63,31,21.0323,21.699,63,round_start,0,0.0248204823583364,0.0007390960236079,0.0,-0.0,0.0,0.0,0.0373268873441294,0.7400355591071888,0.0,0.0,0.0,0.0,0.0,0.9714395770753216,0,0,0,0,0,0,0,0,0,0,kept_final_floor,0.974440336227417,0.0255595780909061,0.0007390960236079,0,0,0,0,0,0,0.0,0.0,0.0,1,0,0,0,0,0,0.0388567347894419
63,5,14/5,14,5,63,63,21.06456667,21.73126667,63,round_start,0,0.0233812034130096,0.0007074124296195,0.0,-0.0,0.0,0.0,0.0373268873441294,0.9904819447912028,0.0,0.0,0.0,0.0,0.0,0.9991843022432608,0,0,0,0,0,0,0,0,0,0,kept_final_floor,0.9759113192558287,0.0240886155515909,0.0007074124296195,0,0,0,0,0,0,0.0,0.0,0.0,1,0,0,0,0,0,0.0366281124646772
63,6,14/1,14,1,63,63,20.9979,21.6646,63,round_start,0,0.0204825475811958,0.0006244681426323,0.0,-0.0,0.0,0.0,0.0373268873441294,0.9982944345325336,0.0,0.0,0.0,0.0,0.0,0.9991843022423637,0,0,0,0,0,0,0,0,0,0,kept_final_floor,0.978892982006073,0.0211070161312818,0.0006244681426323,0,0,0,0,0,0,0.0,0.0,0.0,1,0,0,0,0,0,0.0320976512855847
63,7,14/12,14,12,63,20,21.13266667,21.79936667,63,round_start,0,0.0189614985138177,0.0005762006621807,0.0,-0.0,0.0,0.0,0.0373268873441294,0.745800830138877,0.0,0.0,0.0,0.0,0.0,0.9030393448719234,0,0,0,0,0,0,0,0,0,0,kept_final_floor,0.9804623126983644,0.0195376984775066,0.0005762006621807,0,0,0,0,0,0,0.0,0.0,0.0,1,0,0,0,0,0,0.029709889227524
64,0,14/11,14,11,64,28,21.2324,21.8991,64,round_start,1,0.0511625409126281,0.9479727745056152,1.0,0.5496258052984753,0.0,0.0,0.0373268873441294,0.0,0.0,0.0,0.6148789384974707,2.0,0.8808180750957657,0.9601400545737174,2,3,2,3,2,3,2,3,2,3,kept_final_floor,0.0008647369104437,0.9991353154182434,0.9479727745056152,2,2,2,2,0,1,1.0,0.0,0.5,1,1,1,1,1,1,4.590197654238527
64,1,14/2,14,2,64,64,21.3312,21.9979,64,round_start,0,0.0845852419734001,0.0020861842203885,0.0,-0.0,0.0,0.0,0.0373268873441294,0.7440626046377418,0.0,0.0,0.0,1.0,0.0,0.9992700856309208,0,0,0,0,0,0,0,0,0,0,kept_final_floor,0.9133285880088806,0.0866714268922805,0.0020861842203885,0,0,0,0,0,0,0.0,0.0,0.0,1,0,0,0,0,0,0.5814674682449549
64,2,14/14,14,14,64,11,21.43296667,22.09966667,64,round_start,0,0.0250544920563697,0.0028666837606579,0.0,-0.0,0.0,0.0,0.0373268873441294,0.0,0.0,0.0,0.0,0.0,0.0,0.736420434441056,0,0,0,0,0,0,0,0,0,0,kept_final_floor,0.9720788598060608,0.027921175584197,0.0028666837606579,0,0,0,0,0,0,0.0,0.0,0.0,1,0,0,0,0,0,0.0438884423580019
64,3,14/3,14,3,64,64,21.3312,21.9979,64,round_start,0,0.0262434650212526,0.0008042234694585,0.0,-0.0,0.0,0.0,0.0373268873441294,0.0,0.0,0.0,0.0,0.0,0.0,0.9992700856309208,0,0,0,0,0,0,0,0,0,0,kept_final_floor,0.9729523062705994,0.0270476881414651,0.0008042234694585,0,0,0,0,0,0,0.0,0.0,0.0,1,0,0,0,0,0,0.0411344891646876
64,4,14/10,14,10,64,32,21.3656,22.0323,64,round_start,0,0.0230678766965866,0.0006985372165217,0.0,-0.0,0.0,0.0,0.0373268873441294,0.7427236923870535,0.0,0.0,0.0,0.0,0.0,0.9744431526450308,0,0,0,0,0,0,0,0,0,0,kept_final_floor,0.9762336611747742,0.0237664133310318,0.0006985372165217,0,0,0,0,0,0,0.0,0.0,0.0,1,0,0,0,0,0,0.0361385969212276
64,5,14/5,14,5,64,64,21.39786667,22.06456667,64,round_start,0,0.0215397886931896,0.0006542839691974,0.0,-0.0,0.0,0.0,0.0373268873441294,0.9972827283320076,0.0,0.0,0.0,0.0,0.0,0.9992700856317236,0,0,0,0,0,0,0,0,0,0,kept_final_floor,0.9778059720993042,0.0221940726041793,0.0006542839691974,0,0,0,0,0,0,0.0,0.0,0.0,1,0,0,0,0,0,0.0337491077720186
64,6,14/1,14,1,64,64,21.3312,21.9979,64,round_start,0,0.0207282658666372,0.0006329219904728,0.0,-0.0,0.0,0.0,0.0373268873441294,0.7453357409976601,0.0,0.0,0.0,0.0,0.0,0.9992700856309208,0,0,0,0,0,0,0,0,0,0,kept_final_floor,0.9786388278007508,0.0213611871004104,0.0006329219904728,0,0,0,0,0,0,0.0,0.0,0.0,1,0,0,0,0,0,0.0324848271789959
64,7,14/12,14,12,64,21,21.46596667,22.13266667,64,round_start,0,0.0194089710712432,0.000588584865909,0.0,-0.0,0.0,0.0,0.0373268873441294,0.7454937725073908,0.0,0.0,0.0,0.0,0.0,0.913236275629348,0,0,0,0,0,0,0,0,0,0,kept_final_floor,0.9800024032592772,0.0199975557625293,0.000588584865909,0,0,0,0,0,0,0.0,0.0,0.0,1,0,0,0,0,0,0.0304083433118645
65,0,14/11,14,11,65,29,21.5657,22.2324,65,round_start,1,0.0493516623973846,0.9497404098510742,1.0,0.5503108561497092,0.0,0.0,0.0373268873441294,0.945026454912156,0.0,0.0,0.6148789384974707,2.0,0.880818075095765,0.9643319518228608,2,3,2,3,2,3,2,3,2,3,kept_final_floor,0.0009078787406906,0.9990921020507812,0.9497404098510742,2,2,2,2,0,1,1.0,0.0,0.5,1,1,1,1,1,1,4.591370134225672
65,1,14/2,14,2,65,65,21.6645,22.3312,65,round_start,0,0.0846656337380409,0.0020884429104626,0.0,-0.0,0.0,0.0,0.0373268873441294,0.7441815809670083,0.0,0.0,0.0,1.0,0.0,0.9993468475532749,0,0,0,0,0,0,0,0,0,0,kept_final_floor,0.913245975971222,0.0867540761828422,0.0020884429104626,0,0,0,0,0,0,0.0,0.0,0.0,1,0,0,0,0,0,0.581593025010079
65,2,14/3,14,3,65,65,21.6645,22.3312,65,round_start,0,0.0265471022576093,0.0008130713831633,0.0,-0.0,0.0,0.0,0.0373268873441294,0.0,0.0,0.0,0.0,0.0,0.0,0.9993468475532749,0,0,0,0,0,0,0,0,0,0,kept_final_floor,0.972639799118042,0.0273601729422807,0.0008130713831633,0,0,0,0,0,0,0.0,0.0,0.0,1,0,0,0,0,0,0.0416094104293732
65,3,14/5,14,5,65,65,21.73116667,22.39786667,65,round_start,0,0.0234835091978311,0.0007178558735176,0.0,-0.0,0.0,0.0,0.0373268873441294,0.0,0.0,0.0,0.0,0.0,0.0,0.9993468475539932,0,0,0,0,0,0,0,0,0,0,kept_final_floor,0.9757986068725586,0.0242013651877641,0.0007178558735176,0,0,0,0,0,0,0.0,0.0,0.0,1,0,0,0,0,0,0.0368045467184853
65,4,14/10,14,10,65,33,21.6989,22.3656,65,round_start,0,0.0214892551302909,0.0006550618563778,0.0,-0.0,0.0,0.0,0.0373268873441294,0.997008546900465,0.0,0.0,0.0,0.0,0.0,0.9771308552241076,0,0,0,0,0,0,0,0,0,0,kept_final_floor,0.9778557419776917,0.0221443176269531,0.0006550618563778,0,0,0,0,0,0,0.0,0.0,0.0,1,0,0,0,0,0,0.0336750187794675
65,5,14/1,14,1,65,65,21.6645,22.3312,65,round_start,0,0.0209194123744964,0.0006383360014297,0.0,-0.0,0.0,0.0,0.0373268873441294,0.7426174445769709,0.0,0.0,0.0,0.0,0.0,0.9993468475532749,0,0,0,0,0,0,0,0,0,0,kept_final_floor,0.9784422516822816,0.0215577483177185,0.0006383360014297,0,0,0,0,0,0,0.0,0.0,0.0,1,0,0,0,0,0,0.0327834577648899
65,6,14/14,14,14,65,12,21.76626667,22.43296667,65,round_start,0,0.019422298297286,0.0015311155002564,0.0,-0.0,0.0,0.0,0.0373268873441294,0.0,0.0,0.0,0.0,0.0,0.0,0.7641399519662462,0,0,0,0,0,0,0,0,0,0,kept_final_floor,0.9790465831756592,0.0209534130990505,0.0015311155002564,0,0,0,0,0,0,0.0,0.0,0.0,1,0,0,0,0,0,0.032501901546493
65,7,14/12,14,12,65,22,21.79926667,22.46596667,65,round_start,0,0.0191121939569711,0.0005792304291389,0.0,-0.0,0.0,0.0,0.0373268873441294,0.9966854512394328,0.0,0.0,0.0,0.0,0.0,0.9223608394897632,0,0,0,0,0,0,0,0,0,0,kept_final_floor,0.9803085327148438,0.0196914244443178,0.0005792304291389,0,0,0,0,0,0,0.0,0.0,0.0,1,0,0,0,0,0,0.0299425978795622
66,0,14/2,14,2,66,66,21.9978,22.6645,66,round_start,0,0.0847223177552223,0.0020901085808873,0.0,-0.0,0.0,0.0,0.0373268873441294,0.7443695304970133,0.0,0.0,0.0,1.0,0.0,0.9994155367578238,0,0,0,0,0,0,0,0,0,0,kept_final_floor,0.9131876230239868,0.0868124291300773,0.0020901085808873,0,0,0,0,0,0,0.0,0.0,0.0,1,0,0,0,0,0,0.5816817155107855
66,1,14/3,14,3,66,66,21.9978,22.6645,66,round_start,0,0.0267282966524362,0.0008180057047866,0.0,-0.0,0.0,0.0,0.0373268873441294,0.0,0.0,0.0,0.0,0.0,0.0,0.9994155367578238,0,0,0,0,0,0,0,0,0,0,kept_final_floor,0.972453773021698,0.0275463014841079,0.0008180057047866,0,0,0,0,0,0,0.0,0.0,0.0,1,0,0,0,0,0,0.0418920575291848
66,2,14/5,14,5,66,66,22.06446667,22.73116667,66,round_start,0,0.0249741207808256,0.0007612096378579,0.0,-0.0,0.0,0.0,0.0373268873441294,0.0,0.0,0.0,0.0,0.0,0.0,0.9994155367584668,0,0,0,0,0,0,0,0,0,0,kept_final_floor,0.974264681339264,0.0257353298366069,0.0007612096378579,0,0,0,0,0,0,0.0,0.0,0.0,1,0,0,0,0,0,0.0391358423745257
66,3,14/10,14,10,66,34,22.0322,22.6989,66,round_start,0,0.0212267320603132,0.0006496481364592,0.0,-0.0,0.0,0.0,0.0373268873441294,0.7451477568130425,0.0,0.0,0.0,0.0,0.0,0.9795359038023508,0,0,0,0,0,0,0,0,0,0,kept_final_floor,0.9781236052513124,0.0218763798475265,0.0006496481364592,0,0,0,0,0,0,0.0,0.0,0.0,1,0,0,0,0,0,0.03326932399068
66,4,14/1,14,1,66,66,21.9978,22.6645,66,round_start,0,0.0210095457732677,0.0006409896886907,0.0,-0.0,0.0,0.0,0.0373268873441294,0.7427339901486071,0.0,0.0,0.0,0.0,0.0,0.9994155367578238,0,0,0,0,0,0,0,0,0,0,kept_final_floor,0.9783494472503662,0.0216505359858274,0.0006409896886907,0,0,0,0,0,0,0.0,0.0,0.0,1,0,0,0,0,0,0.032924495975021
66,5,14/12,14,12,66,23,22.13256667,22.79926667,66,round_start,0,0.0195365007966756,0.0005925048608332,0.0,-0.0,0.0,0.0,0.0373268873441294,0.7467334125965978,0.0,0.0,0.0,0.0,0.0,0.9305258126197584,0,0,0,0,0,0,0,0,0,0,kept_final_floor,0.9798709750175476,0.0201290063560009,0.0005925048608332,0,0,0,0,0,0,0.0,0.0,0.0,1,0,0,0,0,0,0.0306082618888464
66,6,14/14,14,14,66,13,22.09956667,22.76626667,66,round_start,0,0.0170886069536209,0.0009941204916685,0.0,-0.0,0.0,0.0,0.0373268873441294,0.9988205632172104,0.0,0.0,0.0,0.0,0.0,0.7889443282884377,0,0,0,0,0,0,0,0,0,0,kept_final_floor,0.9819172024726868,0.0180827267467975,0.0009941204916685,0,0,0,0,0,0,0.0,0.0,0.0,1,0,0,0,0,0,0.027819975512102
67,0,14/2,14,2,67,67,22.3311,22.9978,67,round_start,0,0.0847630128264427,0.0020913635380566,0.0,-0.0,0.0,0.0,0.0373268873441294,0.7444381555102874,0.0,0.0,0.0,1.0,0.0,0.9994770022172192,0,0,0,0,0,0,0,0,0,0,kept_final_floor,0.9131456613540648,0.086854375898838,0.0020913635380566,0,0,0,0,0,0,0.0,0.0,0.0,1,0,0,0,0,0,0.5817455190233886
67,1,14/3,14,3,67,67,22.3311,22.9978,67,round_start,0,0.0268355198204517,0.0008205924532376,0.0,-0.0,0.0,0.0,0.0373268873441294,0.0,0.0,0.0,0.0,0.0,0.0,0.9994770022172192,0,0,0,0,0,0,0,0,0,0,kept_final_floor,0.9723439812660216,0.0276561118662357,0.0008205924532376,0,0,0,0,0,0,0.0,0.0,0.0,1,0,0,0,0,0,0.0420585831278002
67,2,14/5,14,5,67,67,22.39776667,23.06446667,67,round_start,0,0.023256542161107,0.0007040678174234,0.0,-0.0,0.0,0.0,0.0373268873441294,0.7414507148186604,0.0,0.0,0.0,0.0,0.0,0.9994770022177946,0,0,0,0,0,0,0,0,0,0,kept_final_floor,0.9760394096374512,0.0239606108516454,0.0007040678174234,0,0,0,0,0,0,0.0,0.0,0.0,1,0,0,0,0,0,0.0364337624399919
67,3,14/10,14,10,67,35,22.3655,23.0322,67,round_start,0,0.0211350824683904,0.0006467029452323,0.0,-0.0,0.0,0.0,0.0373268873441294,0.7408510299939698,0.0,0.0,0.0,0.0,0.0,0.9816880238727552,0,0,0,0,0,0,0,0,0,0,kept_final_floor,0.978218138217926,0.0217817854136228,0.0006467029452323,0,0,0,0,0,0,0.0,0.0,0.0,1,0,0,0,0,0,0.0331253701820966
67,4,14/1,14,1,67,67,22.3311,22.9978,67,round_start,0,0.0210469625890254,0.0006421290454454,0.0,-0.0,0.0,0.0,0.0373268873441294,0.7449883394964584,0.0,0.0,0.0,0.0,0.0,0.9994770022172192,0,0,0,0,0,0,0,0,0,0,kept_final_floor,0.9783108830451964,0.0216890908777713,0.0006421290454454,0,0,0,0,0,0,0.0,0.0,0.0,1,0,0,0,0,0,0.0329831277835179
67,5,14/12,14,12,67,24,22.46586667,23.13256667,67,round_start,0,0.019856721162796,0.0006016191327944,0.0,-0.0,0.0,0.0,0.0373268873441294,0.7464684336279498,0.0,0.0,0.0,0.0,0.0,0.9378321110065514,0,0,0,0,0,0,0,0,0,0,kept_final_floor,0.9795417189598083,0.0204583406448364,0.0006016191327944,0,0,0,0,0,0,0.0,0.0,0.0,1,0,0,0,0,0,0.0311086438363416
67,6,14/14,14,14,67,14,22.43286667,23.09956667,67,round_start,0,0.0188176445662975,0.0009016298572532,0.0,-0.0,0.0,0.0,0.0373268873441294,0.0,0.0,0.0,0.0,0.0,0.0,0.8111401361402082,0,0,0,0,0,0,0,0,0,0,kept_final_floor,0.9802806973457336,0.0197192747145891,0.0009016298572532,0,0,0,0,0,0,0.0,0.0,0.0,1,0,0,0,0,0,0.0302100525354032
68,0,14/2,14,2,68,68,22.6644,23.3311,68,round_start,0,0.0847731009125709,0.0020918198861181,0.0,-0.0,0.0,0.0,0.0373268873441294,0.7460000285370169,0.0,0.0,0.0,1.0,0.0,0.9995320036213482,0,0,0,0,0,0,0,0,0,0,kept_final_floor,0.91313499212265,0.0868649184703826,0.0020918198861181,0,0,0,0,0,0,0.0,0.0,0.0,1,0,0,0,0,0,0.5817616551183162
68,1,14/3,14,3,68,68,22.6644,23.3311,68,round_start,0,0.0234813392162323,0.0007121856906451,0.0,-0.0,0.0,0.0,0.0373268873441294,0.9951151545804084,0.0,0.0,0.0,0.0,0.0,0.9995320036213482,0,0,0,0,0,0,0,0,0,0,kept_final_floor,0.9758065938949584,0.024193525314331,0.0007121856906451,0,0,0,0,0,0,0.0,0.0,0.0,1,0,0,0,0,0,0.0367888173437676
68,2,14/5,14,5,68,68,22.73106667,23.39776667,68,round_start,0,0.0221551544964313,0.0006724232807755,0.0,-0.0,0.0,0.0,0.0373268873441294,0.7406939302415262,0.0,0.0,0.0,0.0,0.0,0.999532003621863,0,0,0,0,0,0,0,0,0,0,kept_final_floor,0.9771724343299866,0.0228275768458843,0.0006724232807755,0,0,0,0,0,0,0.0,0.0,0.0,1,0,0,0,0,0,0.034712062962353
68,3,14/10,14,10,68,36,22.6988,23.3655,68,round_start,0,0.0210552923381328,0.0006439428543671,0.0,-0.0,0.0,0.0,0.0373268873441294,0.7450439935002721,0.0,0.0,0.0,0.0,0.0,0.9836138148273902,0,0,0,0,0,0,0,0,0,0,kept_final_floor,0.9783007502555848,0.021699234843254,0.0006439428543671,0,0,0,0,0,0,0.0,0.0,0.0,1,0,0,0,0,0,0.0329996127868068
68,4,14/14,14,14,68,15,22.76616667,23.43286667,68,round_start,0,0.0206487849354743,0.0008623417816124,0.0,-0.0,0.0,0.0,0.0373268873441294,0.0,0.0,0.0,0.0,0.0,0.0,0.8310017073320607,0,0,0,0,0,0,0,0,0,0,kept_final_floor,0.9784888029098512,0.0215111263096332,0.0008623417816124,0,0,0,0,0,0,0.0,0.0,0.0,1,0,0,0,0,0,0.0328703293227587
68,5,14/1,14,1,68,68,22.6644,23.3311,68,round_start,0,0.0204668752849102,0.0006243742536753,0.0,-0.0,0.0,0.0,0.0373268873441294,0.9990216986270656,0.0,0.0,0.0,0.0,0.0,0.9995320036213482,0,0,0,0,0,0,0,0,0,0,kept_final_floor,0.9789087772369384,0.0210912488400936,0.0006243742536753,0,0,0,0,0,0,0.0,0.0,0.0,1,0,0,0,0,0,0.0320739362854509
68,6,14/12,14,12,68,25,22.79916667,23.46586667,68,round_start,0,0.019480463117361,0.0005901687545701,0.0,-0.0,0.0,0.0,0.0373268873441294,0.9971785420745084,0.0,0.0,0.0,0.0,0.0,0.9443700377415152,0,0,0,0,0,0,0,0,0,0,kept_final_floor,0.9799293875694276,0.020070631057024,0.0005901687545701,0,0,0,0,0,0,0.0,0.0,0.0,1,0,0,0,0,0,0.0305190659360957
69,0,14/2,14,2,69,69,22.9977,23.6644,69,round_start,0,0.0847922787070274,0.0020925314165651,0.0,-0.0,0.0,0.0,0.0373268873441294,0.7449050603655648,0.0,0.0,0.0,1.0,0.0,0.9995812207668132,0,0,0,0,0,0,0,0,0,0,kept_final_floor,0.91311514377594,0.0868848115205764,0.0020925314165651,0,0,0,0,0,0,0.0,0.0,0.0,1,0,0,0,0,0,0.5817919871769843
69,1,14/3,14,3,69,69,22.9977,23.6644,69,round_start,0,0.0222596023231744,0.0006777057424187,0.0,-0.0,0.0,0.0,0.0373268873441294,0.7427736614102927,0.0,0.0,0.0,0.0,0.0,0.9995812207668132,0,0,0,0,0,0,0,0,0,0,kept_final_floor,0.9770627021789552,0.0229373089969158,0.0006777057424187,0,0,0,0,0,0,0.0,0.0,0.0,1,0,0,0,0,0,0.0348803561180827
69,2,14/5,14,5,69,69,23.06436667,23.73106667,69,round_start,0,0.0216247700154781,0.0006567230448126,0.0,-0.0,0.0,0.0,0.0373268873441294,0.7390051958262538,0.0,0.0,0.0,0.0,0.0,0.999581220767274,0,0,0,0,0,0,0,0,0,0,kept_final_floor,0.9777184128761292,0.0222814939916133,0.0006567230448126,0,0,0,0,0,0,0.0,0.0,0.0,1,0,0,0,0,0,0.0338819457218048
69,3,14/10,14,10,69,37,23.0321,23.6988,69,round_start,0,0.0210042130202054,0.000642035389319,0.0,-0.0,0.0,0.0,0.0373268873441294,0.7448042819705541,0.0,0.0,0.0,0.0,0.0,0.9853370787158482,0,0,0,0,0,0,0,0,0,0,kept_final_floor,0.9783537983894348,0.0216462481766939,0.000642035389319,0,0,0,0,0,0,0.0,0.0,0.0,1,0,0,0,0,0,0.0329187973868099
69,4,14/1,14,1,69,69,22.9977,23.6644,69,round_start,0,0.0207180771976709,0.0006329825264401,0.0,-0.0,0.0,0.0,0.0373268873441294,0.7479256488740671,0.0,0.0,0.0,0.0,0.0,0.9995812207668132,0,0,0,0,0,0,0,0,0,0,kept_final_floor,0.978648841381073,0.021351059898734,0.0006329825264401,0,0,0,0,0,0,0.0,0.0,0.0,1,0,0,0,0,0,0.0324696773546745
69,5,14/14,14,14,69,16,23.09946667,23.76616667,69,round_start,0,0.0197778362780809,0.0007481426582671,0.0,-0.0,0.0,0.0,0.0373268873441294,0.7451750185782201,0.0,0.0,0.0,0.0,0.0,0.8487745233900967,0,0,0,0,0,0,0,0,0,0,kept_final_floor,0.9794741272926332,0.0205259788781404,0.0007481426582671,0,0,0,0,0,0,0.0,0.0,0.0,1,0,0,0,0,0,0.0313126682653089
69,6,14/12,14,12,69,26,23.13246667,23.79916667,69,round_start,0,0.0192958638072013,0.0005854562041349,0.0,-0.0,0.0,0.0,0.0373268873441294,0.997360366927605,0.0,0.0,0.0,0.0,0.0,0.9502203991323148,0,0,0,0,0,0,0,0,0,0,kept_final_floor,0.9801186323165894,0.0198813192546367,0.0005854562041349,0,0,0,0,0,0,0.0,0.0,0.0,1,0,0,0,0,0,0.0302317993598987
70,0,14/2,14,2,70,70,23.331,23.9977,70,round_start,0,0.0848417207598686,0.0020939381793141,0.0,-0.0,0.0,0.0,0.0373268873441294,0.7423545217902053,0.0,0.0,0.0,1.0,0.0,0.999625261958963,0,0,0,0,0,0,0,0,0,0,kept_final_floor,0.9130643606185912,0.0869356617331504,0.0020939381793141,0,0,0,0,0,0,0.0,0.0,0.0,1,0,0,0,0,0,0.5818692451342939
70,1,14/3,14,3,70,70,23.331,23.9977,70,round_start,0,0.0217201225459575,0.0006607647519558,0.0,-0.0,0.0,0.0,0.0373268873441294,0.7416932018706154,0.0,0.0,0.0,0.0,0.0,0.999625261958963,0,0,0,0,0,0,0,0,0,0,kept_final_floor,0.9776190519332886,0.0223808865994215,0.0006607647519558,0,0,0,0,0,0,0.0,0.0,0.0,1,0,0,0,0,0,0.034033866273239
70,2,14/5,14,5,70,70,23.39766667,24.06436667,70,round_start,0,0.0213526580482721,0.0006484846235252,0.0,-0.0,0.0,0.0,0.0373268873441294,0.7411316732973795,0.0,0.0,0.0,0.0,0.0,0.9996252619593752,0,0,0,0,0,0,0,0,0,0,kept_final_floor,0.9779988527297974,0.0220011435449123,0.0006484846235252,0,0,0,0,0,0,0.0,0.0,0.0,1,0,0,0,0,0,0.0334556532441635
70,3,14/10,14,10,70,38,23.3654,24.0321,70,round_start,0,0.0209787636995315,0.0006408996414393,0.0,-0.0,0.0,0.0,0.0373268873441294,0.7439189241953723,0.0,0.0,0.0,0.0,0.0,0.986879114429598,0,0,0,0,0,0,0,0,0,0,kept_final_floor,0.9783803820610046,0.0216196626424789,0.0006408996414393,0,0,0,0,0,0,0.0,0.0,0.0,1,0,0,0,0,0,0.0328781247604637
70,4,14/1,14,1,70,70,23.331,23.9977,70,round_start,0,0.0209059882909059,0.0006382759893313,0.0,-0.0,0.0,0.0,0.0373268873441294,0.7475522708743377,0.0,0.0,0.0,0.0,0.0,0.999625261958963,0,0,0,0,0,0,0,0,0,0,kept_final_floor,0.9784557223320008,0.0215442646294832,0.0006382759893313,0,0,0,0,0,0,0.0,0.0,0.0,1,0,0,0,0,0,0.0327631896128877
70,5,14/12,14,12,70,27,23.46576667,24.13246667,70,round_start,0,0.0198108572512865,0.0006014554528519,0.0,-0.0,0.0,0.0,0.0373268873441294,0.7472196324059845,0.0,0.0,0.0,0.0,0.0,0.9554555034383811,0,0,0,0,0,0,0,0,0,0,kept_final_floor,0.9795876741409302,0.0204123128205537,0.0006014554528519,0,0,0,0,0,0,0.0,0.0,0.0,1,0,0,0,0,0,0.0310394878732039
70,6,14/14,14,14,70,17,23.43276667,24.09946667,70,round_start,0,0.0187457911670207,0.0006666309200227,0.0,-0.0,0.0,0.0,0.0373268873441294,0.9955132074008632,0.0,0.0,0.0,0.0,0.0,0.8646782496150571,0,0,0,0,0,0,0,0,0,0,kept_final_floor,0.980587601661682,0.0194124225527048,0.0006666309200227,0,0,0,0,0,0,0.0,0.0,0.0,1,0,0,0,0,0,0.0295852747745809
71,0,14/2,14,2,71,71,23.6643,24.331,71,round_start,0,0.0848629027605056,0.0020945300348103,0.0,-0.0,0.0,0.0,0.0373268873441294,0.7439248074774127,0.0,0.0,0.0,1.0,0.0,0.9996646715303152,0,0,0,0,0,0,0,0,0,0,kept_final_floor,0.9130424857139589,0.0869574323296547,0.0020945300348103,0,0,0,0,0,0,0.0,0.0,0.0,1,0,0,0,0,0,0.581902320217341
71,1,14/3,14,3,71,71,23.6643,24.331,71,round_start,0,0.0214274562895298,0.0006514432607218,0.0,-0.0,0.0,0.0,0.0373268873441294,0.7421714103016582,0.0,0.0,0.0,0.0,0.0,0.9996646715303152,0,0,0,0,0,0,0,0,0,0,kept_final_floor,0.9779210686683656,0.0220788996666669,0.0006514432607218,0,0,0,0,0,0,0.0,0.0,0.0,1,0,0,0,0,0,0.0335743596078826
71,2,14/5,14,5,71,71,23.73096667,24.39766667,71,round_start,0,0.0212026983499526,0.0006439829594455,0.0,-0.0,0.0,0.0,0.0373268873441294,0.7433829485504762,0.0,0.0,0.0,0.0,0.0,0.999664671530684,0,0,0,0,0,0,0,0,0,0,kept_final_floor,0.9781532287597656,0.0218466818332672,0.0006439829594455,0,0,0,0,0,0,0.0,0.0,0.0,1,0,0,0,0,0,0.033220810035709
71,3,14/1,14,1,71,71,23.6643,24.331,71,round_start,0,0.0204063672572374,0.0006228496786206,0.0,-0.0,0.0,0.0,0.0373268873441294,0.9983902838646818,0.0,0.0,0.0,0.0,0.0,0.9996646715303152,0,0,0,0,0,0,0,0,0,0,kept_final_floor,0.9789708256721495,0.0210292171686887,0.0006228496786206,0,0,0,0,0,0,0.0,0.0,0.0,1,0,0,0,0,0,0.0319798201788214
71,4,14/10,14,10,71,39,23.6987,24.3654,71,round_start,0,0.0203730072826147,0.0006220135837793,0.0,-0.0,0.0,0.0,0.0373268873441294,0.9962940383487336,0.0,0.0,0.0,0.0,0.0,0.9882589809482468,0,0,0,0,0,0,0,0,0,0,kept_final_floor,0.979004979133606,0.020995020866394,0.0006220135837793,0,0,0,0,0,0,0.0,0.0,0.0,1,0,0,0,0,0,0.0319279408082365
71,5,14/12,14,12,71,28,23.79906667,24.46576667,71,round_start,0,0.0195820126682519,0.0005941846175119,0.0,-0.0,0.0,0.0,0.0373268873441294,0.9983709846616974,0.0,0.0,0.0,0.0,0.0,0.9601400545737174,0,0,0,0,0,0,0,0,0,0,kept_final_floor,0.9798238277435304,0.0201761964708566,0.0005941846175119,0,0,0,0,0,0,0.0,0.0,0.0,1,0,0,0,0,0,0.030680225160904
71,6,14/14,14,14,71,18,23.76606667,24.43276667,71,round_start,0,0.0183660574257373,0.0006263207178562,0.0,-0.0,0.0,0.0,0.0373268873441294,0.9973953987084097,0.0,0.0,0.0,0.0,0.0,0.8789094500625592,0,0,0,0,0,0,0,0,0,0,kept_final_floor,0.9810076355934144,0.0189923774451017,0.0006263207178562,0,0,0,0,0,0,0.0,0.0,0.0,1,0,0,0,0,0,0.0289269917178895
72,0,76/3,76,3,0,0,0.0,0.6667,0,round_start,0,0.288432627916336,0.173069417476654,0.0,-0.0,0.0,0.0,0.0373268873441294,0.0,0.0,0.0,0.0,1.0,0.0,0.1051656545013588,0,0,0,0,0,0,0,0,0,0,kept_final_floor,0.5384979248046875,0.4615020453929901,0.173069417476654,0,0,0,0,0,0,0.0,0.0,0.0,1,1,0,1,0,0,1.2634016603231428
72,1,76/1,76,1,0,0,0.0,0.6667,0,round_start,0,0.192328929901123,0.1202066838741302,0.0,-0.0,0.0,0.0,0.0373268873441294,0.0,0.0,0.0,0.0,0.0,0.0,0.1051656545013588,0,0,0,0,0,0,0,0,0,0,kept_final_floor,0.6874643564224243,0.3125356137752533,0.1202066838741302,0,0,0,0,0,0,0.0,0.0,0.0,1,0,0,0,0,0,0.5529480993747709
72,2,76/12,76,12,0,0,0.1,0.7667,0,round_start,0,0.192328929901123,0.1202066838741302,0.0,-0.0,0.0,0.0,0.0373268873441294,0.0,0.0,0.0,0.0,0.0,0.0,0.1051656545013588,0,0,0,0,0,0,0,0,0,0,kept_final_floor,0.6874643564224243,0.3125356137752533,0.1202066838741302,0,0,0,0,0,0,0.0,0.0,0.0,1,0,0,0,0,0,0.5529480993747709
72,3,76/2,76,2,0,0,0.0,0.6667,0,round_start,0,0.192328929901123,0.1202066838741302,0.0,-0.0,0.0,0.0,0.0373268873441294,0.0,0.0,0.0,0.0,0.0,0.0,0.1051656545013588,0,0,0,0,0,0,0,0,0,0,kept_final_floor,0.6874643564224243,0.3125356137752533,0.1202066838741302,0,0,0,0,0,0,0.0,0.0,0.0,1,0,0,0,0,0,0.5529480993747709
72,4,76/4,76,4,0,0,0.0,0.6667,0,round_start,0,0.192328929901123,0.1202066838741302,0.0,-0.0,0.0,0.0,0.0373268873441294,0.0,0.0,0.0,0.0,0.0,0.0,0.1051656545013588,0,0,0,0,0,0,0,0,0,0,kept_final_floor,0.6874643564224243,0.3125356137752533,0.1202066838741302,0,0,0,0,0,0,0.0,0.0,0.0,1,0,0,0,0,0,0.5529480993747709
73,0,76/12,76,12,1,1,0.4333,1.1,1,round_start,1,0.2040194123983383,0.0703865364193916,0.0,-0.0,0.0,0.0,0.0373268873441294,0.0,0.0,0.0,0.0,1.0,0.0,0.1992714941160185,0,0,2,2,0,0,2,2,0,0,kept_final_floor,0.7255940437316895,0.2744059562683105,0.0703865364193916,0,0,0,0,0,0,1.0,0.0,0.5,1,1,1,0,0,1,1.0775461653868357
73,1,76/3,76,3,1,1,0.3333,1.0,1,round_start,0,0.2981574237346649,0.1106735244393348,0.0,-0.0,0.0,0.0,0.0373268873441294,0.0,0.0,0.0,0.0,1.0,0.0,0.1992714941160185,0,0,0,0,0,0,0,0,0,0,kept_final_floor,0.5911691188812256,0.4088309407234192,0.1106735244393348,0,0,0,0,0,0,0.0,0.0,0.0,1,1,0,1,0,0,1.140717889368534
73,2,76/14,76,14,1,0,0.4333333333,1.100033333,1,round_start,0,0.192328929901123,0.1202066838741302,0.0,-0.0,0.0,0.0,0.0373268873441294,0.0,0.0,0.0,0.0,0.0,0.0,0.1051656544566171,0,0,0,0,0,0,0,0,0,0,kept_final_floor,0.6874643564224243,0.3125356137752533,0.1202066838741302,0,0,0,0,0,0,0.0,0.0,0.0,1,0,0,0,0,0,0.5529480993747709
73,3,76/1,76,1,1,1,0.3333,1.0,1,round_start,0,0.1187167093157768,0.0438160374760627,0.0,-0.0,0.0,0.0,0.0373268873441294,0.0,0.0,0.0,0.0,0.0,0.0,0.1992714941160185,0,0,0,0,0,0,0,0,0,0,kept_final_floor,0.8374671936035156,0.1625327467918396,0.0438160374760627,0,0,0,0,0,0,0.0,0.0,0.0,1,0,0,0,0,0,0.2744703464210031
73,4,76/2,76,2,1,1,0.3333,1.0,1,round_start,0,0.1187167093157768,0.0438160374760627,0.0,-0.0,0.0,0.0,0.0373268873441294,0.0,0.0,0.0,0.0,0.0,0.0,0.1992714941160185,0,0,0,0,0,0,0,0,0,0,kept_final_floor,0.8374671936035156,0.1625327467918396,0.0438160374760627,0,0,0,0,0,0,0.0,0.0,0.0,1,0,0,0,0,0,0.2744703464210031
73,5,76/4,76,4,1,1,0.3333,1.0,1,round_start,0,0.1187167093157768,0.0438160374760627,0.0,-0.0,0.0,0.0,0.0373268873441294,0.0,0.0,0.0,0.0,0.0,0.0,0.1992714941160185,0,0,0,0,0,0,0,0,0,0,kept_final_floor,0.8374671936035156,0.1625327467918396,0.0438160374760627,0,0,0,0,0,0,0.0,0.0,0.0,1,0,0,0,0,0,0.2744703464210031
74,0,76/12,76,12,2,2,0.7666,1.4333,2,round_start,1,0.2323056757450103,0.046630498021841,0.0,-0.0,0.0,0.0,0.0373268873441294,0.0,0.0,0.0,0.0,1.0,0.0,0.2834806315152026,0,0,2,2,0,0,2,2,0,0,kept_final_floor,0.7210638523101807,0.2789361774921417,0.046630498021841,0,0,0,0,0,0,1.0,0.0,0.5,1,1,1,0,0,1,1.0677122759322324
74,1,76/3,76,3,2,2,0.6666,1.3333,2,round_start,0,0.32255420088768,0.0765844285488128,0.0,-0.0,0.0,0.0,0.0373268873441294,0.0,0.0,0.0,0.0,1.0,0.0,0.2834806315152026,0,0,0,0,0,0,0,0,0,0,kept_final_floor,0.6008613705635071,0.3991386294364929,0.0765844285488128,0,0,0,0,0,0,0.0,0.0,0.0,1,1,0,1,0,0,1.102317044138908
74,2,76/14,76,14,2,1,0.7666333333,1.433333333,2,round_start,0,0.1187167093157768,0.0438160374760627,0.0,-0.0,0.0,0.0,0.0373268873441294,0.0,0.0,0.0,0.0,0.0,0.0,0.1992714940359456,0,0,0,0,0,0,0,0,0,0,kept_final_floor,0.8374671936035156,0.1625327467918396,0.0438160374760627,0,0,0,0,0,0,0.0,0.0,0.0,1,0,0,0,0,0,0.2744703464210031
74,3,76/2,76,2,2,2,0.6666,1.3333,2,round_start,0,0.0793017148971557,0.0164677947759628,0.0,-0.0,0.0,0.0,0.0373268873441294,0.0,0.0,0.0,0.0,0.0,0.0,0.2834806315152026,0,0,0,0,0,0,0,0,0,0,kept_final_floor,0.904230535030365,0.0957695096731185,0.0164677947759628,0,0,0,0,0,0,0.0,0.0,0.0,1,0,0,0,0,0,0.1551817208528517
74,4,76/4,76,4,2,2,0.6666,1.3333,2,round_start,0,0.0793017148971557,0.0164677947759628,0.0,-0.0,0.0,0.0,0.0373268873441294,0.0,0.0,0.0,0.0,0.0,0.0,0.2834806315152026,0,0,0,0,0,0,0,0,0,0,kept_final_floor,0.904230535030365,0.0957695096731185,0.0164677947759628,0,0,0,0,0,0,0.0,0.0,0.0,1,0,0,0,0,0,0.1551817208528517
75,0,76/12,76,12,3,3,1.0999,1.7666,3,round_start,1,0.2563612461090088,0.0330168977379798,0.0,-0.0,0.0,0.0,0.0373268873441294,0.0,0.0,0.0,0.0,1.0,0.0,0.3588338598648067,0,0,2,2,0,0,2,2,0,0,kept_final_floor,0.7106218338012695,0.2893781363964081,0.0330168977379798,0,0,0,0,0,0,1.0,0.0,0.5,1,1,1,0,0,1,1.0738457108537354
75,1,76/3,76,3,3,3,0.9999,1.6666,3,round_start,0,0.2041506320238113,0.0344612933695316,0.0,-0.0,0.0,0.0,0.0373268873441294,0.6602259859798936,0.0,0.0,0.0,0.0,0.0,0.3588338598648067,0,0,0,0,0,0,0,0,0,0,kept_final_floor,0.7613880634307861,0.2386119216680526,0.0344612933695316,0,0,0,0,0,0,0.0,0.0,0.0,1,0,0,0,0,0,0.3820407934486864
75,2,76/14,76,14,3,2,1.099933333,1.766633333,3,round_start,0,0.0793017148971557,0.0164677947759628,0.0,-0.0,0.0,0.0,0.0373268873441294,0.0,0.0,0.0,0.0,0.0,0.0,0.2834806314435506,0,0,0,0,0,0,0,0,0,0,kept_final_floor,0.904230535030365,0.0957695096731185,0.0164677947759628,0,0,0,0,0,0,0.0,0.0,0.0,1,0,0,0,0,0,0.1551817208528517
75,3,76/2,76,2,3,3,0.9999,1.6666,3,round_start,0,0.0556892566382885,0.006822747644037,0.0,-0.0,0.0,0.0,0.0373268873441294,0.0,0.0,0.0,0.0,0.0,0.0,0.3588338598648067,0,0,0,0,0,0,0,0,0,0,kept_final_floor,0.9374880194664,0.0625120028853416,0.006822747644037,0,0,0,0,0,0,0.0,0.0,0.0,1,0,0,0,0,0,0.0985439297743141
76,0,76/12,76,12,4,4,1.4332,2.0999,4,round_start,0,0.2700446844100952,0.0245790854096412,0.0,-0.0,0.0,0.0,0.0373268873441294,0.0,0.0,0.0,0.0,1.0,0.0,0.4262625166362342,0,0,0,0,0,0,0,0,0,0,kept_final_floor,0.7053762674331665,0.2946237623691559,0.0245790854096412,0,0,0,0,0,0,0.0,0.0,0.0,1,0,0,0,0,0,0.9091410145163534
76,1,76/3,76,3,4,4,1.3332,1.9999,4,round_start,0,0.1151516810059547,0.0140317929908633,0.0,-0.0,0.0,0.0,0.0373268873441294,0.6417446319799703,0.0,0.0,0.0,0.0,0.0,0.4262625166362342,0,0,0,0,0,0,0,0,0,0,kept_final_floor,0.8708165287971497,0.1291834712028503,0.0140317929908633,0,0,0,0,0,0,0.0,0.0,0.0,1,0,0,0,0,0,0.2035974660888313
76,2,76/14,76,14,4,3,1.433233333,2.099933333,4,round_start,0,0.0556892566382885,0.006822747644037,0.0,-0.0,0.0,0.0,0.0373268873441294,0.0,0.0,0.0,0.0,0.0,0.0,0.35883385980069,0,0,0,0,0,0,0,0,0,0,kept_final_floor,0.9374880194664,0.0625120028853416,0.006822747644037,0,0,0,0,0,0,0.0,0.0,0.0,1,0,0,0,0,0,0.0985439297743141
76,3,76/2,76,2,4,4,1.3332,1.9999,4,round_start,0,0.0415377989411354,0.0033323555253446,0.0,-0.0,0.0,0.0,0.0373268873441294,0.0,0.0,0.0,0.0,0.0,0.0,0.4262625166362342,0,0,0,0,0,0,0,0,0,0,kept_final_floor,0.9551298022270204,0.0448701530694961,0.0033323555253446,0,0,0,0,0,0,0.0,0.0,0.0,1,0,0,0,0,0,0.0696378805674612
77,0,76/12,76,12,5,5,1.7665,2.4332,5,round_start,0,0.165522351861,0.0129193849861621,0.0,-0.0,0.0,0.0,0.0373268873441294,0.0,0.0,0.0,0.0,0.0,0.0,0.4865999945861471,0,0,0,0,0,0,0,0,0,0,kept_final_floor,0.8215582370758057,0.1784417331218719,0.0129193849861621,0,0,0,0,0,0,0.0,0.0,0.0,1,0,0,0,0,0,0.2767061747610566
77,1,76/3,76,3,5,5,1.6665,2.3332,5,round_start,0,0.0660665929317474,0.0058420160785317,0.0,-0.0,0.0,0.0,0.0373268873441294,0.6464009597277528,0.0,0.0,0.0,0.0,0.0,0.4865999945861472,0,0,0,0,0,0,0,0,0,0,kept_final_floor,0.9280914068222046,0.0719086080789566,0.0058420160785317,0,0,0,0,0,0,0.0,0.0,0.0,1,0,0,0,0,0,0.1119523247703908
77,2,76/14,76,14,5,4,1.766533333,2.433233333,5,round_start,0,0.0415377989411354,0.0033323555253446,0.0,-0.0,0.0,0.0,0.0373268873441294,0.0,0.0,0.0,0.0,0.0,0.0,0.4262625165788605,0,0,0,0,0,0,0,0,0,0,kept_final_floor,0.9551298022270204,0.0448701530694961,0.0033323555253446,0,0,0,0,0,0,0.0,0.0,0.0,1,0,0,0,0,0,0.0696378805674612
77,3,76/2,76,2,5,5,1.6665,2.3332,5,round_start,0,0.0333454199135303,0.0019658685196191,0.0,-0.0,0.0,0.0,0.0373268873441294,0.0,0.0,0.0,0.0,0.0,0.0,0.4865999945861472,0,0,0,0,0,0,0,0,0,0,kept_final_floor,0.9646885991096495,0.0353112891316413,0.0019658685196191,0,0,0,0,0,0,0.0,0.0,0.0,1,0,0,0,0,0,0.0543430406134574
78,0,76/12,76,12,6,6,2.0998,2.7665,6,round_start,0,0.0988165214657783,0.0064025181345641,0.0,-0.0,0.0,0.0,0.0373268873441294,0.0,0.0,0.0,0.0,0.0,0.0,0.5405920421764963,0,0,0,0,0,0,0,0,0,0,kept_final_floor,0.8947809338569641,0.1052190363407135,0.0064025181345641,0,0,0,0,0,0,0.0,0.0,0.0,1,0,0,0,0,0,0.1623103220947084
78,1,76/3,76,3,6,6,1.9998,2.6665,6,round_start,0,0.0420405380427837,0.0028144870884716,0.0,-0.0,0.0,0.0,0.0373268873441294,0.6538213174082256,0.0,0.0,0.0,0.0,0.0,0.5405920421764963,0,0,0,0,0,0,0,0,0,0,kept_final_floor,0.955145001411438,0.0448550246655941,0.0028144870884716,0,0,0,0,0,0,0.0,0.0,0.0,1,0,0,0,0,0,0.069252678658813
78,2,76/14,76,14,6,5,2.099833333,2.766533333,6,round_start,0,0.0333454199135303,0.0019658685196191,0.0,-0.0,0.0,0.0,0.0373268873441294,0.0,0.0,0.0,0.0,0.0,0.0,0.4865999945348072,0,0,0,0,0,0,0,0,0,0,kept_final_floor,0.9646885991096495,0.0353112891316413,0.0019658685196191,0,0,0,0,0,0,0.0,0.0,0.0,1,0,0,0,0,0,0.0543430406134574
78,3,76/2,76,2,6,6,1.9998,2.6665,6,round_start,0,0.0287088043987751,0.0013686352176591,0.0,-0.0,0.0,0.0,0.0373268873441294,0.0,0.0,0.0,0.0,0.0,0.0,0.5405920421764963,0,0,0,0,0,0,0,0,0,0,kept_final_floor,0.9699225425720216,0.030077438801527,0.0013686352176591,0,0,0,0,0,0,0.0,0.0,0.0,1,0,0,0,0,0,0.0460742040770126
79,0,76/3,76,3,7,7,2.3331,2.9998,7,round_start,0,0.0337558127939701,0.0018343112897127,0.0,-0.0,0.0,0.0,0.0373268873441294,0.0,0.0,0.0,0.0,0.0,0.0,0.5889059807441377,0,0,0,0,0,0,0,0,0,0,kept_final_floor,0.96440988779068,0.0355901233851909,0.0018343112897127,0,0,0,0,0,0,0.0,0.0,0.0,1,0,0,0,0,0,0.054669204028323
79,1,76/14,76,14,7,6,2.433133333,3.099833333,7,round_start,0,0.0287088043987751,0.0013686352176591,0.0,-0.0,0.0,0.0,0.0373268873441294,0.0,0.0,0.0,0.0,0.0,0.0,0.5405920421305555,0,0,0,0,0,0,0,0,0,0,kept_final_floor,0.9699225425720216,0.030077438801527,0.0013686352176591,0,0,0,0,0,0,0.0,0.0,0.0,1,0,0,0,0,0,0.0460742040770126
79,2,76/2,76,2,7,7,2.3331,2.9998,7,round_start,0,0.0261198710650205,0.0010784575715661,0.0,-0.0,0.0,0.0,0.0373268873441294,0.0,0.0,0.0,0.0,0.0,0.0,0.5889059807441377,0,0,0,0,0,0,0,0,0,0,kept_final_floor,0.972801685333252,0.0271983295679092,0.0010784575715661,0,0,0,0,0,0,0.0,0.0,0.0,1,0,0,0,0,0,0.0415524132549761
80,0,76/3,76,3,8,8,2.6664,3.3331,8,round_start,0,0.0296699162572622,0.0013675257796421,0.0,-0.0,0.0,0.0,0.0373268873441294,0.0,0.0,0.0,0.0,0.0,0.0,0.6321389523407747,0,0,0,0,0,0,0,0,0,0,kept_final_floor,0.968962550163269,0.0310374423861503,0.0013675257796421,0,0,0,0,0,0,0.0,0.0,0.0,1,0,0,0,0,0,0.0475134311011059
80,1,76/14,76,14,8,7,2.766433333,3.433133333,8,round_start,0,0.0261198710650205,0.0010784575715661,0.0,-0.0,0.0,0.0,0.0373268873441294,0.0,0.0,0.0,0.0,0.0,0.0,0.5889059807030281,0,0,0,0,0,0,0,0,0,0,kept_final_floor,0.972801685333252,0.0271983295679092,0.0010784575715661,0,0,0,0,0,0,0.0,0.0,0.0,1,0,0,0,0,0,0.0415524132549761
80,2,76/2,76,2,8,8,2.6664,3.3331,8,round_start,0,0.0214345715939998,0.0007999402587302,0.0,-0.0,0.0,0.0,0.0373268873441294,0.9207559333025148,0.0,0.0,0.0,0.0,0.0,0.6321389523407747,0,0,0,0,0,0,0,0,0,0,kept_final_floor,0.9777655005455016,0.0222345124930143,0.0007999402587302,0,0,0,0,0,0,0.0,0.0,0.0,1,0,0,0,0,0,0.0339117259602061
81,0,76/14,76,14,9,8,3.099733333,3.766433333,9,round_start,0,0.0247059669345617,0.0009252557065337,0.0,-0.0,0.0,0.0,0.0373268873441294,0.0,0.0,0.0,0.0,0.0,0.0,0.6321389523039884,0,0,0,0,0,0,0,0,0,0,kept_final_floor,0.9743688106536864,0.0256312228739261,0.0009252557065337,0,0,0,0,0,0,0.0,0.0,0.0,1,0,0,0,0,0,0.0390945129562166
81,1,76/2,76,2,9,9,2.9997,3.6664,9,round_start,0,0.0190620962530374,0.0006695213960483,0.0,-0.0,0.0,0.0,0.0373268873441294,0.9250662405314616,0.0,0.0,0.0,0.0,0.0,0.6708253001834127,0,0,0,0,0,0,0,0,0,0,kept_final_floor,0.98026841878891,0.019731618463993,0.0006695213960483,0,0,0,0,0,0,0.0,0.0,0.0,1,0,0,0,0,0,0.0300660914508623
82,0,76/14,76,14,10,9,3.433033333,4.099733333,10,round_start,0,0.0239737816154956,0.0008396573248319,0.0,-0.0,0.0,0.0,0.0373268873441294,0.0,0.0,0.0,0.0,0.0,0.0,0.6708253001504951,0,0,0,0,0,0,0,0,0,0,kept_final_floor,0.97518652677536,0.0248134396970272,0.0008396573248319,0,0,0,0,0,0,0.0,0.0,0.0,1,0,0,0,0,0,0.0378079185378735
82,1,76/2,76,2,10,10,3.333,3.9997,10,round_start,0,0.0180258173495531,0.0006065784837119,0.0,-0.0,0.0,0.0,0.0373268873441294,0.9366157774769892,0.0,0.0,0.0,0.0,0.0,0.7054431729349124,0,0,0,0,0,0,0,0,0,0,kept_final_floor,0.9813676476478576,0.0186323951929807,0.0006065784837119,0,0,0,0,0,0,0.0,0.0,0.0,1,0,0,0,0,0,0.0283731986884958
83,0,76/21,76,21,11,0,3.766666667,4.433366667,11,round_start,0,0.192328929901123,0.1202066838741302,0.0,-0.0,0.0,0.0,0.0373268873441294,0.0,0.0,0.0,0.0,0.0,0.0,0.1051656545013588,0,0,0,0,0,0,0,0,0,0,kept_final_floor,0.6874643564224243,0.3125356137752533,0.1202066838741302,0,0,0,0,0,0,0.0,0.0,0.0,1,0,0,0,0,0,0.5529480993747709
83,1,76/22,76,22,11,0,3.766666667,4.433366667,11,round_start,0,0.192328929901123,0.1202066838741302,0.0,-0.0,0.0,0.0,0.0373268873441294,0.0,0.0,0.0,0.0,0.0,0.0,0.1051656545013588,0,0,0,0,0,0,0,0,0,0,kept_final_floor,0.6874643564224243,0.3125356137752533,0.1202066838741302,0,0,0,0,0,0,0.0,0.0,0.0,1,0,0,0,0,0,0.5529480993747709
83,2,76/14,76,14,11,10,3.766333333,4.433033333,11,round_start,0,0.0236411429941654,0.0007902666693553,0.0,-0.0,0.0,0.0,0.0373268873441294,0.0,0.0,0.0,0.0,0.0,0.0,0.7054431729054567,0,0,0,0,0,0,0,0,0,0,kept_final_floor,0.9755685925483704,0.0244314093142747,0.0007902666693553,0,0,0,0,0,0,0.0,0.0,0.0,1,0,0,0,0,0,0.0372003011638297
83,3,76/2,76,2,11,11,3.6663,4.333,11,round_start,0,0.0200891308486461,0.0006564825889654,0.0,-0.0,0.0,0.0,0.0373268873441294,0.0,0.0,0.0,0.0,0.0,0.0,0.7364204344410559,0,0,0,0,0,0,0,0,0,0,kept_final_floor,0.9792543649673462,0.020745612680912,0.0006564825889654,0,0,0,0,0,0,0.0,0.0,0.0,1,0,0,0,0,0,0.031577957968693
84,0,76/21,76,21,12,1,4.099966667,4.766666667,12,round_start,0,0.1187167093157768,0.0438160374760627,0.0,-0.0,0.0,0.0,0.0373268873441294,0.0,0.0,0.0,0.0,0.0,0.0,0.1992714941160184,0,0,0,0,0,0,0,0,0,0,kept_final_floor,0.8374671936035156,0.1625327467918396,0.0438160374760627,0,0,0,0,0,0,0.0,0.0,0.0,1,0,0,0,0,0,0.2744703464210031
84,1,76/22,76,22,12,1,4.099966667,4.766666667,12,round_start,0,0.1187167093157768,0.0438160374760627,0.0,-0.0,0.0,0.0,0.0373268873441294,0.0,0.0,0.0,0.0,0.0,0.0,0.1992714941160184,0,0,0,0,0,0,0,0,0,0,kept_final_floor,0.8374671936035156,0.1625327467918396,0.0438160374760627,0,0,0,0,0,0,0.0,0.0,0.0,1,0,0,0,0,0,0.2744703464210031
84,2,76/14,76,14,12,11,4.099633333,4.766333333,12,round_start,0,0.0235438700765371,0.0007615515496581,0.0,-0.0,0.0,0.0,0.0373268873441294,0.0,0.0,0.0,0.0,0.0,0.0,0.7364204344146978,0,0,0,0,0,0,0,0,0,0,kept_final_floor,0.9756946563720704,0.0243054218590259,0.0007615515496581,0,0,0,0,0,0,0.0,0.0,0.0,1,0,0,0,0,0,0.0369912185240534
85,0,76/21,76,21,13,2,4.433266667,5.099966667,13,round_start,0,0.0793017148971557,0.0164677947759628,0.0,-0.0,0.0,0.0,0.0373268873441294,0.0,0.0,0.0,0.0,0.0,0.0,0.2834806315152026,0,0,0,0,0,0,0,0,0,0,kept_final_floor,0.904230535030365,0.0957695096731185,0.0164677947759628,0,0,0,0,0,0,0.0,0.0,0.0,1,0,0,0,0,0,0.1551817208528517
85,1,76/22,76,22,13,2,4.433266667,5.099966667,13,round_start,0,0.0793017148971557,0.0164677947759628,0.0,-0.0,0.0,0.0,0.0373268873441294,0.0,0.0,0.0,0.0,0.0,0.0,0.2834806315152026,0,0,0,0,0,0,0,0,0,0,kept_final_floor,0.904230535030365,0.0957695096731185,0.0164677947759628,0,0,0,0,0,0,0.0,0.0,0.0,1,0,0,0,0,0,0.1551817208528517
85,2,76/14,76,14,13,12,4.432933333,5.099633333,13,round_start,0,0.0235846117138862,0.0007452253485098,0.0,-0.0,0.0,0.0,0.0373268873441294,0.0,0.0,0.0,0.0,0.0,0.0,0.7641399519426599,0,0,0,0,0,0,0,0,0,0,kept_final_floor,0.9756701588630676,0.024329837411642,0.0007452253485098,0,0,0,0,0,0,0.0,0.0,0.0,1,0,0,0,0,0,0.0370164133375508
86,0,76/24,76,24,14,0,4.733333333,5.400033333,14,round_start,0,0.1824898570775985,0.1046216785907745,0.0,-0.0,0.0,0.0,0.0373268873441294,0.9878119824840872,0.0,0.0,0.0,0.0,0.0,0.1051656545013588,0,0,0,0,0,0,0,0,0,0,kept_final_floor,0.7128884792327881,0.2871115207672119,0.1046216785907745,0,0,0,0,0,0,0.0,0.0,0.0,1,0,0,0,0,0,0.5039024785161017
86,1,76/21,76,21,14,3,4.766566667,5.433266667,14,round_start,0,0.0556892566382885,0.006822747644037,0.0,-0.0,0.0,0.0,0.0373268873441294,0.0,0.0,0.0,0.0,0.0,0.0,0.3588338598648066,0,0,0,0,0,0,0,0,0,0,kept_final_floor,0.9374880194664,0.0625120028853416,0.006822747644037,0,0,0,0,0,0,0.0,0.0,0.0,1,0,0,0,0,0,0.0985439297743141
86,2,76/22,76,22,14,3,4.766566667,5.433266667,14,round_start,0,0.0504651516675949,0.0060470658354461,0.0,-0.0,0.0,0.0,0.0373268873441294,0.5997625329815304,0.0,0.0,0.0,0.0,0.0,0.3588338598648066,0,0,0,0,0,0,0,0,0,0,kept_final_floor,0.9434877634048462,0.0565122179687023,0.0060470658354461,0,0,0,0,0,0,0.0,0.0,0.0,1,0,0,0,0,0,0.0890012723393737
86,3,76/14,76,14,14,13,4.766233333,5.432933333,14,round_start,0,0.0237047560513019,0.0007365967030636,0.0,-0.0,0.0,0.0,0.0373268873441294,0.0,0.0,0.0,0.0,0.0,0.0,0.7889443282673321,0,0,0,0,0,0,0,0,0,0,kept_final_floor,0.975558578968048,0.0244413521140813,0.0007365967030636,0,0,0,0,0,0,0.0,0.0,0.0,1,0,0,0,0,0,0.0371776468236927
87,0,76/24,76,24,15,1,5.066633333,5.733333333,15,round_start,0,0.0966477170586586,0.0329023040831089,0.0,-0.0,0.0,0.0,0.0373268873441294,0.9975327275742506,0.0,0.0,0.0,0.0,0.0,0.1992714941160184,0,0,0,0,0,0,0,0,0,0,kept_final_floor,0.870449960231781,0.1295500248670578,0.0329023040831089,0,0,0,0,0,0,0.0,0.0,0.0,1,0,0,0,0,0,0.2173566445708274
87,1,76/21,76,21,15,4,5.099866667,5.766566667,15,round_start,0,0.0415377989411354,0.0033323555253446,0.0,-0.0,0.0,0.0,0.0373268873441294,0.0,0.0,0.0,0.0,0.0,0.0,0.4262625166362342,0,0,0,0,0,0,0,0,0,0,kept_final_floor,0.9551298022270204,0.0448701530694961,0.0033323555253446,0,0,0,0,0,0,0.0,0.0,0.0,1,0,0,0,0,0,0.0696378805674612
87,2,76/22,76,22,15,4,5.099866667,5.766566667,15,round_start,0,0.0345047302544117,0.0027317788917571,0.0,-0.0,0.0,0.0,0.0373268873441294,0.5997625329815304,0.0,0.0,0.0,0.0,0.0,0.4262625166362342,0,0,0,0,0,0,0,0,0,0,kept_final_floor,0.9627635478973388,0.0372365079820156,0.0027317788917571,0,0,0,0,0,0,0.0,0.0,0.0,1,0,0,0,0,0,0.0577670089434831
87,3,76/14,76,14,15,14,5.099533333,5.766233333,15,round_start,0,0.0238684955984354,0.0007328659994527,0.0,-0.0,0.0,0.0,0.0373268873441294,0.0,0.0,0.0,0.0,0.0,0.0,0.8111401361213221,0,0,0,0,0,0,0,0,0,0,kept_final_floor,0.9753986597061156,0.0246013607829809,0.0007328659994527,0,0,0,0,0,0,0.0,0.0,0.0,1,0,0,0,0,0,0.037415048596449
88,0,76/24,76,24,16,2,5.399933333,6.066633333,16,round_start,0,0.0558837279677391,0.0110049145296216,0.0,-0.0,0.0,0.0,0.0373268873441294,0.9971083208363796,0.0,0.0,0.0,0.0,0.0,0.2834806315152026,0,0,0,0,0,0,0,0,0,0,kept_final_floor,0.9331113696098328,0.0668886452913284,0.0110049145296216,0,0,0,0,0,0,0.0,0.0,0.0,1,0,0,0,0,0,0.1080364039167761
88,1,76/21,76,21,16,5,5.433166667,6.099866667,16,round_start,0,0.0333454199135303,0.0019658685196191,0.0,-0.0,0.0,0.0,0.0373268873441294,0.0,0.0,0.0,0.0,0.0,0.0,0.4865999945861471,0,0,0,0,0,0,0,0,0,0,kept_final_floor,0.9646885991096495,0.0353112891316413,0.0019658685196191,0,0,0,0,0,0,0.0,0.0,0.0,1,0,0,0,0,0,0.0543430406134574
88,2,76/22,76,22,16,5,5.433166667,6.099866667,16,round_start,0,0.0291065871715545,0.0017261879984289,0.0,-0.0,0.0,0.0,0.0373268873441294,0.0,0.0,0.0,0.0,0.0,0.0,0.4865999945861471,0,0,0,0,0,0,0,0,0,0,kept_final_floor,0.969167172908783,0.0308327749371528,0.0017261879984289,0,0,0,0,0,0,0.0,0.0,0.0,1,0,0,0,0,0,0.0474574943538753
88,3,76/14,76,14,16,15,5.432833333,6.099533333,16,round_start,0,0.0240541715174913,0.000732303771656,0.0,-0.0,0.0,0.0,0.0373268873441294,0.0,0.0,0.0,0.0,0.0,0.0,0.8310017073151608,0,0,0,0,0,0,0,0,0,0,kept_final_floor,0.9752134680747986,0.0247864760458469,0.000732303771656,0,0,0,0,0,0,0.0,0.0,0.0,1,0,0,0,0,0,0.0376923255738801
89,0,76/24,76,24,17,3,5.733233333,6.399933333,17,round_start,0,0.0370589457452297,0.0044791167601943,0.0,-0.0,0.0,0.0,0.0373268873441294,0.7376554395429208,0.0,0.0,0.0,0.0,0.0,0.3588338598648066,0,0,0,0,0,0,0,0,0,0,kept_final_floor,0.9584618806838988,0.0415380634367466,0.0044791167601943,0,0,0,0,0,0,0.0,0.0,0.0,1,0,0,0,0,0,0.065442475490272
89,1,76/21,76,21,17,6,5.766466667,6.433166667,17,round_start,0,0.0287088043987751,0.0013686352176591,0.0,-0.0,0.0,0.0,0.0373268873441294,0.0,0.0,0.0,0.0,0.0,0.0,0.540592042176496,0,0,0,0,0,0,0,0,0,0,kept_final_floor,0.9699225425720216,0.030077438801527,0.0013686352176591,0,0,0,0,0,0,0.0,0.0,0.0,1,0,0,0,0,0,0.0460742040770126
89,2,76/22,76,22,17,6,5.766466667,6.433166667,17,round_start,0,0.026445023715496,0.0012737556826323,0.0,-0.0,0.0,0.0,0.0373268873441294,0.0,0.0,0.0,0.0,0.0,0.0,0.540592042176496,0,0,0,0,0,0,0,0,0,0,kept_final_floor,0.9722812175750732,0.0277187786996364,0.0012737556826323,0,0,0,0,0,0,0.0,0.0,0.0,1,0,0,0,0,0,0.042469798075035
89,3,76/14,76,14,17,16,5.766133333,6.432833333,17,round_start,0,0.0220173727720975,0.0006631868309341,0.0,-0.0,0.0,0.0,0.0373268873441294,0.6408940677448078,0.0,0.0,0.0,0.0,0.0,0.8487745233749742,0,0,0,0,0,0,0,0,0,0,kept_final_floor,0.9773195385932922,0.0226805601269006,0.0006631868309341,0,0,0,0,0,0,0.0,0.0,0.0,1,0,0,0,0,0,0.0344850701862012
90,0,76/24,76,24,18,4,6.066533333,6.733233333,18,round_start,0,0.0276660043746233,0.0022588877473026,0.0,-0.0,0.0,0.0,0.0373268873441294,0.7372587461386492,0.0,0.0,0.0,0.0,0.0,0.4262625166362342,0,0,0,0,0,0,0,0,0,0,kept_final_floor,0.9700751900672911,0.0299248918890953,0.0022588877473026,0,0,0,0,0,0,0.0,0.0,0.0,1,0,0,0,0,0,0.0464685596060006
90,1,76/21,76,21,18,7,6.099766667,6.766466667,18,round_start,0,0.0261198710650205,0.0010784575715661,0.0,-0.0,0.0,0.0,0.0373268873441294,0.0,0.0,0.0,0.0,0.0,0.0,0.5889059807441376,0,0,0,0,0,0,0,0,0,0,kept_final_floor,0.972801685333252,0.0271983295679092,0.0010784575715661,0,0,0,0,0,0,0.0,0.0,0.0,1,0,0,0,0,0,0.0415524132549761
90,2,76/22,76,22,18,7,6.099766667,6.766466667,18,round_start,0,0.024911530315876,0.0010399604216217,0.0,-0.0,0.0,0.0,0.0373268873441294,0.0,0.0,0.0,0.0,0.0,0.0,0.5889059807441376,0,0,0,0,0,0,0,0,0,0,kept_final_floor,0.9740484952926636,0.0259514898061752,0.0010399604216217,0,0,0,0,0,0,0.0,0.0,0.0,1,0,0,0,0,0,0.0396552084013817
90,3,76/14,76,14,18,17,6.099433333,6.766133333,18,round_start,0,0.0208778567612171,0.0006277171778492,0.0,-0.0,0.0,0.0,0.0373268873441294,0.6459235614869885,0.0,0.0,0.0,0.0,0.0,0.8646782496015248,0,0,0,0,0,0,0,0,0,0,kept_final_floor,0.9784945249557496,0.0215055737644433,0.0006277171778492,0,0,0,0,0,0,0.0,0.0,0.0,1,0,0,0,0,0,0.0326977629330938
91,0,76/21,76,21,19,8,6.433066667,7.099766667,19,round_start,0,0.0247059669345617,0.0009252557065337,0.0,-0.0,0.0,0.0,0.0373268873441294,0.0,0.0,0.0,0.0,0.0,0.0,0.6321389523407746,0,0,0,0,0,0,0,0,0,0,kept_final_floor,0.9743688106536864,0.0256312228739261,0.0009252557065337,0,0,0,0,0,0,0.0,0.0,0.0,1,0,0,0,0,0,0.0390945129562166
91,1,76/24,76,24,19,5,6.399833333,7.066533333,19,round_start,0,0.0228339731693267,0.0014000195078551,0.0,-0.0,0.0,0.0,0.0373268873441294,0.740790573008153,0.0,0.0,0.0,0.0,0.0,0.4865999945861471,0,0,0,0,0,0,0,0,0,0,kept_final_floor,0.9757660627365112,0.0242339931428432,0.0014000195078551,0,0,0,0,0,0,0.0,0.0,0.0,1,0,0,0,0,0,0.0373310026712712
91,2,76/22,76,22,19,8,6.433066667,7.099766667,19,round_start,0,0.021787142381072,0.0008214975823648,0.0,-0.0,0.0,0.0,0.0373268873441294,0.6224117202786928,0.0,0.0,0.0,0.0,0.0,0.6321389523407746,0,0,0,0,0,0,0,0,0,0,kept_final_floor,0.9773913621902466,0.0226086396723985,0.0008214975823648,0,0,0,0,0,0,0.0,0.0,0.0,1,0,0,0,0,0,0.0344880082528105
91,3,76/14,76,14,19,18,6.432733333,7.099433333,19,round_start,0,0.0197393260896205,0.0005921897245571,0.0,-0.0,0.0,0.0,0.0373268873441294,0.9059571165950278,0.0,0.0,0.0,0.0,0.0,0.8789094500504501,0,0,0,0,0,0,0,0,0,0,kept_final_floor,0.9796684384346008,0.0203315149992704,0.0005921897245571,0,0,0,0,0,0,0.0,0.0,0.0,1,0,0,0,0,0,0.0309118065284563
92,0,76/21,76,21,20,9,6.766366667,7.433066667,20,round_start,0,0.0239737816154956,0.0008396573248319,0.0,-0.0,0.0,0.0,0.0373268873441294,0.0,0.0,0.0,0.0,0.0,0.0,0.6708253001834126,0,0,0,0,0,0,0,0,0,0,kept_final_floor,0.97518652677536,0.0248134396970272,0.0008396573248319,0,0,0,0,0,0,0.0,0.0,0.0,1,0,0,0,0,0,0.0378079185378735
92,1,76/22,76,22,20,9,6.766366667,7.433066667,20,round_start,0,0.0221178699284791,0.000783857947681,0.0,-0.0,0.0,0.0,0.0373268873441294,0.0,0.0,0.0,0.0,0.0,0.0,0.6708253001834126,0,0,0,0,0,0,0,0,0,0,kept_final_floor,0.9770982265472412,0.0229017287492752,0.000783857947681,0,0,0,0,0,0,0.0,0.0,0.0,1,0,0,0,0,0,0.0349012923776168
92,2,76/24,76,24,20,6,6.733133333,7.399833333,20,round_start,0,0.0203424300998449,0.0010204907739534,0.0,-0.0,0.0,0.0,0.0373268873441294,0.7410304640102872,0.0,0.0,0.0,0.0,0.0,0.5405920421764963,0,0,0,0,0,0,0,0,0,0,kept_final_floor,0.9786370992660522,0.0213629212230443,0.0010204907739534,0,0,0,0,0,0,0.0,0.0,0.0,1,0,0,0,0,0,0.0327587248524648
92,3,76/14,76,14,20,19,6.766033333,7.432733333,20,round_start,0,0.0191604886204004,0.0005748278344981,0.0,-0.0,0.0,0.0,0.0373268873441294,0.9276879544634328,0.0,0.0,0.0,0.0,0.0,0.891644016989824,0,0,0,0,0,0,0,0,0,0,kept_final_floor,0.9802646636962892,0.0197353158146142,0.0005748278344981,0,0,0,0,0,0,0.0,0.0,0.0,1,0,0,0,0,0,0.0300053541664964
93,0,76/21,76,21,21,10,7.099666667,7.766366667,21,round_start,0,0.0236411429941654,0.0007902666693553,0.0,-0.0,0.0,0.0,0.0373268873441294,0.0,0.0,0.0,0.0,0.0,0.0,0.7054431729349123,0,0,0,0,0,0,0,0,0,0,kept_final_floor,0.9755685925483704,0.0244314093142747,0.0007902666693553,0,0,0,0,0,0,0.0,0.0,0.0,1,0,0,0,0,0,0.0372003011638297
93,1,76/14,76,14,21,20,7.099333333,7.766033333,21,round_start,0,0.0214396622031927,0.0006454264512285,0.0,-0.0,0.0,0.0,0.0373268873441294,0.0,0.0,0.0,0.0,0.0,0.0,0.9030393448622271,0,0,0,0,0,0,0,0,0,0,kept_final_floor,0.977914810180664,0.0220850892364978,0.0006454264512285,0,0,0,0,0,0,0.0,0.0,0.0,1,0,0,0,0,0,0.0335794314974917
93,2,76/22,76,22,21,10,7.099666667,7.766366667,21,round_start,0,0.0205240175127983,0.0006906276103109,0.0,-0.0,0.0,0.0,0.0373268873441294,0.6351969758534125,0.0,0.0,0.0,0.0,0.0,0.7054431729349123,0,0,0,0,0,0,0,0,0,0,kept_final_floor,0.978785276412964,0.0212146453559398,0.0006906276103109,0,0,0,0,0,0,0.0,0.0,0.0,1,0,0,0,0,0,0.0323054070118814
93,3,76/24,76,24,21,7,7.066433333,7.733133333,21,round_start,0,0.0190863888710737,0.0008329096599482,0.0,-0.0,0.0,0.0,0.0373268873441294,0.738597292335322,0.0,0.0,0.0,0.0,0.0,0.5889059807441376,0,0,0,0,0,0,0,0,0,0,kept_final_floor,0.9800807237625122,0.0199192985892295,0.0008329096599482,0,0,0,0,0,0,0.0,0.0,0.0,1,0,0,0,0,0,0.0304619845584965
94,0,76/22,76,22,22,11,7.432966667,8.099666667,22,round_start,0,0.0318064652383327,0.0008646752685308,0.0,-0.0,0.0,0.0,0.0373268873441294,0.6499140264882886,0.0,0.0,0.0,1.0,0.0,0.7364204344410559,0,0,0,0,0,0,0,0,0,0,kept_final_floor,0.96732896566391,0.0326711386442184,0.0008646752685308,0,0,0,0,0,0,0.0,0.0,0.0,1,0,0,0,0,0,0.4996119834482668
94,1,76/21,76,21,22,11,7.432966667,8.099666667,22,round_start,0,0.0235438700765371,0.0007615515496581,0.0,-0.0,0.0,0.0,0.0373268873441294,0.0,0.0,0.0,0.0,0.0,0.0,0.7364204344410559,0,0,0,0,0,0,0,0,0,0,kept_final_floor,0.9756946563720704,0.0243054218590259,0.0007615515496581,0,0,0,0,0,0,0.0,0.0,0.0,1,0,0,0,0,0,0.0369912185240534
94,2,76/24,76,24,22,8,7.399733333,8.066433333,22,round_start,0,0.0184876695275306,0.0007317222771234,0.0,-0.0,0.0,0.0,0.0373268873441294,0.7389100747437026,0.0,0.0,0.0,0.0,0.0,0.6321389523407747,0,0,0,0,0,0,0,0,0,0,kept_final_floor,0.9807806611061096,0.0192193910479545,0.0007317222771234,0,0,0,0,0,0,0.0,0.0,0.0,1,0,0,0,0,0,0.0293412933009673
95,0,76/22,76,22,23,12,7.766266667,8.432966667,23,round_start,0,0.0472350530326366,0.00115266663488,0.0,-0.0,0.0,0.0,0.0373268873441294,0.0,0.0,0.0,0.0,1.0,0.0,0.7641399519662461,0,0,0,0,0,0,0,0,0,0,kept_final_floor,0.9516122937202454,0.0483877211809158,0.00115266663488,0,0,0,0,0,0,0.0,0.0,0.0,1,0,0,0,0,0,0.5233884461456909
95,1,76/21,76,21,23,12,7.766266667,8.432966667,23,round_start,0,0.0235846117138862,0.0007452253485098,0.0,-0.0,0.0,0.0,0.0373268873441294,0.0,0.0,0.0,0.0,0.0,0.0,0.7641399519662461,0,0,0,0,0,0,0,0,0,0,kept_final_floor,0.9756701588630676,0.024329837411642,0.0007452253485098,0,0,0,0,0,0,0.0,0.0,0.0,1,0,0,0,0,0,0.0370164133375508
95,2,76/24,76,24,23,9,7.733033333,8.399733333,23,round_start,0,0.0203371904790401,0.00075170857599,0.0,-0.0,0.0,0.0,0.0373268873441294,0.0,0.0,0.0,0.0,0.0,0.0,0.6708253001834127,0,0,0,0,0,0,0,0,0,0,kept_final_floor,0.97891104221344,0.0210888981819152,0.00075170857599,0,0,0,0,0,0,0.0,0.0,0.0,1,0,0,0,0,0,0.0321595445857381
96,0,76/22,76,22,24,13,8.099566667,8.766266667,24,round_start,0,0.0554800443351268,0.0012710267910733,0.0,-0.0,0.0,0.0,0.0373268873441294,0.6599698260699652,0.0,0.0,0.0,1.0,0.0,0.7889443282884377,0,0,0,0,0,0,0,0,0,0,kept_final_floor,0.9432489275932312,0.0567510724067688,0.0012710267910733,0,0,0,0,0,0,0.0,0.0,0.0,1,0,0,0,0,0,0.5360163254430514
96,1,76/21,76,21,24,13,8.099566667,8.766266667,24,round_start,0,0.0237047560513019,0.0007365967030636,0.0,-0.0,0.0,0.0,0.0373268873441294,0.0,0.0,0.0,0.0,0.0,0.0,0.7889443282884377,0,0,0,0,0,0,0,0,0,0,kept_final_floor,0.975558578968048,0.0244413521140813,0.0007365967030636,0,0,0,0,0,0,0.0,0.0,0.0,1,0,0,0,0,0,0.0371776468236927
96,2,76/24,76,24,24,10,8.066333333,8.733033333,24,round_start,0,0.0217406693845987,0.0007615356589667,0.0,-0.0,0.0,0.0,0.0373268873441294,0.0,0.0,0.0,0.0,0.0,0.0,0.7054431729349124,0,0,0,0,0,0,0,0,0,0,kept_final_floor,0.9774978756904602,0.0225022044032812,0.0007615356589667,0,0,0,0,0,0,0.0,0.0,0.0,1,0,0,0,0,0,0.0342863825266247
97,0,76/22,76,22,25,14,8.432866667,9.099566667,25,round_start,0,0.0368059054017066,0.0009809416951611,0.0,-0.0,0.0,0.0,0.0373268873441294,0.6637809833881446,0.0,0.0,0.0,0.0,0.0,0.8111401361402081,0,0,0,0,0,0,0,0,0,0,kept_final_floor,0.9622131586074828,0.0377868488430976,0.0009809416951611,0,0,0,0,0,0,0.0,0.0,0.0,1,0,0,0,0,0,0.0573669298319143
97,1,76/21,76,21,25,14,8.432866667,9.099566667,25,round_start,0,0.0238684955984354,0.0007328659994527,0.0,-0.0,0.0,0.0,0.0373268873441294,0.0,0.0,0.0,0.0,0.0,0.0,0.8111401361402081,0,0,0,0,0,0,0,0,0,0,kept_final_floor,0.9753986597061156,0.0246013607829809,0.0007328659994527,0,0,0,0,0,0,0.0,0.0,0.0,1,0,0,0,0,0,0.037415048596449
97,2,76/24,76,24,25,11,8.399633333,9.066333333,25,round_start,0,0.0226003509014844,0.0007613780326209,0.0,-0.0,0.0,0.0,0.0373268873441294,0.0,0.0,0.0,0.0,0.0,0.0,0.7364204344410559,0,0,0,0,0,0,0,0,0,0,kept_final_floor,0.9766383171081544,0.0233617294579744,0.0007613780326209,0,0,0,0,0,0,0.0,0.0,0.0,1,0,0,0,0,0,0.0355755580239925
98,0,76/36,76,36,26,0,8.7,9.3667,26,round_start,0,0.275464802980423,0.1530248373746872,0.0,0.0,0.0,0.0,0.0373268873441294,0.8825686265634547,0.0,0.0,0.0,1.0,0.0,0.1051656545013589,0,0,0,0,0,0,0,0,0,0,kept_final_floor,0.5715103149414062,0.428489625453949,0.1530248373746872,0,0,0,0,0,0,0.0,0.0,0.0,1,1,0,1,0,0,1.1998518466949464
98,1,76/22,76,22,26,15,8.766166667,9.432866667,26,round_start,0,0.0281724575906991,0.0008129802299663,0.0,-0.0,0.0,0.0,0.0373268873441294,0.669451280144208,0.0,0.0,0.0,0.0,0.0,0.8310017073320606,0,0,0,0,0,0,0,0,0,0,kept_final_floor,0.9710146188735962,0.0289854370057582,0.0008129802299663,0,0,0,0,0,0,0.0,0.0,0.0,1,0,0,0,0,0,0.0440472428919745
98,2,76/24,76,24,26,12,8.732933333,9.399633333,26,round_start,0,0.0231705475598573,0.0007582574035041,0.0,-0.0,0.0,0.0,0.0373268873441294,0.0,0.0,0.0,0.0,0.0,0.0,0.7641399519662461,0,0,0,0,0,0,0,0,0,0,kept_final_floor,0.9760711193084716,0.0239288043230772,0.0007582574035041,0,0,0,0,0,0,0.0,0.0,0.0,1,0,0,0,0,0,0.0364239876274949
98,3,76/21,76,21,26,15,8.766166667,9.432866667,26,round_start,0,0.0218263287097215,0.0006614962476305,0.0,-0.0,0.0,0.0,0.0373268873441294,0.6422855915674031,0.0,0.0,0.0,0.0,0.0,0.8310017073320606,0,0,0,0,0,0,0,0,0,0,kept_final_floor,0.9775121212005616,0.0224878247827291,0.0006614962476305,0,0,0,0,0,0,0.0,0.0,0.0,1,0,0,0,0,0,0.0341947848093693
99,0,76/36,76,36,27,1,9.0333,9.7,27,round_start,0,0.255672812461853,0.086946852505207,0.0,0.0,0.0,0.0,0.0373268873441294,0.947041272945178,0.0,0.0,0.0,1.0,0.0,0.1992714941160184,0,0,0,0,0,0,0,0,0,0,kept_final_floor,0.6573803424835205,0.3426196575164795,0.086946852505207,0,0,0,0,0,0,0.0,0.0,0.0,1,0,0,0,0,0,1.024792294204235
99,1,76/22,76,22,27,16,9.099466667,9.766166667,27,round_start,0,0.0242004506289958,0.0007230679038912,0.0,-0.0,0.0,0.0,0.0373268873441294,0.6724003714641297,0.0,0.0,0.0,0.0,0.0,0.8487745233900967,0,0,0,0,0,0,0,0,0,0,kept_final_floor,0.97507643699646,0.0249235183000564,0.0007230679038912,0,0,0,0,0,0,0.0,0.0,0.0,1,0,0,0,0,0,0.0378914253320543
99,2,76/24,76,24,27,13,9.066233333,9.732933333,27,round_start,0,0.0235865656286478,0.0007552247843705,0.0,-0.0,0.0,0.0,0.0373268873441294,0.0,0.0,0.0,0.0,0.0,0.0,0.7889443282884377,0,0,0,0,0,0,0,0,0,0,kept_final_floor,0.9756582379341124,0.0243417900055646,0.0007552247843705,0,0,0,0,0,0,0.0,0.0,0.0,1,0,0,0,0,0,0.0370413429685868
99,3,76/21,76,21,27,16,9.099466667,9.766166667,27,round_start,0,0.0207041762769222,0.0006252268794924,0.0,-0.0,0.0,0.0,0.0373268873441294,0.643070111130686,0.0,0.0,0.0,0.0,0.0,0.8487745233900967,0,0,0,0,0,0,0,0,0,0,kept_final_floor,0.9786706566810608,0.0213294029235839,0.0006252268794924,0,0,0,0,0,0,0.0,0.0,0.0,1,0,0,0,0,0,0.0324317635502665
100,0,76/36,76,36,28,2,9.3666,10.0333,28,round_start,0,0.2478389889001846,0.05404032766819,0.0,0.0,0.0,0.0,0.0373268873441294,0.961559046266952,0.0,0.0,0.0,1.0,0.0,0.2834806315152026,0,0,0,0,0,0,0,0,0,0,kept_final_floor,0.698120653629303,0.3018793165683746,0.05404032766819,0,0,0,0,0,0,0.0,0.0,0.0,1,0,0,0,0,0,0.9406472042202948
100,1,76/24,76,24,28,14,9.399533333,10.06623333,28,round_start,0,0.0239140596240758,0.0007532478775829,0.0,-0.0,0.0,0.0,0.0373268873441294,0.0,0.0,0.0,0.0,0.0,0.0,0.8111401360457782,0,0,0,0,0,0,0,0,0,0,kept_final_floor,0.9753326773643494,0.0246673077344894,0.0007532478775829,0,0,0,0,0,0,0.0,0.0,0.0,1,0,0,0,0,0,0.037528234766796
100,2,76/22,76,22,28,17,9.432766667,10.09946667,28,round_start,0,0.0222572907805442,0.0006740075186826,0.0,-0.0,0.0,0.0,0.0373268873441294,0.6742509715463596,0.0,0.0,0.0,0.0,0.0,0.864678249682718,0,0,0,0,0,0,0,0,0,0,kept_final_floor,0.9770686030387878,0.0229312982410192,0.0006740075186826,0,0,0,0,0,0,0.0,0.0,0.0,1,0,0,0,0,0,0.034868752711918
100,3,76/21,76,21,28,17,9.432766667,10.09946667,28,round_start,0,0.0202293805778026,0.0006087188376113,0.0,-0.0,0.0,0.0,0.0373268873441294,0.6470475224863537,0.0,0.0,0.0,0.0,0.0,0.864678249682718,0,0,0,0,0,0,0,0,0,0,kept_final_floor,0.9791618585586548,0.0208380986005067,0.0006087188376113,0,0,0,0,0,0,0.0,0.0,0.0,1,0,0,0,0,0,0.0316832523094487
101,0,76/36,76,36,29,3,9.6999,10.3666,29,round_start,0,0.2442845106124878,0.0366986915469169,0.0,0.0,0.0,0.0,0.0373268873441294,0.7028777254312218,0.0,0.0,0.0,1.0,0.0,0.3588338598648067,0,0,0,0,0,0,0,0,0,0,kept_final_floor,0.7190167903900146,0.2809832096099853,0.0366986915469169,0,0,0,0,0,0,0.0,0.0,0.0,1,0,0,0,0,0,0.897163887321949
101,1,76/24,76,24,29,15,9.732833333,10.39953333,29,round_start,0,0.0241867993026971,0.0007524929242208,0.0,-0.0,0.0,0.0,0.0373268873441294,0.0,0.0,0.0,0.0,0.0,0.0,0.8310017071630623,0,0,0,0,0,0,0,0,0,0,kept_final_floor,0.9750607013702391,0.0249392930418252,0.0007524929242208,0,0,0,0,0,0,0.0,0.0,0.0,1,0,0,0,0,0,0.0379356833873314
101,2,76/22,76,22,29,18,9.766066667,10.43276667,29,round_start,0,0.0233922991901636,0.0007142648100852,0.0,-0.0,0.0,0.0,0.0373268873441294,0.0,0.0,0.0,0.0,0.0,0.0,0.8789094501836496,0,0,0,0,0,0,0,0,0,0,kept_final_floor,0.9758934378623962,0.0241065640002489,0.0007142648100852,0,0,0,0,0,0,0.0,0.0,0.0,1,0,0,0,0,0,0.0366598313674328
101,3,76/21,76,21,29,18,9.766066667,10.43276667,29,round_start,0,0.0193991865962743,0.0005822867387905,0.0,-0.0,0.0,0.0,0.0373268873441294,0.9154233250343136,0.0,0.0,0.0,0.0,0.0,0.8789094501836496,0,0,0,0,0,0,0,0,0,0,kept_final_floor,0.9800185561180116,0.0199814736843109,0.0005822867387905,0,0,0,0,0,0,0.0,0.0,0.0,1,0,0,0,0,0,0.0303798107197505
102,0,76/36,76,36,30,4,10.0332,10.6999,30,round_start,1,0.2367934435606002,0.0256083905696868,0.0,0.0,0.0,0.0,0.0373268873441294,0.6974895805393745,0.0,0.0,0.0,1.0,0.0,0.4262625166362341,0,0,2,2,0,0,2,2,0,0,kept_final_floor,0.737598180770874,0.262401819229126,0.0256083905696868,0,0,0,0,0,0,1.0,0.0,0.5,1,1,1,0,0,1,1.028195291260878
102,1,76/24,76,24,30,16,10.06613333,10.73283333,30,round_start,0,0.0244230236858129,0.0007528450805693,0.0,-0.0,0.0,0.0,0.0373268873441294,0.0,0.0,0.0,0.0,0.0,0.0,0.8487745232388713,0,0,0,0,0,0,0,0,0,0,kept_final_floor,0.9748241901397704,0.0251758694648742,0.0007528450805693,0,0,0,0,0,0,0.0,0.0,0.0,1,0,0,0,0,0,0.0382907947059718
102,2,76/21,76,21,30,19,10.09936667,10.76606667,30,round_start,0,0.0215092804282903,0.00064787681913,0.0,-0.0,0.0,0.0,0.0373268873441294,0.0,0.0,0.0,0.0,0.0,0.0,0.8916440171090155,0,0,0,0,0,0,0,0,0,0,kept_final_floor,0.9778428673744202,0.0221571568399667,0.00064787681913,0,0,0,0,0,0,0.0,0.0,0.0,1,0,0,0,0,0,0.0336892496445214
103,0,76/36,76,36,31,5,10.3665,11.0332,31,round_start,1,0.7576009631156921,0.05332812666893,1.0,0.5397767274817612,0.20263157894,0.0,0.0373268873441294,0.6987865116659172,0.0,0.0,0.0,1.0,0.0,0.4865999945861471,1,2,2,2,1,2,2,2,1,2,kept_final_floor,0.1890708953142166,0.8109290599822998,0.05332812666893,1,1,1,1,1,0,1.0,0.0,0.5,1,1,1,1,0,1,2.1037233233451844
103,1,76/24,76,24,31,17,10.39943333,11.06613333,31,round_start,0,0.0246331226080656,0.0007540993974544,0.0,-0.0,0.0,0.0,0.0373268873441294,0.0,0.0,0.0,0.0,0.0,0.0,0.8646782494797354,0,0,0,0,0,0,0,0,0,0,kept_final_floor,0.9746127724647522,0.0253872219473123,0.0007540993974544,0,0,0,0,0,0,0.0,0.0,0.0,1,0,0,0,0,0,0.038608702586498
103,2,76/21,76,21,31,20,10.43266667,11.09936667,31,round_start,0,0.0231104306876659,0.0006939573795534,0.0,-0.0,0.0,0.0,0.0373268873441294,0.0,0.0,0.0,0.0,0.0,0.0,0.903039344968884,0,0,0,0,0,0,0,0,0,0,kept_final_floor,0.9761956334114076,0.0238043889403343,0.0006939573795534,0,0,0,0,0,0,0.0,0.0,0.0,1,0,0,0,0,0,0.0361923522665163
104,0,76/36,76,36,32,6,10.6998,11.3665,32,round_start,1,0.9020340442657472,0.0556044355034828,1.0,0.5679275635540284,0.4300285477777777,0.0,0.0373268873441294,0.7031566346827074,0.0,0.0,0.0,1.0,0.0,0.5405920421764963,1,2,2,2,1,2,2,2,1,2,kept_final_floor,0.042361531406641,0.9576385021209716,0.0556044355034828,1,1,1,1,1,0,1.0,0.0,0.5,1,1,1,1,0,1,2.325380824506283
104,1,76/24,76,24,32,18,10.73273333,11.39943333,32,round_start,0,0.0248231850564479,0.0007560497033409,0.0,-0.0,0.0,0.0,0.0373268873441294,0.0,0.0,0.0,0.0,0.0,0.0,0.8789094499414686,0,0,0,0,0,0,0,0,0,0,kept_final_floor,0.974420726299286,0.0255792345851659,0.0007560497033409,0,0,0,0,0,0,0.0,0.0,0.0,1,0,0,0,0,0,0.0388980869320218
105,0,76/36,76,36,33,7,11.0331,11.6998,33,round_start,1,0.8898525834083557,0.072237841784954,1.0,0.5764402558407085,0.0,0.0,0.0373268873441294,0.7102094811076032,0.0,0.0,0.0,1.0,0.0,0.5889059807441377,1,2,0,2,1,2,0,2,1,2,kept_final_floor,0.0379095561802387,0.9620904326438904,0.072237841784954,1,1,1,1,1,0,0.0,0.0,0.0,1,1,0,1,0,1,2.1770354603727657
105,1,76/24,76,24,33,19,11.06603333,11.73273333,33,round_start,0,0.0249968506395816,0.0007585051353089,0.0,-0.0,0.0,0.0,0.0373268873441294,0.0,0.0,0.0,0.0,0.0,0.0,0.8916440168923035,0,0,0,0,0,0,0,0,0,0,kept_final_floor,0.9742446541786194,0.0257553551346063,0.0007585051353089,0,0,0,0,0,0,0.0,0.0,0.0,1,0,0,0,0,0,0.0391639872570519
106,0,76/36,76,36,34,8,11.3664,12.0331,34,round_start,1,0.875297486782074,0.0918401628732681,1.0,0.5918104522832126,0.0,0.0,0.0373268873441294,0.0,0.0,0.0,0.0,1.0,0.0,0.6321389523407746,1,2,2,2,1,2,2,2,1,2,kept_final_floor,0.032862339168787,0.9671376347541808,0.0918401628732681,1,1,1,1,1,0,1.0,0.0,0.5,1,1,1,1,0,1,2.3649945884943007
106,1,76/24,76,24,34,20,11.39933333,12.06603333,34,round_start,0,0.0251564793288707,0.0007613073685206,0.0,-0.0,0.0,0.0,0.0373268873441294,0.0,0.0,0.0,0.0,0.0,0.0,0.9030393447749628,0,0,0,0,0,0,0,0,0,0,kept_final_floor,0.9740822315216064,0.025917787104845,0.0007613073685206,0,0,0,0,0,0,0.0,0.0,0.0,1,0,0,0,0,0,0.0394095952040513
107,0,76/36,76,36,35,9,11.6997,12.3664,35,round_start,1,0.869695782661438,0.1007856428623199,1.0,0.5497563612579637,0.0,0.0,0.0373268873441294,0.6388502933738129,0.0,0.0,0.0,1.0,0.0,0.6708253001834126,1,2,2,2,1,2,2,2,1,2,kept_final_floor,0.0295185465365648,0.9704813957214355,0.1007856428623199,1,1,1,1,1,0,1.0,0.0,0.5,1,1,1,1,0,1,2.3762720882892605
107,1,76/24,76,24,35,21,11.73263333,12.39933333,35,round_start,0,0.025303665548563,0.0007643270073458,0.0,-0.0,0.0,0.0,0.0373268873441294,0.0,0.0,0.0,0.0,0.0,0.0,0.9132362755425842,0,0,0,0,0,0,0,0,0,0,kept_final_floor,0.9739320278167723,0.0260679926723241,0.0007643270073458,0,0,0,0,0,0,0.0,0.0,0.0,1,0,0,0,0,0,0.0396370177390052
108,0,76/36,76,36,36,10,12.033,12.6997,36,round_start,1,0.8622496724128723,0.1105229705572128,1.0,0.5371311571923891,0.0,0.0,0.0373268873441294,0.9380284747498157,0.0,0.0,0.0,1.0,0.0,0.7054431729349124,1,2,0,2,1,2,0,2,1,2,kept_final_floor,0.0272273663431406,0.9727726578712464,0.1105229705572128,1,1,1,1,1,0,0.0,0.0,0.0,1,1,0,1,0,1,2.21985837717851
108,1,76/24,76,24,36,22,12.06593333,12.73263333,36,round_start,0,0.0254395436495542,0.0007674602675251,0.0,-0.0,0.0,0.0,0.0373268873441294,0.0,0.0,0.0,0.0,0.0,0.0,0.922360839412124,0,0,0,0,0,0,0,0,0,0,kept_final_floor,0.973793089389801,0.0262070037424564,0.0007674602675251,0,0,0,0,0,0,0.0,0.0,0.0,1,0,0,0,0,0,0.0398477280628865
109,0,76/36,76,36,37,11,12.3663,13.033,37,round_start,1,0.8524088859558105,0.1221417188644409,1.0,0.5345100591692168,0.0,0.0,0.0373268873441294,0.8972856536796897,0.0,0.0,0.0,1.0,0.0,0.7364204344410559,1,2,0,2,1,2,0,2,1,2,kept_final_floor,0.0254493933171033,0.9745506048202516,0.1221417188644409,1,1,1,1,1,0,0.0,0.0,0.0,1,1,0,1,0,1,2.230658443768819
109,1,76/24,76,24,37,23,12.39923333,13.06593333,37,round_start,0,0.0255649145692586,0.000770624668803,0.0,-0.0,0.0,0.0,0.0373268873441294,0.0,0.0,0.0,0.0,0.0,0.0,0.930525812550284,0,0,0,0,0,0,0,0,0,0,kept_final_floor,0.9736644625663756,0.0263355392962694,0.000770624668803,0,0,0,0,0,0,0.0,0.0,0.0,1,0,0,0,0,0,0.0400427461252545
110,0,76/36,76,36,38,12,12.6996,13.3663,38,round_start,1,0.8643590211868286,0.125179722905159,1.0,0.6148602560675984,1.0,0.0,0.0373268873441294,0.5997631578947369,0.0,0.0,0.0,1.0,0.0,0.7641399519662461,1,2,2,2,1,2,2,2,1,2,kept_final_floor,0.0104611786082386,0.9895387291908264,0.125179722905159,1,1,1,1,1,0,1.0,0.0,0.5,1,1,1,1,0,1,2.4219339221715925
110,1,76/49,76,49,38,0,12.63333333,13.30003333,38,round_start,0,0.192328929901123,0.1202066838741302,0.0,-0.0,0.0,0.0,0.0373268873441294,0.0,0.0,0.0,0.0,0.0,0.0,0.1051656545013589,0,0,0,0,0,0,0,0,0,0,kept_final_floor,0.6874643564224243,0.3125356137752533,0.1202066838741302,0,0,0,0,0,0,0.0,0.0,0.0,1,0,0,0,0,0,0.5529480993747709
110,2,76/24,76,24,38,24,12.73253333,13.39923333,38,round_start,0,0.0256805662065744,0.0007737618288956,0.0,-0.0,0.0,0.0,0.0373268873441294,0.0,0.0,0.0,0.0,0.0,0.0,0.9378321109443836,0,0,0,0,0,0,0,0,0,0,kept_final_floor,0.9735456705093384,0.0264543276280164,0.0007737618288956,0,0,0,0,0,0,0.0,0.0,0.0,1,0,0,0,0,0,0.0402231253334319
111,0,76/36,76,36,39,13,13.0329,13.6996,39,round_start,1,0.8584692478179932,0.1274687349796295,1.0,0.6456122849036128,0.0,0.0,0.0373268873441294,0.0,0.0,0.0,0.0,1.0,0.0,0.7889443282884377,1,2,0,2,1,2,0,2,1,2,kept_final_floor,0.0140619659796357,0.9859379529953004,0.1274687349796295,1,1,1,1,1,0,0.0,0.0,0.0,1,1,0,1,0,1,2.2514684220155083
111,1,76/49,76,49,39,1,12.96663333,13.63333333,39,round_start,0,0.1187167093157768,0.0438160374760627,0.0,-0.0,0.0,0.0,0.0373268873441294,0.0,0.0,0.0,0.0,0.0,0.0,0.1992714941160184,0,0,0,0,0,0,0,0,0,0,kept_final_floor,0.8374671936035156,0.1625327467918396,0.0438160374760627,0,0,0,0,0,0,0.0,0.0,0.0,1,0,0,0,0,0,0.2744703464210031
111,2,76/24,76,24,39,25,13.06583333,13.73253333,39,round_start,0,0.0257870461791753,0.0007768240757286,0.0,-0.0,0.0,0.0,0.0373268873441294,0.0,0.0,0.0,0.0,0.0,0.0,0.9443700376858852,0,0,0,0,0,0,0,0,0,0,kept_final_floor,0.9734362363815308,0.0265638697892427,0.0007768240757286,0,0,0,0,0,0,0.0,0.0,0.0,1,0,0,0,0,0,0.0403895822353658
112,0,76/36,76,36,40,14,13.3662,14.0329,40,round_start,1,0.8530659675598145,0.1315919458866119,1.0,0.6270590839469171,0.0,0.0,0.0373268873441294,0.5997631578947369,0.0,0.0,0.0,1.0,0.0,0.8111401361402082,1,2,0,2,1,2,0,2,1,2,kept_final_floor,0.0153421238064765,0.984657883644104,0.1315919458866119,1,1,1,1,1,0,0.0,0.0,0.0,1,1,0,1,0,1,2.2524345656236013
112,1,76/49,76,49,40,2,13.29993333,13.96663333,40,round_start,0,0.0793017148971557,0.0164677947759628,0.0,-0.0,0.0,0.0,0.0373268873441294,0.0,0.0,0.0,0.0,0.0,0.0,0.2834806315152026,0,0,0,0,0,0,0,0,0,0,kept_final_floor,0.904230535030365,0.0957695096731185,0.0164677947759628,0,0,0,0,0,0,0.0,0.0,0.0,1,0,0,0,0,0,0.1551817208528517
112,2,76/24,76,24,40,26,13.39913333,14.06583333,40,round_start,0,0.0258850064128637,0.0007797764847055,0.0,-0.0,0.0,0.0,0.0373268873441294,0.0,0.0,0.0,0.0,0.0,0.0,0.9502203990825352,0,0,0,0,0,0,0,0,0,0,kept_final_floor,0.9733352661132812,0.0266647823154926,0.0007797764847055,0,0,0,0,0,0,0.0,0.0,0.0,1,0,0,0,0,0,0.0405430178856476
113,0,76/36,76,36,41,15,13.6995,14.3662,41,round_start,1,0.8511977195739746,0.1373585611581802,1.0,0.6215170644614084,0.35,0.0,0.0373268873441294,0.0,0.0,0.0,0.0,1.0,0.0,0.8310017073320606,1,2,0,2,1,2,0,2,1,2,kept_final_floor,0.0114436680451035,0.9885562658309937,0.1373585611581802,1,1,1,1,1,0,0.0,0.0,0.0,1,1,0,1,0,1,2.262318747242292
113,1,76/49,76,49,41,3,13.63323333,14.29993333,41,round_start,0,0.0556892566382885,0.006822747644037,0.0,-0.0,0.0,0.0,0.0373268873441294,0.0,0.0,0.0,0.0,0.0,0.0,0.3588338598648067,0,0,0,0,0,0,0,0,0,0,kept_final_floor,0.9374880194664,0.0625120028853416,0.006822747644037,0,0,0,0,0,0,0.0,0.0,0.0,1,0,0,0,0,0,0.0985439297743141
113,2,76/24,76,24,41,27,13.73243333,14.39913333,41,round_start,0,0.0259749870747327,0.000782600021921,0.0,-0.0,0.0,0.0,0.0373268873441294,0.0,0.0,0.0,0.0,0.0,0.0,0.9554555033938368,0,0,0,0,0,0,0,0,0,0,kept_final_floor,0.9732424020767212,0.0267575867474079,0.000782600021921,0,0,0,0,0,0,0.0,0.0,0.0,1,0,0,0,0,0,0.0406842006603252
114,0,76/36,76,36,42,16,14.0328,14.6995,42,round_start,1,0.8454132676124573,0.1406255662441253,1.0,0.6255637056102559,0.0,0.0,0.0373268873441294,0.0,0.0,0.0,0.0,1.0,0.0,0.8487745233900967,1,2,0,2,1,2,0,2,1,2,kept_final_floor,0.0139611838385462,0.9860388040542604,0.1406255662441253,1,1,1,1,1,0,0.0,0.0,0.0,1,1,0,1,0,1,2.260829480489095
114,1,76/49,76,49,42,4,13.96653333,14.63323333,42,round_start,0,0.0415377989411354,0.0033323555253446,0.0,-0.0,0.0,0.0,0.0373268873441294,0.0,0.0,0.0,0.0,0.0,0.0,0.4262625166362341,0,0,0,0,0,0,0,0,0,0,kept_final_floor,0.9551298022270204,0.0448701530694961,0.0033323555253446,0,0,0,0,0,0,0.0,0.0,0.0,1,0,0,0,0,0,0.0696378805674612
114,2,76/24,76,24,42,28,14.06573333,14.73243333,42,round_start,0,0.02605751901865,0.0007852773997001,0.0,-0.0,0.0,0.0,0.0373268873441294,0.0,0.0,0.0,0.0,0.0,0.0,0.9601400545338574,0,0,0,0,0,0,0,0,0,0,kept_final_floor,0.9731571674346924,0.0268427971750497,0.0007852773997001,0,0,0,0,0,0,0.0,0.0,0.0,1,0,0,0,0,0,0.0408138888073152
115,0,76/36,76,36,43,17,14.3661,15.0328,43,round_start,1,0.8377367854118347,0.1472300887107849,1.0,0.6223497448904102,0.0,0.0,0.0373268873441294,0.0,0.0,0.0,0.0,1.0,0.0,0.8646782496150571,1,2,0,2,1,2,0,2,1,2,kept_final_floor,0.0150331351906061,0.9849668741226196,0.1472300887107849,1,1,1,1,1,0,0.0,0.0,0.0,1,1,0,1,0,1,2.263844706614812
115,1,76/49,76,49,43,5,14.29983333,14.96653333,43,round_start,0,0.0333454199135303,0.0019658685196191,0.0,-0.0,0.0,0.0,0.0373268873441294,0.0,0.0,0.0,0.0,0.0,0.0,0.4865999945861471,0,0,0,0,0,0,0,0,0,0,kept_final_floor,0.9646885991096495,0.0353112891316413,0.0019658685196191,0,0,0,0,0,0,0.0,0.0,0.0,1,0,0,0,0,0,0.0543430406134574
115,2,76/24,76,24,43,29,14.39903333,15.06573333,43,round_start,0,0.0261330008506774,0.00078779773321,0.0,-0.0,0.0,0.0,0.0373268873441294,0.0,0.0,0.0,0.0,0.0,0.0,0.9643319517871928,0,0,0,0,0,0,0,0,0,0,kept_final_floor,0.973079264163971,0.0269207991659641,0.00078779773321,0,0,0,0,0,0,0.0,0.0,0.0,1,0,0,0,0,0,0.0409326562890781
116,0,76/36,76,36,44,18,14.6994,15.3661,44,round_start,1,0.8326707482337952,0.1517225801944732,1.0,0.6192162563559565,0.0,0.0,0.0373268873441294,0.0,0.0,0.0,0.0,1.0,0.0,0.8789094500625592,1,2,0,2,1,2,0,2,1,2,kept_final_floor,0.0156066799536347,0.9843933582305908,0.1517225801944732,1,1,1,1,1,0,0.0,0.0,0.0,1,1,0,1,0,1,2.2661291321118675
116,1,76/49,76,49,44,6,14.63313333,15.29983333,44,round_start,0,0.0287088043987751,0.0013686352176591,0.0,-0.0,0.0,0.0,0.0373268873441294,0.0,0.0,0.0,0.0,0.0,0.0,0.5405920421764963,0,0,0,0,0,0,0,0,0,0,kept_final_floor,0.9699225425720216,0.030077438801527,0.0013686352176591,0,0,0,0,0,0,0.0,0.0,0.0,1,0,0,0,0,0,0.0460742040770126
116,2,76/24,76,24,44,30,14.73233333,15.39903333,44,round_start,0,0.0262020155787467,0.0007901588105596,0.0,-0.0,0.0,0.0,0.0373268873441294,0.0,0.0,0.0,0.0,0.0,0.0,0.9680830054222788,0,0,0,0,0,0,0,0,0,0,kept_final_floor,0.97300785779953,0.0269921738654375,0.0007901588105596,0,0,0,0,0,0,0.0,0.0,0.0,1,0,0,0,0,0,0.0410413727513511
117,0,76/36,76,36,45,19,15.0327,15.6994,45,round_start,1,0.8361430168151855,0.1481630802154541,1.0,0.6182762097956203,0.0,0.0,0.0373268873441294,0.749703947368421,0.0,0.0,0.0,1.0,0.0,0.8916440170006595,1,2,0,2,1,2,0,2,1,2,kept_final_floor,0.0156939718872308,0.9843060970306396,0.1481630802154541,1,1,1,1,1,0,0.0,0.0,0.0,1,1,0,1,0,1,2.2635066350301107
117,1,76/60,76,60,45,0,14.96666667,15.63336667,45,round_start,0,0.192328929901123,0.1202066838741302,0.0,-0.0,0.0,0.0,0.0373268873441294,0.0,0.0,0.0,0.0,0.0,0.0,0.1051656545013587,0,0,0,0,0,0,0,0,0,0,kept_final_floor,0.6874643564224243,0.3125356137752533,0.1202066838741302,0,0,0,0,0,0,0.0,0.0,0.0,1,0,0,0,0,0,0.5529480993747709
117,2,76/49,76,49,45,7,14.96643333,15.63313333,45,round_start,0,0.0261198710650205,0.0010784575715661,0.0,-0.0,0.0,0.0,0.0373268873441294,0.0,0.0,0.0,0.0,0.0,0.0,0.5889059807441377,0,0,0,0,0,0,0,0,0,0,kept_final_floor,0.972801685333252,0.0271983295679092,0.0010784575715661,0,0,0,0,0,0,0.0,0.0,0.0,1,0,0,0,0,0,0.0415524132549761
117,3,76/24,76,24,45,31,15.06563333,15.73233333,45,round_start,0,0.0262649394571781,0.0007923587108962,0.0,-0.0,0.0,0.0,0.0373268873441294,0.0,0.0,0.0,0.0,0.0,0.0,0.971439577046761,0,0,0,0,0,0,0,0,0,0,kept_final_floor,0.972942590713501,0.02705729752779,0.0007923587108962,0,0,0,0,0,0,0.0,0.0,0.0,1,0,0,0,0,0,0.0411405983497387
118,0,76/60,76,60,46,1,15.29996667,15.96666667,46,round_start,0,0.1187167093157768,0.0438160374760627,0.0,-0.0,0.0,0.0,0.0373268873441294,0.0,0.0,0.0,0.0,0.0,0.0,0.1992714941160184,0,0,0,0,0,0,0,0,0,0,kept_final_floor,0.8374671936035156,0.1625327467918396,0.0438160374760627,0,0,0,0,0,0,0.0,0.0,0.0,1,0,0,0,0,0,0.2744703464210031
118,1,76/24,76,24,46,32,15.39893333,16.06563333,46,round_start,0,0.0263223145157098,0.0007944023818708,0.0,-0.0,0.0,0.0,0.0373268873441294,0.0,0.0,0.0,0.0,0.0,0.0,0.974443152619474,0,0,0,0,0,0,0,0,0,0,kept_final_floor,0.9728832244873048,0.0271167177706956,0.0007944023818708,0,0,0,0,0,0,0.0,0.0,0.0,1,0,0,0,0,0,0.0412311570136804
118,2,76/49,76,49,46,8,15.29973333,15.96643333,46,round_start,0,0.0247059669345617,0.0009252557065337,0.0,-0.0,0.0,0.0,0.0373268873441294,0.0,0.0,0.0,0.0,0.0,0.0,0.6321389523407746,0,0,0,0,0,0,0,0,0,0,kept_final_floor,0.9743688106536864,0.0256312228739261,0.0009252557065337,0,0,0,0,0,0,0.0,0.0,0.0,1,0,0,0,0,0,0.0390945129562166
119,0,76/60,76,60,47,2,15.63326667,16.29996667,47,round_start,0,0.0793017148971557,0.0164677947759628,0.0,-0.0,0.0,0.0,0.0373268873441294,0.0,0.0,0.0,0.0,0.0,0.0,0.2834806315152026,0,0,0,0,0,0,0,0,0,0,kept_final_floor,0.904230535030365,0.0957695096731185,0.0164677947759628,0,0,0,0,0,0,0.0,0.0,0.0,1,0,0,0,0,0,0.1551817208528517
119,1,76/24,76,24,47,33,15.73223333,16.39893333,47,round_start,0,0.0263745114207267,0.0007962919771671,0.0,-0.0,0.0,0.0,0.0373268873441294,0.0,0.0,0.0,0.0,0.0,0.0,0.9771308552012384,0,0,0,0,0,0,0,0,0,0,kept_final_floor,0.9728292226791382,0.0271708033978939,0.0007962919771671,0,0,0,0,0,0,0.0,0.0,0.0,1,0,0,0,0,0,0.0413136094808576
119,2,76/49,76,49,47,9,15.63303333,16.29973333,47,round_start,0,0.0239737816154956,0.0008396573248319,0.0,-0.0,0.0,0.0,0.0373268873441294,0.0,0.0,0.0,0.0,0.0,0.0,0.6708253001834126,0,0,0,0,0,0,0,0,0,0,kept_final_floor,0.97518652677536,0.0248134396970272,0.0008396573248319,0,0,0,0,0,0,0.0,0.0,0.0,1,0,0,0,0,0,0.0378079185378735
120,0,76/60,76,60,48,3,15.96656667,16.63326667,48,round_start,0,0.0556892566382885,0.006822747644037,0.0,-0.0,0.0,0.0,0.0373268873441294,0.0,0.0,0.0,0.0,0.0,0.0,0.3588338598648067,0,0,0,0,0,0,0,0,0,0,kept_final_floor,0.9374880194664,0.0625120028853416,0.006822747644037,0,0,0,0,0,0,0.0,0.0,0.0,1,0,0,0,0,0,0.0985439297743141
120,1,76/49,76,49,48,10,15.96633333,16.63303333,48,round_start,0,0.0203765071928501,0.000679010991007,0.0,-0.0,0.0,0.0,0.0373268873441294,0.9921310269530056,0.0,0.0,0.0,0.0,0.0,0.7054431729349123,0,0,0,0,0,0,0,0,0,0,kept_final_floor,0.9789445400238036,0.0210555177181959,0.000679010991007,0,0,0,0,0,0,0.0,0.0,0.0,1,0,0,0,0,0,0.0320585849694905
121,0,96/1,96,1,0,0,0.0,0.6667,0,round_start,1,0.306469202041626,0.2067596316337585,0.0,-0.0,0.0,0.0,0.0373268873441294,0.0,0.0,0.0,0.0,1.0,0.0,0.1051656545013588,0,0,2,2,0,0,2,2,0,0,kept_final_floor,0.4867711961269378,0.5132288336753845,0.2067596316337585,0,0,0,0,0,0,1.0,0.0,0.5,1,1,1,1,0,1,1.5312416593233744
121,1,96/2,96,2,0,0,0.0,0.6667,0,round_start,0,0.2492431551218032,0.1664405465126037,0.0,-0.0,0.0,0.0,0.0373268873441294,0.0,0.0,0.0,0.0,0.0,0.0,0.1051656545013588,0,0,0,0,0,0,0,0,0,0,kept_final_floor,0.5843162536621094,0.4156836867332458,0.1664405465126037,0,0,0,0,0,0,0.0,0.0,0.0,1,1,0,1,0,0,0.740033935010433
121,2,96/3,96,3,0,0,0.0,0.6667,0,round_start,0,0.2492431551218032,0.1664405465126037,0.0,-0.0,0.0,0.0,0.0373268873441294,0.0,0.0,0.0,0.0,0.0,0.0,0.1051656545013588,0,0,0,0,0,0,0,0,0,0,kept_final_floor,0.5843162536621094,0.4156836867332458,0.1664405465126037,0,0,0,0,0,0,0.0,0.0,0.0,1,1,0,1,0,0,0.740033935010433
121,3,96/8,96,8,0,0,0.0,0.6667,0,round_start,0,0.2492431551218032,0.1664405465126037,0.0,-0.0,0.0,0.0,0.0373268873441294,0.0,0.0,0.0,0.0,0.0,0.0,0.1051656545013588,0,0,0,0,0,0,0,0,0,0,kept_final_floor,0.5843162536621094,0.4156836867332458,0.1664405465126037,0,0,0,0,0,0,0.0,0.0,0.0,1,1,0,1,0,0,0.740033935010433
122,0,96/1,96,1,1,1,0.3333,1.0,1,round_start,0,0.2312392741441726,0.120685763657093,0.0,-0.0,0.0,0.0,0.0373268873441294,0.0,0.0,0.0,0.0,0.0,0.0,0.1992714941160185,0,0,0,0,0,0,0,0,0,0,kept_final_floor,0.6480749249458313,0.3519250452518463,0.120685763657093,0,0,0,0,0,0,0.0,0.0,0.0,1,1,0,1,0,0,0.6123675912618636
122,1,96/2,96,2,1,1,0.3333,1.0,1,round_start,0,0.1728147715330124,0.0845771729946136,0.0,-0.0,0.0,0.0,0.0373268873441294,0.0,0.0,0.0,0.0,0.0,0.0,0.1992714941160185,0,0,0,0,0,0,0,0,0,0,kept_final_floor,0.7426080107688904,0.2573919296264648,0.0845771729946136,0,0,0,0,0,0,0.0,0.0,0.0,1,0,0,0,0,0,0.4452919378876685
122,2,96/3,96,3,1,1,0.3333,1.0,1,round_start,0,0.1728147715330124,0.0845771729946136,0.0,-0.0,0.0,0.0,0.0373268873441294,0.0,0.0,0.0,0.0,0.0,0.0,0.1992714941160185,0,0,0,0,0,0,0,0,0,0,kept_final_floor,0.7426080107688904,0.2573919296264648,0.0845771729946136,0,0,0,0,0,0,0.0,0.0,0.0,1,0,0,0,0,0,0.4452919378876685
122,3,96/8,96,8,1,1,0.3333,1.0,1,round_start,0,0.1728147715330124,0.0845771729946136,0.0,-0.0,0.0,0.0,0.0373268873441294,0.0,0.0,0.0,0.0,0.0,0.0,0.1992714941160185,0,0,0,0,0,0,0,0,0,0,kept_final_floor,0.7426080107688904,0.2573919296264648,0.0845771729946136,0,0,0,0,0,0,0.0,0.0,0.0,1,0,0,0,0,0,0.4452919378876685
123,0,96/1,96,1,2,2,0.6666,1.3333,2,round_start,0,0.2157751023769378,0.0855157449841499,0.0,-0.0,0.0,0.0,0.0373268873441294,0.0,0.0,0.0,0.0,1.0,0.0,0.2834806315152026,0,0,0,0,0,0,0,0,0,0,kept_final_floor,0.69870924949646,0.3012908399105072,0.0855157449841499,0,0,0,0,0,0,0.0,0.0,0.0,1,0,0,0,0,0,0.9617972925305364
123,1,96/8,96,8,2,2,0.6666,1.3333,2,round_start,0,0.1590272039175033,0.0567306391894817,0.0,-0.0,0.0,0.0,0.0373268873441294,0.0,0.0,0.0,0.0,1.0,0.0,0.2834806315152026,0,0,0,0,0,0,0,0,0,0,kept_final_floor,0.7842420935630798,0.2157578468322754,0.0567306391894817,0,0,0,0,0,0,0.0,0.0,0.0,1,0,0,0,0,0,0.8133482120931147
123,2,96/14,96,14,2,0,0.65,1.3167,2,round_start,0,0.2492431551218032,0.1664405465126037,0.0,-0.0,0.0,0.0,0.0373268873441294,0.0,0.0,0.0,0.0,0.0,0.0,0.1051656545013588,0,0,0,0,0,0,0,0,0,0,kept_final_floor,0.5843162536621094,0.4156836867332458,0.1664405465126037,0,0,0,0,0,0,0.0,0.0,0.0,1,1,0,1,0,0,0.740033935010433
123,3,96/2,96,2,2,2,0.6666,1.3333,2,round_start,0,0.115038551390171,0.0417382344603538,0.0,-0.0,0.0,0.0,0.0373268873441294,0.0,0.0,0.0,0.0,0.0,0.0,0.2834806315152026,0,0,0,0,0,0,0,0,0,0,kept_final_floor,0.8432232141494751,0.1567767858505249,0.0417382344603538,0,0,0,0,0,0,0.0,0.0,0.0,1,0,0,0,0,0,0.2643819428980348
123,4,96/3,96,3,2,2,0.6666,1.3333,2,round_start,0,0.115038551390171,0.0417382344603538,0.0,-0.0,0.0,0.0,0.0373268873441294,0.0,0.0,0.0,0.0,0.0,0.0,0.2834806315152026,0,0,0,0,0,0,0,0,0,0,kept_final_floor,0.8432232141494751,0.1567767858505249,0.0417382344603538,0,0,0,0,0,0,0.0,0.0,0.0,1,0,0,0,0,0,0.2643819428980348
124,0,96/1,96,1,3,3,0.9999,1.6666,3,round_start,0,0.2056232541799545,0.0658559650182724,0.0,-0.0,0.0,0.0,0.0373268873441294,0.0,0.0,0.0,0.0,1.0,0.0,0.3588338598648067,0,0,0,0,0,0,0,0,0,0,kept_final_floor,0.7285207509994507,0.2714792191982269,0.0658559650182724,0,0,0,0,0,0,0.0,0.0,0.0,1,0,0,0,0,0,0.903318004310131
124,1,96/8,96,8,3,3,0.9999,1.6666,3,round_start,0,0.1509093195199966,0.042484026402235,0.0,-0.0,0.0,0.0,0.0373268873441294,0.0,0.0,0.0,0.0,1.0,0.0,0.3588338598648067,0,0,0,0,0,0,0,0,0,0,kept_final_floor,0.8066065907478333,0.1933933496475219,0.042484026402235,0,0,0,0,0,0,0.0,0.0,0.0,1,0,0,0,0,0,0.7698288373649119
124,2,96/14,96,14,3,1,0.9833,1.65,3,round_start,0,0.1728147715330124,0.0845771729946136,0.0,-0.0,0.0,0.0,0.0373268873441294,0.0,0.0,0.0,0.0,0.0,0.0,0.1992714941160185,0,0,0,0,0,0,0,0,0,0,kept_final_floor,0.7426080107688904,0.2573919296264648,0.0845771729946136,0,0,0,0,0,0,0.0,0.0,0.0,1,0,0,0,0,0,0.4452919378876685
124,3,96/2,96,2,3,3,0.9999,1.6666,3,round_start,0,0.0759336352348327,0.0212122071534395,0.0,-0.0,0.0,0.0,0.0373268873441294,0.0,0.0,0.0,0.0,0.0,0.0,0.3588338598648067,0,0,0,0,0,0,0,0,0,0,kept_final_floor,0.9028542041778564,0.0971458405256271,0.0212122071534395,0,0,0,0,0,0,0.0,0.0,0.0,1,0,0,0,0,0,0.1605673085898159
124,4,96/3,96,3,3,3,0.9999,1.6666,3,round_start,0,0.0759336352348327,0.0212122071534395,0.0,-0.0,0.0,0.0,0.0373268873441294,0.0,0.0,0.0,0.0,0.0,0.0,0.3588338598648067,0,0,0,0,0,0,0,0,0,0,kept_final_floor,0.9028542041778564,0.0971458405256271,0.0212122071534395,0,0,0,0,0,0,0.0,0.0,0.0,1,0,0,0,0,0,0.1605673085898159
125,0,96/14,96,14,4,2,1.3166,1.9833,4,round_start,0,0.115038551390171,0.0417382344603538,0.0,-0.0,0.0,0.0,0.0373268873441294,0.0,0.0,0.0,0.0,0.0,0.0,0.2834806315152026,0,0,0,0,0,0,0,0,0,0,kept_final_floor,0.8432232141494751,0.1567767858505249,0.0417382344603538,0,0,0,0,0,0,0.0,0.0,0.0,1,0,0,0,0,0,0.2643819428980348
125,1,96/8,96,8,4,4,1.3332,1.9999,4,round_start,0,0.1049875989556312,0.0256529301404953,0.0,-0.0,0.0,0.0,0.0373268873441294,0.0,0.0,0.0,0.0,0.0,0.0,0.4262625166362342,0,0,0,0,0,0,0,0,0,0,kept_final_floor,0.8693594932556152,0.1306405365467071,0.0256529301404953,0,0,0,0,0,0,0.0,0.0,0.0,1,0,0,0,0,0,0.2139178447425364
125,2,96/2,96,2,4,4,1.3332,1.9999,4,round_start,0,0.0517732016742229,0.0117296585813164,0.0,-0.0,0.0,0.0,0.0373268873441294,0.0,0.0,0.0,0.0,0.0,0.0,0.4262625166362342,0,0,0,0,0,0,0,0,0,0,kept_final_floor,0.9364970922470092,0.0635028630495071,0.0117296585813164,0,0,0,0,0,0,0.0,0.0,0.0,1,0,0,0,0,0,0.1034650513902304
125,3,96/3,96,3,4,4,1.3332,1.9999,4,round_start,0,0.0517732016742229,0.0117296585813164,0.0,-0.0,0.0,0.0,0.0373268873441294,0.0,0.0,0.0,0.0,0.0,0.0,0.4262625166362342,0,0,0,0,0,0,0,0,0,0,kept_final_floor,0.9364970922470092,0.0635028630495071,0.0117296585813164,0,0,0,0,0,0,0.0,0.0,0.0,1,0,0,0,0,0,0.1034650513902304
126,0,96/14,96,14,5,3,1.6499,2.3166,5,round_start,0,0.0759336352348327,0.0212122071534395,0.0,-0.0,0.0,0.0,0.0373268873441294,0.0,0.0,0.0,0.0,0.0,0.0,0.3588338598648067,0,0,0,0,0,0,0,0,0,0,kept_final_floor,0.9028542041778564,0.0971458405256271,0.0212122071534395,0,0,0,0,0,0,0.0,0.0,0.0,1,0,0,0,0,0,0.1605673085898159
126,1,96/8,96,8,5,5,1.6665,2.3332,5,round_start,0,0.0695656314492225,0.014410825446248,0.0,-0.0,0.0,0.0,0.0373268873441294,0.5996938775510204,0.0,0.0,0.0,0.0,0.0,0.4865999945861472,0,0,0,0,0,0,0,0,0,0,kept_final_floor,0.9160234928131104,0.0839764550328254,0.014410825446248,0,0,0,0,0,0,0.0,0.0,0.0,1,0,0,0,0,0,0.1360522631555793
126,2,96/2,96,2,5,5,1.6665,2.3332,5,round_start,0,0.0376554019749164,0.0072881979867815,0.0,-0.0,0.0,0.0,0.0373268873441294,0.0,0.0,0.0,0.0,0.0,0.0,0.4865999945861472,0,0,0,0,0,0,0,0,0,0,kept_final_floor,0.9550564289093018,0.0449436008930206,0.0072881979867815,0,0,0,0,0,0,0.0,0.0,0.0,1,0,0,0,0,0,0.0725171385332939
126,3,96/3,96,3,5,5,1.6665,2.3332,5,round_start,0,0.0376554019749164,0.0072881979867815,0.0,-0.0,0.0,0.0,0.0373268873441294,0.0,0.0,0.0,0.0,0.0,0.0,0.4865999945861472,0,0,0,0,0,0,0,0,0,0,kept_final_floor,0.9550564289093018,0.0449436008930206,0.0072881979867815,0,0,0,0,0,0,0.0,0.0,0.0,1,0,0,0,0,0,0.0725171385332939
127,0,96/14,96,14,6,4,1.9832,2.6499,6,round_start,0,0.0517732016742229,0.0117296585813164,0.0,-0.0,0.0,0.0,0.0373268873441294,0.0,0.0,0.0,0.0,0.0,0.0,0.4262625166362342,0,0,0,0,0,0,0,0,0,0,kept_final_floor,0.9364970922470092,0.0635028630495071,0.0117296585813164,0,0,0,0,0,0,0.0,0.0,0.0,1,0,0,0,0,0,0.1034650513902304
127,1,96/8,96,8,6,6,1.9998,2.6665,6,round_start,0,0.0467678979039192,0.0088013671338558,0.0,-0.0,0.0,0.0,0.0373268873441294,0.0,0.0,0.0,0.0,0.0,0.0,0.5405920421764963,0,0,0,0,0,0,0,0,0,0,kept_final_floor,0.9444307684898376,0.055569265037775,0.0088013671338558,0,0,0,0,0,0,0.0,0.0,0.0,1,0,0,0,0,0,0.0895148545503615
127,2,96/2,96,2,6,6,1.9998,2.6665,6,round_start,0,0.0295548774302005,0.0051007331348955,0.0,-0.0,0.0,0.0,0.0373268873441294,0.0,0.0,0.0,0.0,0.0,0.0,0.5405920421764963,0,0,0,0,0,0,0,0,0,0,kept_final_floor,0.9653443694114684,0.03465561196208,0.0051007331348955,0,0,0,0,0,0,0.0,0.0,0.0,1,0,0,0,0,0,0.0555539290420708
127,3,96/3,96,3,6,6,1.9998,2.6665,6,round_start,0,0.0295548774302005,0.0051007331348955,0.0,-0.0,0.0,0.0,0.0373268873441294,0.0,0.0,0.0,0.0,0.0,0.0,0.5405920421764963,0,0,0,0,0,0,0,0,0,0,kept_final_floor,0.9653443694114684,0.03465561196208,0.0051007331348955,0,0,0,0,0,0,0.0,0.0,0.0,1,0,0,0,0,0,0.0555539290420708
128,0,96/14,96,14,7,5,2.3165,2.9832,7,round_start,0,0.0376554019749164,0.0072881979867815,0.0,-0.0,0.0,0.0,0.0373268873441294,0.0,0.0,0.0,0.0,0.0,0.0,0.4865999945861472,0,0,0,0,0,0,0,0,0,0,kept_final_floor,0.9550564289093018,0.0449436008930206,0.0072881979867815,0,0,0,0,0,0,0.0,0.0,0.0,1,0,0,0,0,0,0.0725171385332939
128,1,96/8,96,8,7,7,2.3331,2.9998,7,round_start,0,0.0346083715558052,0.0058251288719475,0.0,-0.0,0.0,0.0,0.0373268873441294,0.5996938775510204,0.0,0.0,0.0,0.0,0.0,0.5889059807441377,0,0,0,0,0,0,0,0,0,0,kept_final_floor,0.9595664739608764,0.0404334999620914,0.0058251288719475,0,0,0,0,0,0,0.0,0.0,0.0,1,0,0,0,0,0,0.0647278408519922
128,2,96/2,96,2,7,7,2.3331,2.9998,7,round_start,0,0.0248755309730768,0.0039519653655588,0.0,-0.0,0.0,0.0,0.0373268873441294,0.0,0.0,0.0,0.0,0.0,0.0,0.5889059807441377,0,0,0,0,0,0,0,0,0,0,kept_final_floor,0.9711724519729614,0.0288274958729743,0.0039519653655588,0,0,0,0,0,0,0.0,0.0,0.0,1,0,0,0,0,0,0.0460076202638445
128,3,96/3,96,3,7,7,2.3331,2.9998,7,round_start,0,0.0248755309730768,0.0039519653655588,0.0,-0.0,0.0,0.0,0.0373268873441294,0.0,0.0,0.0,0.0,0.0,0.0,0.5889059807441377,0,0,0,0,0,0,0,0,0,0,kept_final_floor,0.9711724519729614,0.0288274958729743,0.0039519653655588,0,0,0,0,0,0,0.0,0.0,0.0,1,0,0,0,0,0,0.0460076202638445
129,0,96/14,96,14,8,6,2.6498,3.3165,8,round_start,0,0.0295548774302005,0.0051007331348955,0.0,-0.0,0.0,0.0,0.0373268873441294,0.0,0.0,0.0,0.0,0.0,0.0,0.5405920421764963,0,0,0,0,0,0,0,0,0,0,kept_final_floor,0.9653443694114684,0.03465561196208,0.0051007331348955,0,0,0,0,0,0,0.0,0.0,0.0,1,0,0,0,0,0,0.0555539290420708
129,1,96/8,96,8,8,8,2.6664,3.3331,8,round_start,0,0.0272779054939746,0.0042567262426018,0.0,-0.0,0.0,0.0,0.0373268873441294,0.5996938775510204,0.0,0.0,0.0,0.0,0.0,0.6321389523407747,0,0,0,0,0,0,0,0,0,0,kept_final_floor,0.968465268611908,0.0315346308052539,0.0042567262426018,0,0,0,0,0,0,0.0,0.0,0.0,1,0,0,0,0,0,0.0502816559746858
129,2,96/2,96,2,8,8,2.6664,3.3331,8,round_start,0,0.0221304781734943,0.0033112706150859,0.0,-0.0,0.0,0.0,0.0373268873441294,0.0,0.0,0.0,0.0,0.0,0.0,0.6321389523407747,0,0,0,0,0,0,0,0,0,0,kept_final_floor,0.9745582938194276,0.0254417490214109,0.0033112706150859,0,0,0,0,0,0,0.0,0.0,0.0,1,0,0,0,0,0,0.0404805126134304
129,3,96/3,96,3,8,8,2.6664,3.3331,8,round_start,0,0.0221304781734943,0.0033112706150859,0.0,-0.0,0.0,0.0,0.0373268873441294,0.0,0.0,0.0,0.0,0.0,0.0,0.6321389523407747,0,0,0,0,0,0,0,0,0,0,kept_final_floor,0.9745582938194276,0.0254417490214109,0.0033112706150859,0,0,0,0,0,0,0.0,0.0,0.0,1,0,0,0,0,0,0.0404805126134304
130,0,96/14,96,14,9,7,2.9831,3.6498,9,round_start,0,0.0248755309730768,0.0039519653655588,0.0,-0.0,0.0,0.0,0.0373268873441294,0.0,0.0,0.0,0.0,0.0,0.0,0.5889059807441377,0,0,0,0,0,0,0,0,0,0,kept_final_floor,0.9711724519729614,0.0288274958729743,0.0039519653655588,0,0,0,0,0,0,0.0,0.0,0.0,1,0,0,0,0,0,0.0460076202638445
130,1,96/8,96,8,9,9,2.9997,3.6664,9,round_start,0,0.0231131091713905,0.0034131980501115,0.0,-0.0,0.0,0.0,0.0373268873441294,0.5996938775510204,0.0,0.0,0.0,0.0,0.0,0.6708253001834127,0,0,0,0,0,0,0,0,0,0,kept_final_floor,0.9734737277030944,0.0265263076871633,0.0034131980501115,0,0,0,0,0,0,0.0,0.0,0.0,1,0,0,0,0,0,0.042178699467331
130,2,96/2,96,2,9,9,2.9997,3.6664,9,round_start,0,0.020501721650362,0.0029369443655014,0.0,-0.0,0.0,0.0,0.0373268873441294,0.0,0.0,0.0,0.0,0.0,0.0,0.6708253001834127,0,0,0,0,0,0,0,0,0,0,kept_final_floor,0.9765613079071044,0.0234386660158634,0.0029369443655014,0,0,0,0,0,0,0.0,0.0,0.0,1,0,0,0,0,0,0.037213860079646
130,3,96/3,96,3,9,9,2.9997,3.6664,9,round_start,0,0.020501721650362,0.0029369443655014,0.0,-0.0,0.0,0.0,0.0373268873441294,0.0,0.0,0.0,0.0,0.0,0.0,0.6708253001834127,0,0,0,0,0,0,0,0,0,0,kept_final_floor,0.9765613079071044,0.0234386660158634,0.0029369443655014,0,0,0,0,0,0,0.0,0.0,0.0,1,0,0,0,0,0,0.037213860079646
131,0,96/14,96,14,10,8,3.3164,3.9831,10,round_start,0,0.0221304781734943,0.0033112706150859,0.0,-0.0,0.0,0.0,0.0373268873441294,0.0,0.0,0.0,0.0,0.0,0.0,0.6321389523407747,0,0,0,0,0,0,0,0,0,0,kept_final_floor,0.9745582938194276,0.0254417490214109,0.0033112706150859,0,0,0,0,0,0,0.0,0.0,0.0,1,0,0,0,0,0,0.0404805126134304
131,1,96/8,96,8,10,10,3.333,3.9997,10,round_start,0,0.0207304563373327,0.002937325509265,0.0,-0.0,0.0,0.0,0.0373268873441294,0.5996938775510204,0.0,0.0,0.0,0.0,0.0,0.7054431729349124,0,0,0,0,0,0,0,0,0,0,kept_final_floor,0.9763323068618774,0.0236677825450897,0.002937325509265,0,0,0,0,0,0,0.0,0.0,0.0,1,0,0,0,0,0,0.037557800626382
131,2,96/2,96,2,10,10,3.333,3.9997,10,round_start,0,0.0195366088300943,0.0027117566205561,0.0,-0.0,0.0,0.0,0.0373268873441294,0.0,0.0,0.0,0.0,0.0,0.0,0.7054431729349124,0,0,0,0,0,0,0,0,0,0,kept_final_floor,0.9777516722679138,0.0222483649849891,0.0027117566205561,0,0,0,0,0,0,0.0,0.0,0.0,1,0,0,0,0,0,0.0352707778103648
131,3,96/3,96,3,10,10,3.333,3.9997,10,round_start,0,0.0195366088300943,0.0027117566205561,0.0,-0.0,0.0,0.0,0.0373268873441294,0.0,0.0,0.0,0.0,0.0,0.0,0.7054431729349124,0,0,0,0,0,0,0,0,0,0,kept_final_floor,0.9777516722679138,0.0222483649849891,0.0027117566205561,0,0,0,0,0,0,0.0,0.0,0.0,1,0,0,0,0,0,0.0352707778103648
132,0,96/26,96,26,11,0,3.75,4.4167,11,round_start,0,0.2492431551218032,0.1664405465126037,0.0,-0.0,0.0,0.0,0.0373268873441294,0.0,0.0,0.0,0.0,0.0,0.0,0.1051656545013588,0,0,0,0,0,0,0,0,0,0,kept_final_floor,0.5843162536621094,0.4156836867332458,0.1664405465126037,0,0,0,0,0,0,0.0,0.0,0.0,1,1,0,1,0,0,0.740033935010433
132,1,96/14,96,14,11,9,3.6497,4.3164,11,round_start,0,0.020501721650362,0.0029369443655014,0.0,-0.0,0.0,0.0,0.0373268873441294,0.0,0.0,0.0,0.0,0.0,0.0,0.6708253001834127,0,0,0,0,0,0,0,0,0,0,kept_final_floor,0.9765613079071044,0.0234386660158634,0.0029369443655014,0,0,0,0,0,0,0.0,0.0,0.0,1,0,0,0,0,0,0.037213860079646
132,2,96/8,96,8,11,11,3.6663,4.333,11,round_start,0,0.0194794423878192,0.0027365870773792,0.0,-0.0,0.0,0.0,0.0373268873441294,0.0,0.0,0.0,0.0,0.0,0.0,0.7364204344410559,0,0,0,0,0,0,0,0,0,0,kept_final_floor,0.977783977985382,0.0222160294651985,0.0027365870773792,0,0,0,0,0,0,0.0,0.0,0.0,1,0,0,0,0,0,0.035239655151963
132,3,96/2,96,2,11,11,3.6663,4.333,11,round_start,0,0.0189779419451951,0.0025749960914254,0.0,-0.0,0.0,0.0,0.0373268873441294,0.0,0.0,0.0,0.0,0.0,0.0,0.7364204344410559,0,0,0,0,0,0,0,0,0,0,kept_final_floor,0.9784471392631532,0.0215529389679431,0.0025749960914254,0,0,0,0,0,0,0.0,0.0,0.0,1,0,0,0,0,0,0.0341319043189285
132,4,96/3,96,3,11,11,3.6663,4.333,11,round_start,0,0.0189779419451951,0.0025749960914254,0.0,-0.0,0.0,0.0,0.0373268873441294,0.0,0.0,0.0,0.0,0.0,0.0,0.7364204344410559,0,0,0,0,0,0,0,0,0,0,kept_final_floor,0.9784471392631532,0.0215529389679431,0.0025749960914254,0,0,0,0,0,0,0.0,0.0,0.0,1,0,0,0,0,0,0.0341319043189285
133,0,96/26,96,26,12,1,4.0833,4.75,12,round_start,0,0.1728147715330124,0.0845771729946136,0.0,-0.0,0.0,0.0,0.0373268873441294,0.0,0.0,0.0,0.0,0.0,0.0,0.1992714941160184,0,0,0,0,0,0,0,0,0,0,kept_final_floor,0.7426080107688904,0.2573919296264648,0.0845771729946136,0,0,0,0,0,0,0.0,0.0,0.0,1,0,0,0,0,0,0.4452919378876685
133,1,96/14,96,14,12,10,3.983,4.6497,12,round_start,0,0.0195366088300943,0.0027117566205561,0.0,-0.0,0.0,0.0,0.0373268873441294,0.0,0.0,0.0,0.0,0.0,0.0,0.7054431729349124,0,0,0,0,0,0,0,0,0,0,kept_final_floor,0.9777516722679138,0.0222483649849891,0.0027117566205561,0,0,0,0,0,0,0.0,0.0,0.0,1,0,0,0,0,0,0.0352707778103648
133,2,96/8,96,8,12,12,3.9996,4.6663,12,round_start,0,0.019037676975131,0.0026295930147171,0.0,-0.0,0.0,0.0,0.0373268873441294,0.0,0.0,0.0,0.0,0.0,0.0,0.7641399519662462,0,0,0,0,0,0,0,0,0,0,kept_final_floor,0.9783326983451844,0.0216672699898481,0.0026295930147171,0,0,0,0,0,0,0.0,0.0,0.0,1,0,0,0,0,0,0.0343416200950741
133,3,96/2,96,2,12,12,3.9996,4.6663,12,round_start,0,0.0186743289232254,0.002493135863915,0.0,-0.0,0.0,0.0,0.0373268873441294,0.0,0.0,0.0,0.0,0.0,0.0,0.7641399519662462,0,0,0,0,0,0,0,0,0,0,kept_final_floor,0.9788326025009156,0.0211674645543098,0.002493135863915,0,0,0,0,0,0,0.0,0.0,0.0,1,0,0,0,0,0,0.0334963922854511
133,4,96/3,96,3,12,12,3.9996,4.6663,12,round_start,0,0.0186743289232254,0.002493135863915,0.0,-0.0,0.0,0.0,0.0373268873441294,0.0,0.0,0.0,0.0,0.0,0.0,0.7641399519662462,0,0,0,0,0,0,0,0,0,0,kept_final_floor,0.9788326025009156,0.0211674645543098,0.002493135863915,0,0,0,0,0,0,0.0,0.0,0.0,1,0,0,0,0,0,0.0334963922854511
134,0,96/26,96,26,13,2,4.4166,5.0833,13,round_start,0,0.115038551390171,0.0417382344603538,0.0,-0.0,0.0,0.0,0.0373268873441294,0.0,0.0,0.0,0.0,0.0,0.0,0.2834806315152026,0,0,0,0,0,0,0,0,0,0,kept_final_floor,0.8432232141494751,0.1567767858505249,0.0417382344603538,0,0,0,0,0,0,0.0,0.0,0.0,1,0,0,0,0,0,0.2643819428980348
134,1,96/14,96,14,13,11,4.3163,4.983,13,round_start,0,0.0189779419451951,0.0025749960914254,0.0,-0.0,0.0,0.0,0.0373268873441294,0.0,0.0,0.0,0.0,0.0,0.0,0.7364204344410559,0,0,0,0,0,0,0,0,0,0,kept_final_floor,0.9784471392631532,0.0215529389679431,0.0025749960914254,0,0,0,0,0,0,0.0,0.0,0.0,1,0,0,0,0,0,0.0341319043189285
134,2,96/8,96,8,13,13,4.3329,4.9996,13,round_start,0,0.0188281442970037,0.0025604246184229,0.0,-0.0,0.0,0.0,0.0373268873441294,0.0,0.0,0.0,0.0,0.0,0.0,0.7889443282884377,0,0,0,0,0,0,0,0,0,0,kept_final_floor,0.978611409664154,0.0213885679841041,0.0025604246184229,0,0,0,0,0,0,0.0,0.0,0.0,1,0,0,0,0,0,0.0338751506060359
134,3,96/2,96,2,13,13,4.3329,4.9996,13,round_start,0,0.0185337178409099,0.0024466270115226,0.0,-0.0,0.0,0.0,0.0373268873441294,0.0,0.0,0.0,0.0,0.0,0.0,0.7889443282884377,0,0,0,0,0,0,0,0,0,0,kept_final_floor,0.979019582271576,0.0209803450852632,0.0024466270115226,0,0,0,0,0,0,0.0,0.0,0.0,1,0,0,0,0,0,0.0331831561867145
134,4,96/3,96,3,13,13,4.3329,4.9996,13,round_start,0,0.0185337178409099,0.0024466270115226,0.0,-0.0,0.0,0.0,0.0373268873441294,0.0,0.0,0.0,0.0,0.0,0.0,0.7889443282884377,0,0,0,0,0,0,0,0,0,0,kept_final_floor,0.979019582271576,0.0209803450852632,0.0024466270115226,0,0,0,0,0,0,0.0,0.0,0.0,1,0,0,0,0,0,0.0331831561867145
135,0,96/30,96,30,14,0,4.833333333,5.500033333,14,round_start,0,0.2492431551218032,0.1664405465126037,0.0,-0.0,0.0,0.0,0.0373268873441294,0.0,0.0,0.0,0.0,0.0,0.0,0.1051656545013589,0,0,0,0,0,0,0,0,0,0,kept_final_floor,0.5843162536621094,0.4156836867332458,0.1664405465126037,0,0,0,0,0,0,0.0,0.0,0.0,1,1,0,1,0,0,0.740033935010433
135,1,96/26,96,26,14,3,4.7499,5.4166,14,round_start,0,0.0759336352348327,0.0212122071534395,0.0,-0.0,0.0,0.0,0.0373268873441294,0.0,0.0,0.0,0.0,0.0,0.0,0.3588338598648066,0,0,0,0,0,0,0,0,0,0,kept_final_floor,0.9028542041778564,0.0971458405256271,0.0212122071534395,0,0,0,0,0,0,0.0,0.0,0.0,1,0,0,0,0,0,0.1605673085898159
135,2,96/8,96,8,14,14,4.6662,5.3329,14,round_start,0,0.0187379792332649,0.0025167725980281,0.0,-0.0,0.0,0.0,0.0373268873441294,0.0,0.0,0.0,0.0,0.0,0.0,0.8111401361402082,0,0,0,0,0,0,0,0,0,0,kept_final_floor,0.9787452220916748,0.0212547518312931,0.0025167725980281,0,0,0,0,0,0,0.0,0.0,0.0,1,0,0,0,0,0,0.0336438685655591
135,3,96/14,96,14,14,12,4.6496,5.3163,14,round_start,0,0.0186743289232254,0.002493135863915,0.0,-0.0,0.0,0.0,0.0373268873441294,0.0,0.0,0.0,0.0,0.0,0.0,0.764139951966246,0,0,0,0,0,0,0,0,0,0,kept_final_floor,0.9788326025009156,0.0211674645543098,0.002493135863915,0,0,0,0,0,0,0.0,0.0,0.0,1,0,0,0,0,0,0.0334963922854511
135,4,96/2,96,2,14,14,4.6662,5.3329,14,round_start,0,0.0184981450438499,0.0024234533775597,0.0,-0.0,0.0,0.0,0.0373268873441294,0.0,0.0,0.0,0.0,0.0,0.0,0.8111401361402082,0,0,0,0,0,0,0,0,0,0,kept_final_floor,0.9790783524513244,0.0209215991199016,0.0024234533775597,0,0,0,0,0,0,0.0,0.0,0.0,1,0,0,0,0,0,0.0330788149964061
135,5,96/3,96,3,14,14,4.6662,5.3329,14,round_start,0,0.0184981450438499,0.0024234533775597,0.0,-0.0,0.0,0.0,0.0373268873441294,0.0,0.0,0.0,0.0,0.0,0.0,0.8111401361402082,0,0,0,0,0,0,0,0,0,0,kept_final_floor,0.9790783524513244,0.0209215991199016,0.0024234533775597,0,0,0,0,0,0,0.0,0.0,0.0,1,0,0,0,0,0,0.0330788149964061
136,0,96/30,96,30,15,1,5.166633333,5.833333333,15,round_start,0,0.1728147715330124,0.0845771729946136,0.0,-0.0,0.0,0.0,0.0373268873441294,0.0,0.0,0.0,0.0,0.0,0.0,0.1992714941160185,0,0,0,0,0,0,0,0,0,0,kept_final_floor,0.7426080107688904,0.2573919296264648,0.0845771729946136,0,0,0,0,0,0,0.0,0.0,0.0,1,0,0,0,0,0,0.4452919378876685
136,1,96/26,96,26,15,4,5.0832,5.7499,15,round_start,0,0.0517732016742229,0.0117296585813164,0.0,-0.0,0.0,0.0,0.0373268873441294,0.0,0.0,0.0,0.0,0.0,0.0,0.4262625166362342,0,0,0,0,0,0,0,0,0,0,kept_final_floor,0.9364970922470092,0.0635028630495071,0.0117296585813164,0,0,0,0,0,0,0.0,0.0,0.0,1,0,0,0,0,0,0.1034650513902304
136,2,96/14,96,14,15,13,4.9829,5.6496,15,round_start,0,0.0185337178409099,0.0024466270115226,0.0,-0.0,0.0,0.0,0.0373268873441294,0.0,0.0,0.0,0.0,0.0,0.0,0.7889443282884376,0,0,0,0,0,0,0,0,0,0,kept_final_floor,0.979019582271576,0.0209803450852632,0.0024466270115226,0,0,0,0,0,0,0.0,0.0,0.0,1,0,0,0,0,0,0.0331831561867145
136,3,96/2,96,2,15,15,4.9995,5.6662,15,round_start,0,0.018530273810029,0.0024159459862858,0.0,-0.0,0.0,0.0,0.0373268873441294,0.0,0.0,0.0,0.0,0.0,0.0,0.8310017073320607,0,0,0,0,0,0,0,0,0,0,kept_final_floor,0.9790537357330322,0.0209462195634841,0.0024159459862858,0,0,0,0,0,0,0.0,0.0,0.0,1,0,0,0,0,0,0.0331104918848722
136,4,96/3,96,3,15,15,4.9995,5.6662,15,round_start,0,0.018530273810029,0.0024159459862858,0.0,-0.0,0.0,0.0,0.0373268873441294,0.0,0.0,0.0,0.0,0.0,0.0,0.8310017073320607,0,0,0,0,0,0,0,0,0,0,kept_final_floor,0.9790537357330322,0.0209462195634841,0.0024159459862858,0,0,0,0,0,0,0.0,0.0,0.0,1,0,0,0,0,0,0.0331104918848722
137,0,96/30,96,30,16,2,5.499933333,6.166633333,16,round_start,0,0.115038551390171,0.0417382344603538,0.0,-0.0,0.0,0.0,0.0373268873441294,0.0,0.0,0.0,0.0,0.0,0.0,0.2834806315152026,0,0,0,0,0,0,0,0,0,0,kept_final_floor,0.8432232141494751,0.1567767858505249,0.0417382344603538,0,0,0,0,0,0,0.0,0.0,0.0,1,0,0,0,0,0,0.2643819428980348
137,1,96/26,96,26,16,5,5.4165,6.0832,16,round_start,0,0.0376554019749164,0.0072881979867815,0.0,-0.0,0.0,0.0,0.0373268873441294,0.0,0.0,0.0,0.0,0.0,0.0,0.4865999945861471,0,0,0,0,0,0,0,0,0,0,kept_final_floor,0.9550564289093018,0.0449436008930206,0.0072881979867815,0,0,0,0,0,0,0.0,0.0,0.0,1,0,0,0,0,0,0.0725171385332939
137,2,96/2,96,2,16,16,5.3328,5.9995,16,round_start,0,0.0186054371297359,0.0024190000258386,0.0,-0.0,0.0,0.0,0.0373268873441294,0.0,0.0,0.0,0.0,0.0,0.0,0.8487745233900967,0,0,0,0,0,0,0,0,0,0,kept_final_floor,0.978975474834442,0.0210244376212358,0.0024190000258386,0,0,0,0,0,0,0.0,0.0,0.0,1,0,0,0,0,0,0.0332299557514487
137,3,96/3,96,3,16,16,5.3328,5.9995,16,round_start,0,0.0186054371297359,0.0024190000258386,0.0,-0.0,0.0,0.0,0.0373268873441294,0.0,0.0,0.0,0.0,0.0,0.0,0.8487745233900967,0,0,0,0,0,0,0,0,0,0,kept_final_floor,0.978975474834442,0.0210244376212358,0.0024190000258386,0,0,0,0,0,0,0.0,0.0,0.0,1,0,0,0,0,0,0.0332299557514487
137,4,96/14,96,14,16,14,5.3162,5.9829,16,round_start,0,0.0184981450438499,0.0024234533775597,0.0,-0.0,0.0,0.0,0.0373268873441294,0.0,0.0,0.0,0.0,0.0,0.0,0.8111401361402081,0,0,0,0,0,0,0,0,0,0,kept_final_floor,0.9790783524513244,0.0209215991199016,0.0024234533775597,0,0,0,0,0,0,0.0,0.0,0.0,1,0,0,0,0,0,0.0330788149964061
138,0,96/14,96,14,17,15,5.6495,6.3162,17,round_start,0,0.0235593114048242,0.0028337438125163,0.0,-0.0,0.0,0.0,0.0373268873441294,0.0,0.0,0.0,0.0,1.0,0.0,0.8310017073320606,0,0,0,0,0,0,0,0,0,0,kept_final_floor,0.9736069440841676,0.0263930559158325,0.0028337438125163,0,0,0,0,0,0,0.0,0.0,0.0,1,0,0,0,0,0,0.4915732034947722
138,1,96/30,96,30,17,3,5.833233333,6.499933333,17,round_start,0,0.0759336352348327,0.0212122071534395,0.0,-0.0,0.0,0.0,0.0373268873441294,0.0,0.0,0.0,0.0,0.0,0.0,0.3588338598648067,0,0,0,0,0,0,0,0,0,0,kept_final_floor,0.9028542041778564,0.0971458405256271,0.0212122071534395,0,0,0,0,0,0,0.0,0.0,0.0,1,0,0,0,0,0,0.1605673085898159
138,2,96/26,96,26,17,6,5.7498,6.4165,17,round_start,0,0.0295548774302005,0.0051007331348955,0.0,-0.0,0.0,0.0,0.0373268873441294,0.0,0.0,0.0,0.0,0.0,0.0,0.5405920421764963,0,0,0,0,0,0,0,0,0,0,kept_final_floor,0.9653443694114684,0.03465561196208,0.0051007331348955,0,0,0,0,0,0,0.0,0.0,0.0,1,0,0,0,0,0,0.0555539290420708
138,3,96/2,96,2,17,17,5.6661,6.3328,17,round_start,0,0.0187072232365608,0.0024291744921356,0.0,-0.0,0.0,0.0,0.0373268873441294,0.0,0.0,0.0,0.0,0.0,0.0,0.8646782496150571,0,0,0,0,0,0,0,0,0,0,kept_final_floor,0.9788636565208436,0.0211363974958658,0.0024291744921356,0,0,0,0,0,0,0.0,0.0,0.0,1,0,0,0,0,0,0.0334050187375395
138,4,96/3,96,3,17,17,5.6661,6.3328,17,round_start,0,0.0187072232365608,0.0024291744921356,0.0,-0.0,0.0,0.0,0.0373268873441294,0.0,0.0,0.0,0.0,0.0,0.0,0.8646782496150571,0,0,0,0,0,0,0,0,0,0,kept_final_floor,0.9788636565208436,0.0211363974958658,0.0024291744921356,0,0,0,0,0,0,0.0,0.0,0.0,1,0,0,0,0,0,0.0334050187375395
139,0,96/14,96,14,18,16,5.9828,6.6495,18,round_start,0,0.028508385643363,0.0032837633043527,0.0,-0.0,0.0,0.0,0.0373268873441294,0.0,0.0,0.0,0.0,1.0,0.0,0.8487745233900967,0,0,0,0,0,0,0,0,0,0,kept_final_floor,0.968207836151123,0.0317921489477157,0.0032837633043527,0,0,0,0,0,0,0.0,0.0,0.0,1,0,0,0,0,0,0.4999868577346204
139,1,96/30,96,30,18,4,6.166533333,6.833233333,18,round_start,0,0.0517732016742229,0.0117296585813164,0.0,-0.0,0.0,0.0,0.0373268873441294,0.0,0.0,0.0,0.0,0.0,0.0,0.4262625166362342,0,0,0,0,0,0,0,0,0,0,kept_final_floor,0.9364970922470092,0.0635028630495071,0.0117296585813164,0,0,0,0,0,0,0.0,0.0,0.0,1,0,0,0,0,0,0.1034650513902304
139,2,96/26,96,26,18,7,6.0831,6.7498,18,round_start,0,0.0248755309730768,0.0039519653655588,0.0,-0.0,0.0,0.0,0.0373268873441294,0.0,0.0,0.0,0.0,0.0,0.0,0.5889059807441376,0,0,0,0,0,0,0,0,0,0,kept_final_floor,0.9711724519729614,0.0288274958729743,0.0039519653655588,0,0,0,0,0,0,0.0,0.0,0.0,1,0,0,0,0,0,0.0460076202638445
139,3,96/2,96,2,18,18,5.9994,6.6661,18,round_start,0,0.0188243519514799,0.0024440418928861,0.0,-0.0,0.0,0.0,0.0373268873441294,0.0,0.0,0.0,0.0,0.0,0.0,0.8789094500625592,0,0,0,0,0,0,0,0,0,0,kept_final_floor,0.9787315130233764,0.021268393844366,0.0024440418928861,0,0,0,0,0,0,0.0,0.0,0.0,1,0,0,0,0,0,0.0336134200915692
139,4,96/3,96,3,18,18,5.9994,6.6661,18,round_start,0,0.0188243519514799,0.0024440418928861,0.0,-0.0,0.0,0.0,0.0373268873441294,0.0,0.0,0.0,0.0,0.0,0.0,0.8789094500625592,0,0,0,0,0,0,0,0,0,0,kept_final_floor,0.9787315130233764,0.021268393844366,0.0024440418928861,0,0,0,0,0,0,0.0,0.0,0.0,1,0,0,0,0,0,0.0336134200915692
140,0,96/14,96,14,19,17,6.3161,6.9828,19,round_start,0,0.0331661812961101,0.0037528581451624,0.0,-0.0,0.0,0.0,0.0373268873441294,0.0,0.0,0.0,0.0,1.0,0.0,0.8646782496150571,0,0,0,0,0,0,0,0,0,0,kept_final_floor,0.9630810022354126,0.0369190387427806,0.0037528581451624,0,0,0,0,0,0,0.0,0.0,0.0,1,0,0,0,0,0,0.5080055598635225
140,1,96/30,96,30,19,5,6.499833333,7.166533333,19,round_start,0,0.0376554019749164,0.0072881979867815,0.0,-0.0,0.0,0.0,0.0373268873441294,0.0,0.0,0.0,0.0,0.0,0.0,0.4865999945861472,0,0,0,0,0,0,0,0,0,0,kept_final_floor,0.9550564289093018,0.0449436008930206,0.0072881979867815,0,0,0,0,0,0,0.0,0.0,0.0,1,0,0,0,0,0,0.0725171385332939
140,2,96/26,96,26,19,8,6.4164,7.0831,19,round_start,0,0.0221304781734943,0.0033112706150859,0.0,-0.0,0.0,0.0,0.0373268873441294,0.0,0.0,0.0,0.0,0.0,0.0,0.6321389523407746,0,0,0,0,0,0,0,0,0,0,kept_final_floor,0.9745582938194276,0.0254417490214109,0.0033112706150859,0,0,0,0,0,0,0.0,0.0,0.0,1,0,0,0,0,0,0.0404805126134304
140,3,96/2,96,2,19,19,6.3327,6.9994,19,round_start,0,0.0189492497593164,0.0024619039613753,0.0,-0.0,0.0,0.0,0.0373268873441294,0.0,0.0,0.0,0.0,0.0,0.0,0.8916440170006596,0,0,0,0,0,0,0,0,0,0,kept_final_floor,0.9785888195037842,0.0214111544191837,0.0024619039613753,0,0,0,0,0,0,0.0,0.0,0.0,1,0,0,0,0,0,0.0338400633540002
140,4,96/3,96,3,19,19,6.3327,6.9994,19,round_start,0,0.0189492497593164,0.0024619039613753,0.0,-0.0,0.0,0.0,0.0373268873441294,0.0,0.0,0.0,0.0,0.0,0.0,0.8916440170006596,0,0,0,0,0,0,0,0,0,0,kept_final_floor,0.9785888195037842,0.0214111544191837,0.0024619039613753,0,0,0,0,0,0,0.0,0.0,0.0,1,0,0,0,0,0,0.0338400633540002
141,0,96/30,96,30,20,6,6.833133333,7.499833333,20,round_start,0,0.0295548774302005,0.0051007331348955,0.0,-0.0,0.0,0.0,0.0373268873441294,0.0,0.0,0.0,0.0,0.0,0.0,0.5405920421764963,0,0,0,0,0,0,0,0,0,0,kept_final_floor,0.9653443694114684,0.03465561196208,0.0051007331348955,0,0,0,0,0,0,0.0,0.0,0.0,1,0,0,0,0,0,0.0555539290420708
141,1,96/14,96,14,20,18,6.6494,7.3161,20,round_start,0,0.0291737616062164,0.0035546687431633,0.0,-0.0,0.0,0.0,0.0373268873441294,0.0,0.0,0.0,0.0,0.0,0.0,0.8789094500625592,0,0,0,0,0,0,0,0,0,0,kept_final_floor,0.9672715067863464,0.0327284298837184,0.0035546687431633,0,0,0,0,0,0,0.0,0.0,0.0,1,0,0,0,0,0,0.0515809136442838
141,2,96/26,96,26,20,9,6.7497,7.4164,20,round_start,0,0.020501721650362,0.0029369443655014,0.0,-0.0,0.0,0.0,0.0373268873441294,0.0,0.0,0.0,0.0,0.0,0.0,0.6708253001834126,0,0,0,0,0,0,0,0,0,0,kept_final_floor,0.9765613079071044,0.0234386660158634,0.0029369443655014,0,0,0,0,0,0,0.0,0.0,0.0,1,0,0,0,0,0,0.037213860079646
141,3,96/2,96,2,20,20,6.666,7.3327,20,round_start,0,0.0190766397863626,0.0024815255310386,0.0,-0.0,0.0,0.0,0.0373268873441294,0.0,0.0,0.0,0.0,0.0,0.0,0.9030393448719234,0,0,0,0,0,0,0,0,0,0,kept_final_floor,0.9784418940544128,0.0215581655502319,0.0024815255310386,0,0,0,0,0,0,0.0,0.0,0.0,1,0,0,0,0,0,0.0340743158478288
141,4,96/3,96,3,20,20,6.666,7.3327,20,round_start,0,0.0190766397863626,0.0024815255310386,0.0,-0.0,0.0,0.0,0.0373268873441294,0.0,0.0,0.0,0.0,0.0,0.0,0.9030393448719234,0,0,0,0,0,0,0,0,0,0,kept_final_floor,0.9784418940544128,0.0215581655502319,0.0024815255310386,0,0,0,0,0,0,0.0,0.0,0.0,1,0,0,0,0,0,0.0340743158478288
142,0,96/36,96,36,21,0,7.116666667,7.783366667,21,round_start,1,0.6677322387695312,0.2663655281066894,0.0,0.351173993945,0.6303748762222222,0.0,0.0373268873441294,0.0,0.0,0.0,0.0,1.0,0.0,0.1051656545013589,1,2,0,2,1,2,0,2,1,2,kept_final_floor,0.0659021809697151,0.9340977668762208,0.2663655281066894,1,1,1,1,1,0,0.0,0.0,0.0,1,1,0,1,0,1,2.270935853322347
142,1,96/14,96,14,21,19,6.9827,7.6494,21,round_start,0,0.0260380171239376,0.0033092168159782,0.0,-0.0,0.0,0.0,0.0373268873441294,0.0,0.0,0.0,0.0,0.0,0.0,0.8916440170006595,0,0,0,0,0,0,0,0,0,0,kept_final_floor,0.97065269947052,0.0293472334742546,0.0033092168159782,0,0,0,0,0,0,0.0,0.0,0.0,1,0,0,0,0,0,0.0463373026810584
142,2,96/30,96,30,21,7,7.166433333,7.833133333,21,round_start,0,0.0248755309730768,0.0039519653655588,0.0,-0.0,0.0,0.0,0.0373268873441294,0.0,0.0,0.0,0.0,0.0,0.0,0.5889059807441377,0,0,0,0,0,0,0,0,0,0,kept_final_floor,0.9711724519729614,0.0288274958729743,0.0039519653655588,0,0,0,0,0,0,0.0,0.0,0.0,1,0,0,0,0,0,0.0460076202638445
142,3,96/26,96,26,21,10,7.083,7.7497,21,round_start,0,0.0195366088300943,0.0027117566205561,0.0,-0.0,0.0,0.0,0.0373268873441294,0.0,0.0,0.0,0.0,0.0,0.0,0.7054431729349123,0,0,0,0,0,0,0,0,0,0,kept_final_floor,0.9777516722679138,0.0222483649849891,0.0027117566205561,0,0,0,0,0,0,0.0,0.0,0.0,1,0,0,0,0,0,0.0352707778103648
142,4,96/3,96,3,21,21,6.9993,7.666,21,round_start,0,0.0192029476165771,0.0025020211469382,0.0,-0.0,0.0,0.0,0.0373268873441294,0.0,0.0,0.0,0.0,0.0,0.0,0.913236275629348,0,0,0,0,0,0,0,0,0,0,kept_final_floor,0.9782950282096864,0.0217049680650234,0.0025020211469382,0,0,0,0,0,0,0.0,0.0,0.0,1,0,0,0,0,0,0.0343088679481296
142,5,96/2,96,2,21,21,6.9993,7.666,21,round_start,0,0.0191274248063564,0.00240507023409,0.0,-0.0,0.0,0.0,0.0373268873441294,0.8853894666005774,0.0,0.0,0.0,0.0,0.0,0.913236275629348,0,0,0,0,0,0,0,0,0,0,kept_final_floor,0.978467583656311,0.0215324945747852,0.00240507023409,0,0,0,0,0,0,0.0,0.0,0.0,1,0,0,0,0,0,0.0339822917245326
143,0,96/36,96,36,22,1,7.449966667,8.116666667,22,round_start,1,0.3714974522590637,0.6177149415016174,0.0,0.3723325514805,0.2394736842049999,1.0,0.1703356951074889,0.9573004262255868,0.1630624335278307,0.9272098799376368,0.0,2.0,0.6738277442928575,0.1992714941160186,2,3,0,3,2,3,0,3,2,3,kept_final_floor,0.0107875997200608,0.9892123937606812,0.6177149415016174,2,2,2,2,0,1,0.0,0.0,0.0,1,1,1,1,1,1,4.3966514145615765
143,1,96/14,96,14,22,20,7.316,7.9827,22,round_start,0,0.0239790044724941,0.0031176535412669,0.0,-0.0,0.0,0.0,0.0373268873441294,0.0,0.0,0.0,0.0,0.0,0.0,0.9030393448719234,0,0,0,0,0,0,0,0,0,0,kept_final_floor,0.972903311252594,0.0270966589450836,0.0031176535412669,0,0,0,0,0,0,0.0,0.0,0.0,1,0,0,0,0,0,0.0428273444995283
143,2,96/30,96,30,22,8,7.499733333,8.166433333,22,round_start,0,0.0221304781734943,0.0033112706150859,0.0,-0.0,0.0,0.0,0.0373268873441294,0.0,0.0,0.0,0.0,0.0,0.0,0.6321389523407747,0,0,0,0,0,0,0,0,0,0,kept_final_floor,0.9745582938194276,0.0254417490214109,0.0033112706150859,0,0,0,0,0,0,0.0,0.0,0.0,1,0,0,0,0,0,0.0404805126134304
143,3,96/3,96,3,22,22,7.3326,7.9993,22,round_start,0,0.0193257834762334,0.0025227589067071,0.0,-0.0,0.0,0.0,0.0373268873441294,0.0,0.0,0.0,0.0,0.0,0.0,0.9223608394897632,0,0,0,0,0,0,0,0,0,0,kept_final_floor,0.9781514406204224,0.0218485426157712,0.0025227589067071,0,0,0,0,0,0,0.0,0.0,0.0,1,0,0,0,0,0,0.0345387448091057
143,4,96/26,96,26,22,11,7.4163,8.083,22,round_start,0,0.0189779419451951,0.0025749960914254,0.0,-0.0,0.0,0.0,0.0373268873441294,0.0,0.0,0.0,0.0,0.0,0.0,0.7364204344410559,0,0,0,0,0,0,0,0,0,0,kept_final_floor,0.9784471392631532,0.0215529389679431,0.0025749960914254,0,0,0,0,0,0,0.0,0.0,0.0,1,0,0,0,0,0,0.0341319043189285
143,5,96/2,96,2,22,22,7.3326,7.9993,22,round_start,0,0.018864557147026,0.0023545017465949,0.0,-0.0,0.0,0.0,0.0373268873441294,0.894356808299492,0.0,0.0,0.0,0.0,0.0,0.9223608394897632,0,0,0,0,0,0,0,0,0,0,kept_final_floor,0.97878098487854,0.0212190598249435,0.0023545017465949,0,0,0,0,0,0,0.0,0.0,0.0,1,0,0,0,0,0,0.0334767395630477
144,0,96/36,96,36,23,2,7.783266667,8.449966667,23,round_start,1,0.1698224544525146,0.8267661929130554,0.0,0.3962032396781499,0.2303896827925925,1.0,0.5208628796406506,0.9537091295101124,0.4967516835362153,0.978195755534701,0.0,2.0,0.6666666666666666,0.2834806315152027,2,3,3,3,2,3,3,3,2,3,kept_final_floor,0.0034114173613488,0.99658864736557,0.8267661929130554,2,2,2,2,0,1,0.0,1.0,1.0,1,1,1,1,1,1,4.851815061622195
144,1,96/3,96,3,23,23,7.6659,8.3326,23,round_start,1,0.0246784966439008,0.0029796506278216,0.0,-0.0,0.0,0.0,0.0373268873441294,0.0,0.0,0.0,0.0,1.0,0.0,0.9305258126197584,0,0,2,2,0,0,2,2,0,0,kept_final_floor,0.9723418354988098,0.0276581477373838,0.0029796506278216,0,0,0,0,0,0,1.0,0.0,0.5,1,1,1,0,0,1,0.6602396430137254
144,2,96/14,96,14,23,21,7.6493,8.316,23,round_start,0,0.0226440522819757,0.0029801216442137,0.0,-0.0,0.0,0.0,0.0373268873441294,0.0,0.0,0.0,0.0,0.0,0.0,0.913236275629348,0,0,0,0,0,0,0,0,0,0,kept_final_floor,0.9743759036064148,0.0256241746246814,0.0029801216442137,0,0,0,0,0,0,0.0,0.0,0.0,1,0,0,0,0,0,0.0405223460402336
144,3,96/30,96,30,23,9,7.833033333,8.499733333,23,round_start,0,0.020501721650362,0.0029369443655014,0.0,-0.0,0.0,0.0,0.0373268873441294,0.0,0.0,0.0,0.0,0.0,0.0,0.6708253001834127,0,0,0,0,0,0,0,0,0,0,kept_final_floor,0.9765613079071044,0.0234386660158634,0.0029369443655014,0,0,0,0,0,0,0.0,0.0,0.0,1,0,0,0,0,0,0.037213860079646
144,4,96/26,96,26,23,12,7.7496,8.4163,23,round_start,0,0.0186743289232254,0.002493135863915,0.0,-0.0,0.0,0.0,0.0373268873441294,0.0,0.0,0.0,0.0,0.0,0.0,0.764139951966246,0,0,0,0,0,0,0,0,0,0,kept_final_floor,0.9788326025009156,0.0211674645543098,0.002493135863915,0,0,0,0,0,0,0.0,0.0,0.0,1,0,0,0,0,0,0.0334963922854511
144,5,96/2,96,2,23,23,7.6659,8.3326,23,round_start,0,0.018694519996643,0.0023340720217674,0.0,-0.0,0.0,0.0,0.0373268873441294,0.9050805625854946,0.0,0.0,0.0,0.0,0.0,0.9305258126197584,0,0,0,0,0,0,0,0,0,0,kept_final_floor,0.9789713621139526,0.0210285913199186,0.0023340720217674,0,0,0,0,0,0,0.0,0.0,0.0,1,0,0,0,0,0,0.0331767384428527
145,0,96/36,96,36,24,3,8.116566667,8.783266667,24,round_start,1,0.1206158846616745,0.8775660395622253,0.0,0.421460863325945,0.5934992934074074,1.0,0.8519843315002158,0.9632833092397864,0.820702286267975,0.9927107976380828,0.0,2.0,0.8808180750957647,0.3588338598648066,2,3,3,3,2,3,3,3,2,3,kept_final_floor,0.0018181386403739,0.998181939125061,0.8775660395622253,2,2,2,2,0,1,0.0,1.0,1.0,1,1,1,1,1,1,5.000648045460584
145,1,96/3,96,3,24,24,7.9992,8.6659,24,round_start,0,0.0235197190195322,0.0029602497816085,0.0,-0.0,0.0,0.0,0.0373268873441294,0.0,0.0,0.0,0.0,0.0,0.0,0.9378321110065516,0,0,0,0,0,0,0,0,0,0,kept_final_floor,0.973520040512085,0.0264799688011407,0.0029602497816085,0,0,0,0,0,0,0.0,0.0,0.0,1,0,0,0,0,0,0.041792128048837
145,2,96/14,96,14,24,22,7.9826,8.6493,24,round_start,0,0.0217728782445192,0.0028838638681918,0.0,-0.0,0.0,0.0,0.0373268873441294,0.0,0.0,0.0,0.0,0.0,0.0,0.9223608394897632,0,0,0,0,0,0,0,0,0,0,kept_final_floor,0.9753433465957642,0.024656742811203,0.0028838638681918,0,0,0,0,0,0,0.0,0.0,0.0,1,0,0,0,0,0,0.0390038178768007
145,3,96/30,96,30,24,10,8.166333333,8.833033333,24,round_start,0,0.0195366088300943,0.0027117566205561,0.0,-0.0,0.0,0.0,0.0373268873441294,0.0,0.0,0.0,0.0,0.0,0.0,0.7054431729349123,0,0,0,0,0,0,0,0,0,0,kept_final_floor,0.9777516722679138,0.0222483649849891,0.0027117566205561,0,0,0,0,0,0,0.0,0.0,0.0,1,0,0,0,0,0,0.0352707778103648
145,4,96/2,96,2,24,24,7.9992,8.6659,24,round_start,0,0.0185941755771636,0.0024100567679852,0.0,-0.0,0.0,0.0,0.0373268873441294,0.0,0.0,0.0,0.0,0.0,0.0,0.9378321110065516,0,0,0,0,0,0,0,0,0,0,kept_final_floor,0.9789957404136658,0.0210042316466569,0.0024100567679852,0,0,0,0,0,0,0.0,0.0,0.0,1,0,0,0,0,0,0.0331933882553128
145,5,96/26,96,26,24,13,8.0829,8.7496,24,round_start,0,0.0185337178409099,0.0024466270115226,0.0,-0.0,0.0,0.0,0.0373268873441294,0.0,0.0,0.0,0.0,0.0,0.0,0.7889443282884376,0,0,0,0,0,0,0,0,0,0,kept_final_floor,0.979019582271576,0.0209803450852632,0.0024466270115226,0,0,0,0,0,0,0.0,0.0,0.0,1,0,0,0,0,0,0.0331831561867145
146,0,96/36,96,36,25,4,8.449866667,9.116566667,25,round_start,1,0.1348975598812103,0.8636096119880676,1.0,0.4486172805362834,0.6746011693333333,1.0,0.9682316236900508,0.9541640130498812,0.9238517716219012,0.9935037928118792,0.0,2.0,0.8808180750957647,0.4262625166362342,2,3,3,3,2,3,3,3,2,3,kept_final_floor,0.0014927592128515,0.9985071420669556,0.8636096119880676,2,2,2,2,0,1,0.0,1.0,1.0,1,1,1,1,1,1,4.992159412800537
146,1,96/39,96,39,25,0,8.333333333,9.000033333,25,round_start,0,0.2492431551218032,0.1664405465126037,0.0,-0.0,0.0,0.0,0.0373268873441294,0.0,0.0,0.0,0.0,0.0,0.0,0.1051656545013587,0,0,0,0,0,0,0,0,0,0,kept_final_floor,0.5843162536621094,0.4156836867332458,0.1664405465126037,0,0,0,0,0,0,0.0,0.0,0.0,1,1,0,1,0,0,0.740033935010433
146,2,96/3,96,3,25,25,8.3325,8.9992,25,round_start,0,0.0224534254521131,0.0028976721223443,0.0,-0.0,0.0,0.0,0.0373268873441294,0.0,0.0,0.0,0.0,0.0,0.0,0.9443700377415152,0,0,0,0,0,0,0,0,0,0,kept_final_floor,0.974648892879486,0.0253510978072881,0.0028976721223443,0,0,0,0,0,0,0.0,0.0,0.0,1,0,0,0,0,0,0.0400550168473271
146,3,96/14,96,14,25,23,8.3159,8.9826,25,round_start,0,0.0212029591202735,0.0028175476472824,0.0,-0.0,0.0,0.0,0.0373268873441294,0.0,0.0,0.0,0.0,0.0,0.0,0.9305258126197584,0,0,0,0,0,0,0,0,0,0,kept_final_floor,0.9759794473648072,0.0240205060690641,0.0028175476472824,0,0,0,0,0,0,0.0,0.0,0.0,1,0,0,0,0,0,0.0380030435044315
146,4,96/30,96,30,25,11,8.499633333,9.166333333,25,round_start,0,0.0189779419451951,0.0025749960914254,0.0,-0.0,0.0,0.0,0.0373268873441294,0.0,0.0,0.0,0.0,0.0,0.0,0.7364204344410559,0,0,0,0,0,0,0,0,0,0,kept_final_floor,0.9784471392631532,0.0215529389679431,0.0025749960914254,0,0,0,0,0,0,0.0,0.0,0.0,1,0,0,0,0,0,0.0341319043189285
146,5,96/2,96,2,25,25,8.3325,8.9992,25,round_start,0,0.0189372897148132,0.0024876543320715,0.0,-0.0,0.0,0.0,0.0373268873441294,0.0,0.0,0.0,0.0,0.0,0.0,0.9443700377415152,0,0,0,0,0,0,0,0,0,0,kept_final_floor,0.9785749912261964,0.0214249435812234,0.0024876543320715,0,0,0,0,0,0,0.0,0.0,0.0,1,0,0,0,0,0,0.0338787741027771
146,6,96/26,96,26,25,14,8.4162,9.0829,25,round_start,0,0.0184981450438499,0.0024234533775597,0.0,-0.0,0.0,0.0,0.0373268873441294,0.0,0.0,0.0,0.0,0.0,0.0,0.811140136140208,0,0,0,0,0,0,0,0,0,0,kept_final_floor,0.9790783524513244,0.0209215991199016,0.0024234533775597,0,0,0,0,0,0,0.0,0.0,0.0,1,0,0,0,0,0,0.0330788149964061
147,0,96/36,96,36,26,5,8.783166667,9.449866667,26,round_start,1,0.0975828766822815,0.9010398387908936,1.0,0.4591646841223851,0.0,1.0,0.9938415336887524,0.9373924897236166,0.9316195896552372,0.9915396529211924,0.0,2.0,0.880818075095765,0.4865999945861472,2,3,3,3,2,3,3,3,2,3,kept_final_floor,0.0013772477395832,0.998622715473175,0.9010398387908936,2,2,2,2,0,1,0.0,1.0,1.0,1,1,1,1,1,1,5.016569747077675
147,1,96/39,96,39,26,1,8.666633333,9.333333333,26,round_start,0,0.1728147715330124,0.0845771729946136,0.0,-0.0,0.0,0.0,0.0373268873441294,0.0,0.0,0.0,0.0,0.0,0.0,0.1992714941160184,0,0,0,0,0,0,0,0,0,0,kept_final_floor,0.7426080107688904,0.2573919296264648,0.0845771729946136,0,0,0,0,0,0,0.0,0.0,0.0,1,0,0,0,0,0,0.4452919378876685
147,2,96/3,96,3,26,26,8.6658,9.3325,26,round_start,0,0.0217308774590492,0.0028443722985684,0.0,-0.0,0.0,0.0,0.0373268873441294,0.0,0.0,0.0,0.0,0.0,0.0,0.9502203991323148,0,0,0,0,0,0,0,0,0,0,kept_final_floor,0.9754247665405272,0.024575250223279,0.0028443722985684,0,0,0,0,0,0,0.0,0.0,0.0,1,0,0,0,0,0,0.0388539352454242
147,3,96/14,96,14,26,24,8.6492,9.3159,26,round_start,0,0.0208322629332542,0.002772725187242,0.0,-0.0,0.0,0.0,0.0373268873441294,0.0,0.0,0.0,0.0,0.0,0.0,0.9378321110065514,0,0,0,0,0,0,0,0,0,0,kept_final_floor,0.9763950109481812,0.0236049890518188,0.002772725187242,0,0,0,0,0,0,0.0,0.0,0.0,1,0,0,0,0,0,0.0373483898118137
147,4,96/30,96,30,26,12,8.832933333,9.499633333,26,round_start,0,0.0186743289232254,0.002493135863915,0.0,-0.0,0.0,0.0,0.0373268873441294,0.0,0.0,0.0,0.0,0.0,0.0,0.7641399519662461,0,0,0,0,0,0,0,0,0,0,kept_final_floor,0.9788326025009156,0.0211674645543098,0.002493135863915,0,0,0,0,0,0,0.0,0.0,0.0,1,0,0,0,0,0,0.0334963922854511
147,5,96/26,96,26,26,15,8.7495,9.4162,26,round_start,0,0.018530273810029,0.0024159459862858,0.0,-0.0,0.0,0.0,0.0373268873441294,0.0,0.0,0.0,0.0,0.0,0.0,0.8310017073320606,0,0,0,0,0,0,0,0,0,0,kept_final_floor,0.9790537357330322,0.0209462195634841,0.0024159459862858,0,0,0,0,0,0,0.0,0.0,0.0,1,0,0,0,0,0,0.0331104918848722
148,0,96/36,96,36,27,6,9.116466667,9.783166667,27,round_start,1,0.0817939341068267,0.9168660044670104,1.0,0.4623289051982155,0.0,1.0,0.9988310736605476,0.9470661284348844,0.9459590778921536,0.9928703961102626,0.0,2.0,0.927079313527524,0.5405920421764963,2,3,3,3,2,3,3,3,2,3,kept_final_floor,0.0013400281313806,0.9986599683761596,0.9168660044670104,2,2,2,2,0,1,0.0,1.0,1.0,1,1,1,1,1,1,5.049852198185311
148,1,96/39,96,39,27,2,8.999933333,9.666633333,27,round_start,0,0.115038551390171,0.0417382344603538,0.0,-0.0,0.0,0.0,0.0373268873441294,0.0,0.0,0.0,0.0,0.0,0.0,0.2834806315152026,0,0,0,0,0,0,0,0,0,0,kept_final_floor,0.8432232141494751,0.1567767858505249,0.0417382344603538,0,0,0,0,0,0,0.0,0.0,0.0,1,0,0,0,0,0,0.2643819428980348
148,2,96/3,96,3,27,27,8.9991,9.6658,27,round_start,0,0.02125677280128,0.0028052730485796,0.0,-0.0,0.0,0.0,0.0373268873441294,0.0,0.0,0.0,0.0,0.0,0.0,0.9554555034383811,0,0,0,0,0,0,0,0,0,0,kept_final_floor,0.9759379029273988,0.0240620449185371,0.0028052730485796,0,0,0,0,0,0,0.0,0.0,0.0,1,0,0,0,0,0,0.0380567599087951
148,3,96/14,96,14,27,25,8.9825,9.6492,27,round_start,0,0.0204796008765697,0.0026595580857247,0.0,-0.0,0.0,0.0,0.0373268873441294,0.5998550724637682,0.0,0.0,0.0,0.0,0.0,0.9443700377415152,0,0,0,0,0,0,0,0,0,0,kept_final_floor,0.9768608808517456,0.0231391582638025,0.0026595580857247,0,0,0,0,0,0,0.0,0.0,0.0,1,0,0,0,0,0,0.0365704291034488
148,4,96/26,96,26,27,16,9.0828,9.7495,27,round_start,0,0.0186054371297359,0.0024190000258386,0.0,-0.0,0.0,0.0,0.0373268873441294,0.0,0.0,0.0,0.0,0.0,0.0,0.8487745233900966,0,0,0,0,0,0,0,0,0,0,kept_final_floor,0.978975474834442,0.0210244376212358,0.0024190000258386,0,0,0,0,0,0,0.0,0.0,0.0,1,0,0,0,0,0,0.0332299557514487
148,5,96/30,96,30,27,13,9.166233333,9.832933333,27,round_start,0,0.0185337178409099,0.0024466270115226,0.0,-0.0,0.0,0.0,0.0373268873441294,0.0,0.0,0.0,0.0,0.0,0.0,0.7889443282884377,0,0,0,0,0,0,0,0,0,0,kept_final_floor,0.979019582271576,0.0209803450852632,0.0024466270115226,0,0,0,0,0,0,0.0,0.0,0.0,1,0,0,0,0,0,0.0331831561867145
149,0,96/26,96,26,28,17,9.4161,10.0828,28,round_start,0,0.023761237040162,0.0028467874508351,0.0,-0.0,0.0,0.0,0.0373268873441294,0.0,0.0,0.0,0.0,1.0,0.0,0.864678249615057,0,0,0,0,0,0,0,0,0,0,kept_final_floor,0.9733920693397522,0.0266080237925052,0.0028467874508351,0,0,0,0,0,0,0.0,0.0,0.0,1,0,0,0,0,0,0.4919047879520802
149,1,96/30,96,30,28,14,9.499533333,10.16623333,28,round_start,0,0.0235376544296741,0.0028448780067265,0.0,-0.0,0.0,0.0,0.0373268873441294,0.0,0.0,0.0,0.0,1.0,0.0,0.8111401360457782,0,0,0,0,0,0,0,0,0,0,kept_final_floor,0.9736175537109376,0.0263825319707393,0.0028448780067265,0,0,0,0,0,0,0.0,0.0,0.0,1,0,0,0,0,0,0.4915652132593094
149,2,96/39,96,39,28,3,9.333233333,9.999933333,28,round_start,0,0.0759336352348327,0.0212122071534395,0.0,-0.0,0.0,0.0,0.0373268873441294,0.0,0.0,0.0,0.0,0.0,0.0,0.3588338598648065,0,0,0,0,0,0,0,0,0,0,kept_final_floor,0.9028542041778564,0.0971458405256271,0.0212122071534395,0,0,0,0,0,0,0.0,0.0,0.0,1,0,0,0,0,0,0.1605673085898159
149,3,96/3,96,3,28,28,9.3324,9.9991,28,round_start,0,0.0209469925612211,0.0027780849486589,0.0,-0.0,0.0,0.0,0.0373268873441294,0.0,0.0,0.0,0.0,0.0,0.0,0.9601400545737174,0,0,0,0,0,0,0,0,0,0,kept_final_floor,0.9762749075889589,0.02372507750988,0.0027780849486589,0,0,0,0,0,0,0.0,0.0,0.0,1,0,0,0,0,0,0.0375322757288812
149,4,96/14,96,14,28,26,9.3158,9.9825,28,round_start,0,0.0199895985424518,0.0025788301136344,0.0,-0.0,0.0,0.0,0.0373268873441294,0.5998550724637682,0.0,0.0,0.0,0.0,0.0,0.9502203991323148,0,0,0,0,0,0,0,0,0,0,kept_final_floor,0.97743159532547,0.0225684288889169,0.0025788301136344,0,0,0,0,0,0,0.0,0.0,0.0,1,0,0,0,0,0,0.0356578240636733
150,0,96/26,96,26,29,18,9.7494,10.4161,29,round_start,1,0.0288206618279218,0.0033162776380777,0.0,-0.0,0.0,0.0,0.0373268873441294,0.0,0.0,0.0,0.0,1.0,0.0,0.878909450062559,0,0,2,2,0,0,2,2,0,0,kept_final_floor,0.9678630232810974,0.0321369394659996,0.0033162776380777,0,0,0,0,0,0,1.0,0.0,0.5,1,1,1,0,0,1,0.6671934702123202
150,1,96/3,96,3,29,29,9.6657,10.3324,29,round_start,1,0.0263806283473968,0.0032417515758424,0.0,-0.0,0.0,0.0,0.0373268873441294,0.0,0.0,0.0,0.0,1.0,0.0,0.9643319518228608,0,0,2,2,0,0,2,2,0,0,kept_final_floor,0.9703776240348816,0.0296223796904087,0.0032417515758424,0,0,0,0,0,0,1.0,0.0,0.5,1,1,1,0,0,1,0.6633694626546152
150,2,96/39,96,39,29,4,9.666533333,10.33323333,29,round_start,0,0.0517732016742229,0.0117296585813164,0.0,-0.0,0.0,0.0,0.0373268873441294,0.0,0.0,0.0,0.0,0.0,0.0,0.4262625163493654,0,0,0,0,0,0,0,0,0,0,kept_final_floor,0.9364970922470092,0.0635028630495071,0.0117296585813164,0,0,0,0,0,0,0.0,0.0,0.0,1,0,0,0,0,0,0.1034650513902304
150,3,96/30,96,30,29,15,9.832833333,10.49953333,29,round_start,0,0.0222666263580322,0.0027847259771078,0.0,-0.0,0.0,0.0,0.0373268873441294,0.0,0.0,0.0,0.0,0.0,0.0,0.8310017071630624,0,0,0,0,0,0,0,0,0,0,kept_final_floor,0.9749487042427064,0.0250513516366481,0.0027847259771078,0,0,0,0,0,0,0.0,0.0,0.0,1,0,0,0,0,0,0.0395263366866854
150,4,96/14,96,14,29,27,9.6491,10.3158,29,round_start,0,0.0197243466973304,0.0026042545214295,0.0,-0.0,0.0,0.0,0.0373268873441294,0.0,0.0,0.0,0.0,0.0,0.0,0.9554555034383811,0,0,0,0,0,0,0,0,0,0,kept_final_floor,0.9776713848114014,0.0223286002874374,0.0026042545214295,0,0,0,0,0,0,0.0,0.0,0.0,1,0,0,0,0,0,0.0353158799931404
151,0,96/26,96,26,30,19,10.0827,10.7494,30,round_start,1,0.0335947349667549,0.003805968677625,0.0,-0.0,0.0,0.0,0.0373268873441294,0.0,0.0,0.0,0.0,1.0,0.0,0.8916440170006595,0,0,2,2,0,0,2,2,0,0,kept_final_floor,0.962599277496338,0.0374007038772106,0.003805968677625,0,0,0,0,0,0,1.0,0.0,0.5,1,1,1,0,0,1,0.675431900207574
151,1,96/3,96,3,30,30,9.999,10.6657,30,round_start,1,0.0317668654024601,0.0037622137460857,0.0,-0.0,0.0,0.0,0.0373268873441294,0.0,0.0,0.0,0.0,1.0,0.0,0.9680830054541956,0,0,2,2,0,0,2,2,0,0,kept_final_floor,0.9644709825515748,0.0355290807783603,0.0037622137460857,0,0,0,0,0,0,1.0,0.0,0.5,1,1,1,0,0,1,0.6725938350117453
151,2,96/39,96,39,30,5,9.999833333,10.66653333,30,round_start,0,0.0376554019749164,0.0072881979867815,0.0,-0.0,0.0,0.0,0.0373268873441294,0.0,0.0,0.0,0.0,0.0,0.0,0.4865999940727471,0,0,0,0,0,0,0,0,0,0,kept_final_floor,0.9550564289093018,0.0449436008930206,0.0072881979867815,0,0,0,0,0,0,0.0,0.0,0.0,1,0,0,0,0,0,0.0725171385332939
151,3,96/30,96,30,30,16,10.16613333,10.83283333,30,round_start,0,0.0211960654705762,0.0027041512075811,0.0,-0.0,0.0,0.0,0.0373268873441294,0.0,0.0,0.0,0.0,0.0,0.0,0.8487745232388713,0,0,0,0,0,0,0,0,0,0,kept_final_floor,0.9760998487472534,0.0239002164453268,0.0027041512075811,0,0,0,0,0,0,0.0,0.0,0.0,1,0,0,0,0,0,0.0377432308625427
151,4,96/14,96,14,30,28,9.9824,10.6491,30,round_start,0,0.0198336225003004,0.0026388259138911,0.0,-0.0,0.0,0.0,0.0373268873441294,0.0,0.0,0.0,0.0,0.0,0.0,0.9601400545737174,0,0,0,0,0,0,0,0,0,0,kept_final_floor,0.9775275588035583,0.0224724486470222,0.0026388259138911,0,0,0,0,0,0,0.0,0.0,0.0,1,0,0,0,0,0,0.035555850761011
152,0,96/26,96,26,31,20,10.416,11.0827,31,round_start,0,0.038044486194849,0.0043035321868956,0.0,-0.0,0.0,0.0,0.0373268873441294,0.0,0.0,0.0,0.0,1.0,0.0,0.9030393448719232,0,0,0,0,0,0,0,0,0,0,kept_final_floor,0.9576519727706908,0.0423480197787284,0.0043035321868956,0,0,0,0,0,0,0.0,0.0,0.0,1,0,0,0,0,0,0.5165345001034438
152,1,96/39,96,39,31,6,10.33313333,10.99983333,31,round_start,0,0.0295548774302005,0.0051007331348955,0.0,-0.0,0.0,0.0,0.0373268873441294,0.0,0.0,0.0,0.0,0.0,0.0,0.5405920417170881,0,0,0,0,0,0,0,0,0,0,kept_final_floor,0.9653443694114684,0.03465561196208,0.0051007331348955,0,0,0,0,0,0,0.0,0.0,0.0,1,0,0,0,0,0,0.0555539290420708
152,2,96/3,96,3,31,31,10.3323,10.999,31,round_start,0,0.0287719368934631,0.0036328511778265,0.0,-0.0,0.0,0.0,0.0373268873441294,0.0,0.0,0.0,0.0,0.0,0.0,0.9714395770753216,0,0,0,0,0,0,0,0,0,0,kept_final_floor,0.9675951600074768,0.032404787838459,0.0036328511778265,0,0,0,0,0,0,0.0,0.0,0.0,1,0,0,0,0,0,0.0511501779314129
152,3,96/30,96,30,31,17,10.49943333,11.16613333,31,round_start,0,0.0203686691820621,0.0025626847054809,0.0,-0.0,0.0,0.0,0.0373268873441294,0.599765625,0.0,0.0,0.0,0.0,0.0,0.8646782494797354,0,0,0,0,0,0,0,0,0,0,kept_final_floor,0.9770686030387878,0.0229313541203737,0.0025626847054809,0,0,0,0,0,0,0.0,0.0,0.0,1,0,0,0,0,0,0.0361909101251511
152,4,96/14,96,14,31,29,10.3157,10.9824,31,round_start,0,0.0199527833610773,0.0026626514736562,0.0,-0.0,0.0,0.0,0.0373268873441294,0.0,0.0,0.0,0.0,0.0,0.0,0.9643319518228608,0,0,0,0,0,0,0,0,0,0,kept_final_floor,0.9773845076560974,0.0226154346019029,0.0026626514736562,0,0,0,0,0,0,0.0,0.0,0.0,1,0,0,0,0,0,0.0357870082836595
153,0,96/45,96,45,32,0,10.58333333,11.25003333,32,round_start,0,0.2492431551218032,0.1664405465126037,0.0,-0.0,0.0,0.0,0.0373268873441294,0.0,0.0,0.0,0.0,0.0,0.0,0.1051656545013589,0,0,0,0,0,0,0,0,0,0,kept_final_floor,0.5843162536621094,0.4156836867332458,0.1664405465126037,0,0,0,0,0,0,0.0,0.0,0.0,1,1,0,1,0,0,0.740033935010433
153,1,96/26,96,26,32,21,10.7493,11.416,32,round_start,0,0.0421709455549716,0.004801558330655,0.0,-0.0,0.0,0.0,0.0373268873441294,0.0,0.0,0.0,0.0,1.0,0.0,0.913236275629348,0,0,0,0,0,0,0,0,0,0,kept_final_floor,0.9530274868011476,0.0469725057482719,0.004801558330655,0,0,0,0,0,0,0.0,0.0,0.0,1,0,0,0,0,0,0.5238198466598984
153,2,96/3,96,3,32,32,10.6656,11.3323,32,round_start,0,0.0262380205094814,0.0034358326811343,0.0,-0.0,0.0,0.0,0.0373268873441294,0.0,0.0,0.0,0.0,0.0,0.0,0.9744431526450308,0,0,0,0,0,0,0,0,0,0,kept_final_floor,0.9703262448310852,0.0296738538891077,0.0034358326811343,0,0,0,0,0,0,0.0,0.0,0.0,1,0,0,0,0,0,0.0469158626627175
153,3,96/39,96,39,32,7,10.66643333,11.33313333,32,round_start,0,0.0248755309730768,0.0039519653655588,0.0,-0.0,0.0,0.0,0.0373268873441294,0.0,0.0,0.0,0.0,0.0,0.0,0.5889059803330434,0,0,0,0,0,0,0,0,0,0,kept_final_floor,0.9711724519729614,0.0288274958729743,0.0039519653655588,0,0,0,0,0,0,0.0,0.0,0.0,1,0,0,0,0,0,0.0460076202638445
153,4,96/14,96,14,32,30,10.649,11.3157,32,round_start,0,0.020050574094057,0.0026792909484356,0.0,-0.0,0.0,0.0,0.0373268873441294,0.0,0.0,0.0,0.0,0.0,0.0,0.9680830054541956,0,0,0,0,0,0,0,0,0,0,kept_final_floor,0.9772701859474182,0.0227298643440008,0.0026792909484356,0,0,0,0,0,0,0.0,0.0,0.0,1,0,0,0,0,0,0.0359703012276438
153,5,96/30,96,30,32,18,10.83273333,11.49943333,32,round_start,0,0.0195988100022077,0.0024643507786095,0.0,-0.0,0.0,0.0,0.0373268873441294,0.599765625,0.0,0.0,0.0,0.0,0.0,0.8789094499414686,0,0,0,0,0,0,0,0,0,0,kept_final_floor,0.9779368042945862,0.0220631603151559,0.0024643507786095,0,0,0,0,0,0,0.0,0.0,0.0,1,0,0,0,0,0,0.0348197867162524
154,0,96/45,96,45,33,1,10.91663333,11.58333333,33,round_start,0,0.1728147715330124,0.0845771729946136,0.0,-0.0,0.0,0.0,0.0373268873441294,0.0,0.0,0.0,0.0,0.0,0.0,0.1992714941160186,0,0,0,0,0,0,0,0,0,0,kept_final_floor,0.7426080107688904,0.2573919296264648,0.0845771729946136,0,0,0,0,0,0,0.0,0.0,0.0,1,0,0,0,0,0,0.4452919378876685
154,1,96/3,96,3,33,33,10.9989,11.6656,33,round_start,0,0.0244996659457683,0.0032707289792597,0.0,-0.0,0.0,0.0,0.0373268873441294,0.0,0.0,0.0,0.0,0.0,0.0,0.9771308552241076,0,0,0,0,0,0,0,0,0,0,kept_final_floor,0.9722295999526978,0.0277703944593668,0.0032707289792597,0,0,0,0,0,0,0.0,0.0,0.0,1,0,0,0,0,0,0.0439451026730237
154,2,96/39,96,39,33,8,10.99973333,11.66643333,33,round_start,0,0.0221304781734943,0.0033112706150859,0.0,-0.0,0.0,0.0,0.0373268873441294,0.0,0.0,0.0,0.0,0.0,0.0,0.6321389519729135,0,0,0,0,0,0,0,0,0,0,kept_final_floor,0.9745582938194276,0.0254417490214109,0.0033112706150859,0,0,0,0,0,0,0.0,0.0,0.0,1,0,0,0,0,0,0.0404805126134304
154,3,96/14,96,14,33,31,10.9823,11.649,33,round_start,0,0.0201317388564348,0.0026921322569251,0.0,-0.0,0.0,0.0,0.0373268873441294,0.0,0.0,0.0,0.0,0.0,0.0,0.9714395770753216,0,0,0,0,0,0,0,0,0,0,kept_final_floor,0.977176070213318,0.0228238701820373,0.0026921322569251,0,0,0,0,0,0,0.0,0.0,0.0,1,0,0,0,0,0,0.0361202992498874
155,0,115/1,115,1,0,0,0.0,0.6667,0,round_start,0,0.1708027869462967,0.1077753975987434,0.0,-0.0,0.0,0.0,0.0373268873441294,0.0,0.0,0.0,0.0,0.0,0.0,0.1051656545013588,0,0,0,0,0,0,0,0,0,0,kept_final_floor,0.7214217782020569,0.2785781919956207,0.1077753975987434,0,0,0,0,0,0,0.0,0.0,0.0,1,0,0,0,0,0,0.4933100551366805
155,1,115/3,115,3,0,0,0.0,0.6667,0,round_start,0,0.1708027869462967,0.1077753975987434,0.0,-0.0,0.0,0.0,0.0373268873441294,0.0,0.0,0.0,0.0,0.0,0.0,0.1051656545013588,0,0,0,0,0,0,0,0,0,0,kept_final_floor,0.7214217782020569,0.2785781919956207,0.1077753975987434,0,0,0,0,0,0,0.0,0.0,0.0,1,0,0,0,0,0,0.4933100551366805
155,2,115/2,115,2,0,0,0.0,0.6667,0,round_start,0,0.164592757821083,0.0991273820400238,0.0,-0.0,0.0,0.0,0.0373268873441294,0.7381877757090854,0.0,0.0,0.0,0.0,0.0,0.1051656545013588,0,0,0,0,0,0,0,0,0,0,kept_final_floor,0.7362797856330872,0.263720154762268,0.0991273820400238,0,0,0,0,0,0,0.0,0.0,0.0,1,0,0,0,0,0,0.4649693772196769
156,0,115/1,115,1,1,1,0.3333,1.0,1,round_start,0,0.1020489782094955,0.0359826646745204,0.0,-0.0,0.0,0.0,0.0373268873441294,0.0,0.0,0.0,0.0,0.0,0.0,0.1992714941160185,0,0,0,0,0,0,0,0,0,0,kept_final_floor,0.8619683384895325,0.1380316466093063,0.0359826646745204,0,0,0,0,0,0,0.0,0.0,0.0,1,0,0,0,0,0,0.2322353295981881
156,1,115/3,115,3,1,1,0.3333,1.0,1,round_start,0,0.1020489782094955,0.0359826646745204,0.0,-0.0,0.0,0.0,0.0373268873441294,0.0,0.0,0.0,0.0,0.0,0.0,0.1992714941160185,0,0,0,0,0,0,0,0,0,0,kept_final_floor,0.8619683384895325,0.1380316466093063,0.0359826646745204,0,0,0,0,0,0,0.0,0.0,0.0,1,0,0,0,0,0,0.2322353295981881
156,2,115/2,115,2,1,1,0.3333,1.0,1,round_start,0,0.0959029570221901,0.0344520062208175,0.0,-0.0,0.0,0.0,0.0373268873441294,0.0,0.0,0.0,0.0,0.0,0.0,0.1992714941160185,0,0,0,0,0,0,0,0,0,0,kept_final_floor,0.8696451187133789,0.1303549706935882,0.0344520062208175,0,0,0,0,0,0,0.0,0.0,0.0,1,0,0,0,0,0,0.2196488492190836
157,0,115/1,115,1,2,2,0.6666,1.3333,2,round_start,0,0.0701854154467582,0.0132998023182153,0.0,-0.0,0.0,0.0,0.0373268873441294,0.0,0.0,0.0,0.0,0.0,0.0,0.2834806315152026,0,0,0,0,0,0,0,0,0,0,kept_final_floor,0.916514813899994,0.0834852159023284,0.0132998023182153,0,0,0,0,0,0,0.0,0.0,0.0,1,0,0,0,0,0,0.1345376882702109
157,1,115/3,115,3,2,2,0.6666,1.3333,2,round_start,0,0.0701854154467582,0.0132998023182153,0.0,-0.0,0.0,0.0,0.0373268873441294,0.0,0.0,0.0,0.0,0.0,0.0,0.2834806315152026,0,0,0,0,0,0,0,0,0,0,kept_final_floor,0.916514813899994,0.0834852159023284,0.0132998023182153,0,0,0,0,0,0,0.0,0.0,0.0,1,0,0,0,0,0,0.1345376882702109
157,2,115/2,115,2,2,2,0.6666,1.3333,2,round_start,0,0.06682138890028,0.0130861932411789,0.0,-0.0,0.0,0.0,0.0373268873441294,0.0,0.0,0.0,0.0,0.0,0.0,0.2834806315152026,0,0,0,0,0,0,0,0,0,0,kept_final_floor,0.9200923442840576,0.0799075812101364,0.0130861932411789,0,0,0,0,0,0,0.0,0.0,0.0,1,0,0,0,0,0,0.1290217084810135
158,0,115/1,115,1,3,3,0.9999,1.6666,3,round_start,0,0.0512931570410728,0.0055968589149415,0.0,-0.0,0.0,0.0,0.0373268873441294,0.0,0.0,0.0,0.0,0.0,0.0,0.3588338598648067,0,0,0,0,0,0,0,0,0,0,kept_final_floor,0.9431099891662598,0.0568900145590305,0.0055968589149415,0,0,0,0,0,0,0.0,0.0,0.0,1,0,0,0,0,0,0.0892528251744805
158,1,115/3,115,3,3,3,0.9999,1.6666,3,round_start,0,0.0512931570410728,0.0055968589149415,0.0,-0.0,0.0,0.0,0.0373268873441294,0.0,0.0,0.0,0.0,0.0,0.0,0.3588338598648067,0,0,0,0,0,0,0,0,0,0,kept_final_floor,0.9431099891662598,0.0568900145590305,0.0055968589149415,0,0,0,0,0,0,0.0,0.0,0.0,1,0,0,0,0,0,0.0892528251744805
158,2,115/2,115,2,3,3,0.9999,1.6666,3,round_start,0,0.0496859736740589,0.0055936062708497,0.0,-0.0,0.0,0.0,0.0373268873441294,0.0,0.0,0.0,0.0,0.0,0.0,0.3588338598648067,0,0,0,0,0,0,0,0,0,0,kept_final_floor,0.9447203874588012,0.055279579013586,0.0055936062708497,0,0,0,0,0,0,0.0,0.0,0.0,1,0,0,0,0,0,0.0868348943069576
159,0,115/1,115,1,4,4,1.3332,1.9999,4,round_start,0,0.0392543263733387,0.0027809864841401,0.0,-0.0,0.0,0.0,0.0373268873441294,0.0,0.0,0.0,0.0,0.0,0.0,0.4262625166362342,0,0,0,0,0,0,0,0,0,0,kept_final_floor,0.9579647779464722,0.0420353114604949,0.0027809864841401,0,0,0,0,0,0,0.0,0.0,0.0,1,0,0,0,0,0,0.0649996598251162
159,1,115/3,115,3,4,4,1.3332,1.9999,4,round_start,0,0.0392543263733387,0.0027809864841401,0.0,-0.0,0.0,0.0,0.0373268873441294,0.0,0.0,0.0,0.0,0.0,0.0,0.4262625166362342,0,0,0,0,0,0,0,0,0,0,kept_final_floor,0.9579647779464722,0.0420353114604949,0.0027809864841401,0,0,0,0,0,0,0.0,0.0,0.0,1,0,0,0,0,0,0.0649996598251162
159,2,115/2,115,2,4,4,1.3332,1.9999,4,round_start,0,0.038537573069334,0.002800578251481,0.0,-0.0,0.0,0.0,0.0373268873441294,0.0,0.0,0.0,0.0,0.0,0.0,0.4262625166362342,0,0,0,0,0,0,0,0,0,0,kept_final_floor,0.9586617946624756,0.0413381531834602,0.002800578251481,0,0,0,0,0,0,0.0,0.0,0.0,1,0,0,0,0,0,0.0639676317572592
160,0,115/1,115,1,5,5,1.6665,2.3332,5,round_start,0,0.0574333630502224,0.0024268627166748,0.0,-0.0,0.0,0.0,0.0373268873441294,0.0,0.0,0.0,0.0,1.0,0.0,0.4865999945861472,0,0,0,0,0,0,0,0,0,0,kept_final_floor,0.9401398301124572,0.0598602257668972,0.0024268627166748,0,0,0,0,0,0,0.0,0.0,0.0,1,0,0,0,0,0,0.5414891425520182
160,1,115/3,115,3,5,5,1.6665,2.3332,5,round_start,0,0.0317682176828384,0.0016563916578888,0.0,-0.0,0.0,0.0,0.0373268873441294,0.0,0.0,0.0,0.0,0.0,0.0,0.4865999945861472,0,0,0,0,0,0,0,0,0,0,kept_final_floor,0.9665753841400146,0.0334246084094047,0.0016563916578888,0,0,0,0,0,0,0.0,0.0,0.0,1,0,0,0,0,0,0.0512963881716129
160,2,115/2,115,2,5,5,1.6665,2.3332,5,round_start,0,0.0314657613635063,0.0016730629140511,0.0,-0.0,0.0,0.0,0.0373268873441294,0.0,0.0,0.0,0.0,0.0,0.0,0.4865999945861472,0,0,0,0,0,0,0,0,0,0,kept_final_floor,0.966861128807068,0.0331388227641582,0.0016730629140511,0,0,0,0,0,0,0.0,0.0,0.0,1,0,0,0,0,0,0.0508793804561718
161,0,115/1,115,1,6,6,1.9998,2.6665,6,round_start,0,0.0708526968955993,0.0022213340271264,0.0,-0.0,0.0,0.0,0.0373268873441294,0.0,0.0,0.0,0.0,1.0,0.0,0.5405920421764963,0,0,0,0,0,0,0,0,0,0,kept_final_floor,0.9269260168075562,0.0730740278959274,0.0022213340271264,0,0,0,0,0,0,0.0,0.0,0.0,1,0,0,0,0,0,0.5611659802030771
161,1,115/3,115,3,6,6,1.9998,2.6665,6,round_start,0,0.0272931680083274,0.0011588478228077,0.0,-0.0,0.0,0.0,0.0373268873441294,0.0,0.0,0.0,0.0,0.0,0.0,0.5405920421764963,0,0,0,0,0,0,0,0,0,0,kept_final_floor,0.9715479016304016,0.0284520164132118,0.0011588478228077,0,0,0,0,0,0,0.0,0.0,0.0,1,0,0,0,0,0,0.043489217222668
161,2,115/2,115,2,6,6,1.9998,2.6665,6,round_start,0,0.0271780751645565,0.0011712415143847,0.0,-0.0,0.0,0.0,0.0373268873441294,0.0,0.0,0.0,0.0,0.0,0.0,0.5405920421764963,0,0,0,0,0,0,0,0,0,0,kept_final_floor,0.9716506600379944,0.0283493176102638,0.0011712415143847,0,0,0,0,0,0,0.0,0.0,0.0,1,0,0,0,0,0,0.043343844078481
162,0,115/1,115,1,7,7,2.3331,2.9998,7,round_start,0,0.0452511049807071,0.0014699950115755,0.0,-0.0,0.0,0.0,0.0373268873441294,0.0,0.0,0.0,0.0,0.0,0.0,0.5889059807441377,0,0,0,0,0,0,0,0,0,0,kept_final_floor,0.9532788395881652,0.0467211008071899,0.0014699950115755,0,0,0,0,0,0,0.0,0.0,0.0,1,0,0,0,0,0,0.0711106464965267
162,1,115/3,115,3,7,7,2.3331,2.9998,7,round_start,0,0.0247164480388164,0.0009170970297418,0.0,-0.0,0.0,0.0,0.0373268873441294,0.0,0.0,0.0,0.0,0.0,0.0,0.5889059807441377,0,0,0,0,0,0,0,0,0,0,kept_final_floor,0.9743664264678956,0.0256335455924272,0.0009170970297418,0,0,0,0,0,0,0.0,0.0,0.0,1,0,0,0,0,0,0.0390922855236565
162,2,115/2,115,2,7,7,2.3331,2.9998,7,round_start,0,0.0229245945811271,0.0008516666712239,0.0,-0.0,0.0,0.0,0.0373268873441294,0.7376372116301682,0.0,0.0,0.0,0.0,0.0,0.5889059807441377,0,0,0,0,0,0,0,0,0,0,kept_final_floor,0.9762237668037416,0.0237762611359357,0.0008516666712239,0,0,0,0,0,0,0.0,0.0,0.0,1,0,0,0,0,0,0.0362605585483832
163,0,115/1,115,1,8,8,2.6664,3.3331,8,round_start,0,0.0335752703249454,0.0010798750445246,0.0,-0.0,0.0,0.0,0.0373268873441294,0.0,0.0,0.0,0.0,0.0,0.0,0.6321389523407747,0,0,0,0,0,0,0,0,0,0,kept_final_floor,0.965344786643982,0.0346551463007926,0.0010798750445246,0,0,0,0,0,0,0.0,0.0,0.0,1,0,0,0,0,0,0.0527386305853722
163,1,115/3,115,3,8,8,2.6664,3.3331,8,round_start,0,0.023300489410758,0.0007910156273283,0.0,-0.0,0.0,0.0,0.0373268873441294,0.0,0.0,0.0,0.0,0.0,0.0,0.6321389523407747,0,0,0,0,0,0,0,0,0,0,kept_final_floor,0.9759085178375244,0.0240915045142173,0.0007910156273283,0,0,0,0,0,0,0.0,0.0,0.0,1,0,0,0,0,0,0.0366909684962592
163,2,115/2,115,2,8,8,2.6664,3.3331,8,round_start,0,0.022135442122817,0.0007635370711795,0.0,-0.0,0.0,0.0,0.0373268873441294,0.0,0.0,0.0,0.0,0.0,0.0,0.6321389523407747,0,0,0,0,0,0,0,0,0,0,kept_final_floor,0.9771010279655457,0.0228989794850349,0.0007635370711795,0,0,0,0,0,0,0.0,0.0,0.0,1,0,0,0,0,0,0.0348829447408204
164,0,115/4,115,4,9,0,3.033333333,3.700033333,9,round_start,1,0.3693259358406067,0.2212389558553695,0.0,0.0,0.0,0.0,0.0373268873441294,0.0,0.0,0.0,0.0,1.0,0.0,0.1051656545013588,0,0,0,2,0,0,0,2,0,0,kept_final_floor,0.4094351530075073,0.5905649065971375,0.2212389558553695,0,0,0,0,0,0,0.0,0.0,0.0,1,1,0,1,0,1,1.490714606642723
164,1,115/1,115,1,9,9,2.9997,3.6664,9,round_start,0,0.0281322188675403,0.0008831337327137,0.0,-0.0,0.0,0.0,0.0373268873441294,0.0,0.0,0.0,0.0,0.0,0.0,0.6708253001834127,0,0,0,0,0,0,0,0,0,0,kept_final_floor,0.9709846377372742,0.0290153529495,0.0008831337327137,0,0,0,0,0,0,0.0,0.0,0.0,1,0,0,0,0,0,0.0441412225132805
164,2,115/3,115,3,9,9,2.9997,3.6664,9,round_start,0,0.0225850716233253,0.0007223287830129,0.0,-0.0,0.0,0.0,0.0373268873441294,0.0,0.0,0.0,0.0,0.0,0.0,0.6708253001834127,0,0,0,0,0,0,0,0,0,0,kept_final_floor,0.9766926169395448,0.0233073998242616,0.0007223287830129,0,0,0,0,0,0,0.0,0.0,0.0,1,0,0,0,0,0,0.0354667307576163
164,3,115/2,115,2,9,9,2.9997,3.6664,9,round_start,0,0.0220474451780319,0.0007160634268075,0.0,-0.0,0.0,0.0,0.0373268873441294,0.0,0.0,0.0,0.0,0.0,0.0,0.6708253001834127,0,0,0,0,0,0,0,0,0,0,kept_final_floor,0.97723650932312,0.0227635093033313,0.0007160634268075,0,0,0,0,0,0,0.0,0.0,0.0,1,0,0,0,0,0,0.0346465073060243
165,0,115/4,115,4,10,1,3.366633333,4.033333333,10,round_start,1,0.3936100602149963,0.1551535427570343,0.0,0.0,0.0,0.0,0.0373268873441294,0.0,0.0,0.0,0.0,1.0,0.0,0.1992714941160185,1,2,0,2,1,2,0,2,1,2,kept_final_floor,0.4512363970279693,0.548763632774353,0.1551535427570343,1,1,1,1,1,0,0.0,0.0,0.0,1,1,0,1,0,1,1.6150862177213032
165,1,115/1,115,1,10,10,3.333,3.9997,10,round_start,0,0.0254640318453311,0.0007793246768414,0.0,-0.0,0.0,0.0,0.0373268873441294,0.0,0.0,0.0,0.0,0.0,0.0,0.7054431729349124,0,0,0,0,0,0,0,0,0,0,kept_final_floor,0.9737565517425536,0.0262433569878339,0.0007793246768414,0,0,0,0,0,0,0.0,0.0,0.0,1,0,0,0,0,0,0.0399105620570477
165,2,115/3,115,3,10,10,3.333,3.9997,10,round_start,0,0.0222887098789215,0.0006843270384706,0.0,-0.0,0.0,0.0,0.0373268873441294,0.0,0.0,0.0,0.0,0.0,0.0,0.7054431729349124,0,0,0,0,0,0,0,0,0,0,kept_final_floor,0.9770268797874452,0.0229730363935232,0.0006843270384706,0,0,0,0,0,0,0.0,0.0,0.0,1,0,0,0,0,0,0.0349385843030175
165,3,115/2,115,2,10,10,3.333,3.9997,10,round_start,0,0.0220494661480188,0.0006860204739496,0.0,-0.0,0.0,0.0,0.0373268873441294,0.0,0.0,0.0,0.0,0.0,0.0,0.7054431729349124,0,0,0,0,0,0,0,0,0,0,kept_final_floor,0.9772645235061646,0.0227354858070611,0.0006860204739496,0,0,0,0,0,0,0.0,0.0,0.0,1,0,0,0,0,0,0.0345834442647173
166,0,115/4,115,4,11,2,3.699933333,4.366633333,11,round_start,1,0.3916132152080536,0.1046344861388206,0.0,0.0,0.0,0.0,0.0373268873441294,0.8892813050455143,0.0,0.0,0.0,1.0,0.0,0.2834806315152026,1,2,0,2,1,2,0,2,1,2,kept_final_floor,0.5037522315979004,0.4962477087974548,0.1046344861388206,1,1,1,1,1,0,0.0,0.0,0.0,1,1,0,1,0,1,1.5009490256508191
166,1,115/1,115,1,11,11,3.6663,4.333,11,round_start,0,0.0241385735571384,0.0007226357702165,0.0,-0.0,0.0,0.0,0.0373268873441294,0.0,0.0,0.0,0.0,0.0,0.0,0.7364204344410559,0,0,0,0,0,0,0,0,0,0,kept_final_floor,0.9751389026641846,0.0248612090945243,0.0007226357702165,0,0,0,0,0,0,0.0,0.0,0.0,1,0,0,0,0,0,0.0377976590301839
166,2,115/3,115,3,11,11,3.6663,4.333,11,round_start,0,0.0222408007830381,0.0006637132610194,0.0,-0.0,0.0,0.0,0.0373268873441294,0.0,0.0,0.0,0.0,0.0,0.0,0.7364204344410559,0,0,0,0,0,0,0,0,0,0,kept_final_floor,0.9770954847335817,0.0229045134037733,0.0006637132610194,0,0,0,0,0,0,0.0,0.0,0.0,1,0,0,0,0,0,0.0348213703487998
166,3,115/2,115,2,11,11,3.6663,4.333,11,round_start,0,0.0221435148268938,0.0006682137027382,0.0,-0.0,0.0,0.0,0.0373268873441294,0.0,0.0,0.0,0.0,0.0,0.0,0.7364204344410559,0,0,0,0,0,0,0,0,0,0,kept_final_floor,0.977188229560852,0.0228117294609546,0.0006682137027382,0,0,0,0,0,0,0.0,0.0,0.0,1,0,0,0,0,0,0.0346853423863647
167,0,115/4,115,4,12,3,4.033233333,4.699933333,12,round_start,1,0.7037841081619263,0.1098390817642211,0.0,0.0,0.0,0.0,0.0373268873441294,0.0,0.0,0.0,0.5952816454926392,2.0,0.3696888581985613,0.3588338598648066,1,2,2,2,1,2,2,2,1,2,kept_final_floor,0.1863768398761749,0.8136231899261475,0.1098390817642211,1,1,1,1,1,0,1.0,0.0,0.5,1,1,1,1,0,1,3.358963773806168
167,1,115/1,115,1,12,12,3.9996,4.6663,12,round_start,0,0.0235105529427528,0.0006914644618518,0.0,-0.0,0.0,0.0,0.0373268873441294,0.0,0.0,0.0,0.0,0.0,0.0,0.7641399519662462,0,0,0,0,0,0,0,0,0,0,kept_final_floor,0.9757980704307556,0.0242020171135664,0.0006914644618518,0,0,0,0,0,0,0.0,0.0,0.0,1,0,0,0,0,0,0.0367870512302031
167,2,115/3,115,3,12,12,3.9996,4.6663,12,round_start,0,0.0223375651985406,0.0006533839623443,0.0,-0.0,0.0,0.0,0.0373268873441294,0.0,0.0,0.0,0.0,0.0,0.0,0.7641399519662462,0,0,0,0,0,0,0,0,0,0,kept_final_floor,0.9770089983940125,0.0229909494519233,0.0006533839623443,0,0,0,0,0,0,0.0,0.0,0.0,1,0,0,0,0,0,0.0349437925149683
167,3,115/2,115,2,12,12,3.9996,4.6663,12,round_start,0,0.0223121028393507,0.0006587535026483,0.0,-0.0,0.0,0.0,0.0373268873441294,0.0,0.0,0.0,0.0,0.0,0.0,0.7641399519662462,0,0,0,0,0,0,0,0,0,0,kept_final_floor,0.9770291447639464,0.0229708570986986,0.0006587535026483,0,0,0,0,0,0,0.0,0.0,0.0,1,0,0,0,0,0,0.0349174119648523
168,0,115/4,115,4,13,4,4.366533333,5.033233333,13,round_start,1,0.7867441773414612,0.1455481350421905,0.0,0.0,0.0,0.0,0.0373268873441294,0.0,0.0,0.0,0.8658606754266216,2.0,0.6607862557771561,0.4262625166362342,1,2,2,2,1,2,2,2,1,2,kept_final_floor,0.0677077025175094,0.932292342185974,0.1455481350421905,1,1,1,1,1,0,1.0,0.0,0.5,1,1,1,1,0,1,3.963536653631353
168,1,115/1,115,1,13,13,4.3329,4.9996,13,round_start,0,0.0397864691913127,0.0009125632932409,0.0,-0.0,0.0,0.0,0.0373268873441294,0.0,0.0,0.0,0.0,1.0,0.0,0.7889443282884377,0,0,0,0,0,0,0,0,0,0,kept_final_floor,0.959300935268402,0.0406990312039852,0.0009125632932409,0,0,0,0,0,0,0.0,0.0,0.0,1,0,0,0,0,0,0.5116873430320991
168,2,115/2,115,2,13,13,4.3329,4.9996,13,round_start,0,0.0225276593118906,0.0006547846132889,0.0,-0.0,0.0,0.0,0.0373268873441294,0.0,0.0,0.0,0.0,0.0,0.0,0.7889443282884377,0,0,0,0,0,0,0,0,0,0,kept_final_floor,0.976817548274994,0.0231824442744255,0.0006547846132889,0,0,0,0,0,0,0.0,0.0,0.0,1,0,0,0,0,0,0.0352320151170714
168,3,115/3,115,3,13,13,4.3329,4.9996,13,round_start,0,0.022515719756484,0.000649333873298,0.0,-0.0,0.0,0.0,0.0373268873441294,0.0,0.0,0.0,0.0,0.0,0.0,0.7889443282884377,0,0,0,0,0,0,0,0,0,0,kept_final_floor,0.9768349528312684,0.0231650527566671,0.000649333873298,0,0,0,0,0,0,0.0,0.0,0.0,1,0,0,0,0,0,0.0352021141559816
169,0,115/4,115,4,14,5,4.699833333,5.366533333,14,round_start,1,0.7330325841903687,0.2322370707988739,0.0,0.0,0.0,0.0,0.0373268873441294,0.0,0.0,0.0,0.8919927690289872,2.0,0.880818075095765,0.4865999945861471,1,2,2,2,1,2,2,2,1,2,kept_final_floor,0.0347303301095962,0.9652696847915648,0.2322370707988739,1,1,1,1,1,0,1.0,0.0,0.5,1,1,1,1,0,1,4.198831334865157
169,1,115/1,115,1,14,14,4.6662,5.3329,14,round_start,0,0.0530541613698005,0.0010958331404253,0.0,-0.0,0.0,0.0,0.0373268873441294,0.0,0.0,0.0,0.0,1.0,0.0,0.8111401361402082,0,0,0,0,0,0,0,0,0,0,kept_final_floor,0.9458499550819396,0.0541499927639961,0.0010958331404253,0,0,0,0,0,0,0.0,0.0,0.0,1,0,0,0,0,0,0.5319920749636364
169,2,115/2,115,2,14,14,4.6662,5.3329,14,round_start,0,0.0227676331996917,0.0006543884519487,0.0,-0.0,0.0,0.0,0.0373268873441294,0.0,0.0,0.0,0.0,0.0,0.0,0.8111401361402082,0,0,0,0,0,0,0,0,0,0,kept_final_floor,0.9765780568122864,0.0234220214188098,0.0006543884519487,0,0,0,0,0,0,0.0,0.0,0.0,1,0,0,0,0,0,0.0355911043938246
169,3,115/3,115,3,14,14,4.6662,5.3329,14,round_start,0,0.0227367505431175,0.000649198249448,0.0,-0.0,0.0,0.0,0.0373268873441294,0.0,0.0,0.0,0.0,0.0,0.0,0.8111401361402082,0,0,0,0,0,0,0,0,0,0,kept_final_floor,0.9766140580177308,0.0233859494328498,0.000649198249448,0,0,0,0,0,0,0.0,0.0,0.0,1,0,0,0,0,0,0.0355333619634618
170,0,115/4,115,4,15,6,5.033133333,5.699833333,15,round_start,1,0.6822701096534729,0.2952050566673279,0.0,0.0,0.0,0.0,0.0373268873441294,0.6675604384816979,0.0,0.0,0.9934570378770148,2.0,0.880818075095765,0.540592042176496,1,2,2,2,1,2,2,2,1,2,kept_final_floor,0.0225248131901025,0.9774751663208008,0.2952050566673279,1,1,1,1,1,0,1.0,0.0,0.5,1,1,1,1,0,1,4.36268146081844
170,1,115/1,115,1,15,15,4.9995,5.6662,15,round_start,0,0.0631473511457443,0.0012482530437409,0.0,-0.0,0.0,0.0,0.0373268873441294,0.0,0.0,0.0,0.0,1.0,0.0,0.8310017073320607,0,0,0,0,0,0,0,0,0,0,kept_final_floor,0.9356043338775636,0.0643956065177917,0.0012482530437409,0,0,0,0,0,0,0.0,0.0,0.0,1,0,0,0,0,0,0.5474671834148465
170,2,115/2,115,2,15,15,4.9995,5.6662,15,round_start,0,0.0230164937674999,0.0006563047645613,0.0,-0.0,0.0,0.0,0.0373268873441294,0.0,0.0,0.0,0.0,0.0,0.0,0.8310017073320607,0,0,0,0,0,0,0,0,0,0,kept_final_floor,0.9763271808624268,0.0236727986484766,0.0006563047645613,0,0,0,0,0,0,0.0,0.0,0.0,1,0,0,0,0,0,0.0359686111332847
170,3,115/3,115,3,15,15,4.9995,5.6662,15,round_start,0,0.0229768119752407,0.0006515139830298,0.0,-0.0,0.0,0.0,0.0373268873441294,0.0,0.0,0.0,0.0,0.0,0.0,0.8310017073320607,0,0,0,0,0,0,0,0,0,0,kept_final_floor,0.9763715863227844,0.0236283261328935,0.0006515139830298,0,0,0,0,0,0,0.0,0.0,0.0,1,0,0,0,0,0,0.0358985487255266
171,0,115/4,115,4,16,7,5.366433333,6.033133333,16,round_start,1,0.5714322924613953,0.4156133830547333,0.0,0.0,0.0,0.0,0.0373268873441294,0.6753637014354001,0.0,0.0,0.996329342612936,2.0,0.880818075095765,0.5889059807441376,1,2,2,2,1,2,2,2,1,2,kept_final_floor,0.0129542825743556,0.9870456457138062,0.4156133830547333,1,1,1,1,1,0,1.0,0.0,0.5,1,1,1,1,0,1,4.464195357818537
171,1,115/1,115,1,16,16,5.3328,5.9995,16,round_start,0,0.070844866335392,0.0013770620571449,0.0,-0.0,0.0,0.0,0.0373268873441294,0.0,0.0,0.0,0.0,1.0,0.0,0.8487745233900967,0,0,0,0,0,0,0,0,0,0,kept_final_floor,0.9277780055999756,0.072221927344799,0.0013770620571449,0,0,0,0,0,0,0.0,0.0,0.0,1,0,0,0,0,0,0.5592968360288068
171,2,115/2,115,2,16,16,5.3328,5.9995,16,round_start,0,0.0232643000781536,0.0006597060128115,0.0,-0.0,0.0,0.0,0.0373268873441294,0.0,0.0,0.0,0.0,0.0,0.0,0.8487745233900967,0,0,0,0,0,0,0,0,0,0,kept_final_floor,0.9760760068893432,0.0239240061491727,0.0006597060128115,0,0,0,0,0,0,0.0,0.0,0.0,1,0,0,0,0,0,0.0363478033454157
171,3,115/3,115,3,16,16,5.3328,5.9995,16,round_start,0,0.0232216082513332,0.0006553631974384,0.0,-0.0,0.0,0.0,0.0373268873441294,0.0,0.0,0.0,0.0,0.0,0.0,0.8487745233900967,0,0,0,0,0,0,0,0,0,0,kept_final_floor,0.976123034954071,0.0238769706338644,0.0006553631974384,0,0,0,0,0,0,0.0,0.0,0.0,1,0,0,0,0,0,0.0362742114113642
172,0,115/4,115,4,17,8,5.699733333,6.366433333,17,round_start,1,0.4367191791534424,0.5539048314094543,0.0,0.0,0.0,0.0,0.0373268873441294,0.6479172882626038,0.0,0.0,0.6318058387085616,2.0,0.880818075095765,0.6321389523407746,2,3,2,3,2,3,2,3,2,3,kept_final_floor,0.0093760341405868,0.9906240105628968,0.5539048314094543,2,2,2,2,0,1,1.0,0.0,0.5,1,1,1,1,1,1,4.318510036999286
172,1,115/1,115,1,17,17,5.6661,6.3328,17,round_start,0,0.0767965167760849,0.001487105153501,0.0,-0.0,0.0,0.0,0.0373268873441294,0.0,0.0,0.0,0.0,1.0,0.0,0.8646782496150571,0,0,0,0,0,0,0,0,0,0,kept_final_floor,0.9217163920402528,0.0782836228609085,0.001487105153501,0,0,0,0,0,0,0.0,0.0,0.0,1,0,0,0,0,0,0.5684664065018296
172,2,115/2,115,2,17,17,5.6661,6.3328,17,round_start,0,0.0235049743205308,0.000664040679112,0.0,-0.0,0.0,0.0,0.0373268873441294,0.0,0.0,0.0,0.0,0.0,0.0,0.8646782496150571,0,0,0,0,0,0,0,0,0,0,kept_final_floor,0.9758309721946716,0.0241690147668123,0.000664040679112,0,0,0,0,0,0,0.0,0.0,0.0,1,0,0,0,0,0,0.0367183509748426
172,3,115/3,115,3,17,17,5.6661,6.3328,17,round_start,0,0.0234624147415161,0.0006601438508369,0.0,-0.0,0.0,0.0,0.0373268873441294,0.0,0.0,0.0,0.0,0.0,0.0,0.8646782496150571,0,0,0,0,0,0,0,0,0,0,kept_final_floor,0.9758774042129515,0.0241225585341453,0.0006601438508369,0,0,0,0,0,0,0.0,0.0,0.0,1,0,0,0,0,0,0.0366459385841153
173,0,115/4,115,4,18,9,6.033033333,6.699733333,18,round_start,1,0.3484216928482055,0.6445617079734802,0.0,0.0,0.0,0.0,0.0373268873441294,0.6637777062752247,0.0,0.0,0.6318059248455763,2.0,0.880818075095765,0.6708253001834126,2,3,2,3,2,3,2,3,2,3,kept_final_floor,0.0070165623910725,0.9929834008216858,0.6445617079734802,2,2,2,2,0,1,1.0,0.0,0.5,1,1,1,1,1,1,4.385509022119302
173,1,115/1,115,1,18,18,5.9994,6.6661,18,round_start,0,0.081466220319271,0.0015818136744201,0.0,-0.0,0.0,0.0,0.0373268873441294,0.0,0.0,0.0,0.0,1.0,0.0,0.8789094500625592,0,0,0,0,0,0,0,0,0,0,kept_final_floor,0.9169520139694214,0.0830480307340622,0.0015818136744201,0,0,0,0,0,0,0.0,0.0,0.0,1,0,0,0,0,0,0.5756793205626307
173,2,115/2,115,2,18,18,5.9994,6.6661,18,round_start,0,0.0237347763031721,0.0006689283763989,0.0,-0.0,0.0,0.0,0.0373268873441294,0.0,0.0,0.0,0.0,0.0,0.0,0.8789094500625592,0,0,0,0,0,0,0,0,0,0,kept_final_floor,0.975596249103546,0.0244037043303251,0.0006689283763989,0,0,0,0,0,0,0.0,0.0,0.0,1,0,0,0,0,0,0.0370738068828357
173,3,115/3,115,3,18,18,5.9994,6.6661,18,round_start,0,0.023694148287177,0.0006654531462118,0.0,-0.0,0.0,0.0,0.0373268873441294,0.0,0.0,0.0,0.0,0.0,0.0,0.8789094500625592,0,0,0,0,0,0,0,0,0,0,kept_final_floor,0.9756402969360352,0.0243596006184816,0.0006654531462118,0,0,0,0,0,0,0.0,0.0,0.0,1,0,0,0,0,0,0.0370052193524314
174,0,115/4,115,4,19,10,6.366333333,7.033033333,19,round_start,1,0.2046000361442566,0.7935183048248291,0.0,0.0,0.0,0.6603306457792797,0.1703356951074889,0.942288052566019,0.105986562077539,0.5119986904686773,0.6318059248455763,3.0,0.8856638686494042,0.7054431729349123,2,3,2,3,2,3,2,3,2,3,kept_final_floor,0.0018816803349182,0.9981183409690856,0.7935183048248291,2,2,2,2,0,1,1.0,0.0,0.5,1,1,1,1,1,1,5.461660347704161
174,1,115/1,115,1,19,19,6.3327,6.9994,19,round_start,0,0.0851813107728958,0.0016637375811114,0.0,-0.0,0.0,0.0,0.0373268873441294,0.0,0.0,0.0,0.0,1.0,0.0,0.8916440170006596,0,0,0,0,0,0,0,0,0,0,kept_final_floor,0.9131549000740052,0.0868450477719307,0.0016637375811114,0,0,0,0,0,0,0.0,0.0,0.0,1,0,0,0,0,0,0.5814321888377888
174,2,115/2,115,2,19,19,6.3327,6.9994,19,round_start,0,0.0239516366273164,0.0006741052493453,0.0,-0.0,0.0,0.0,0.0373268873441294,0.0,0.0,0.0,0.0,0.0,0.0,0.8916440170006596,0,0,0,0,0,0,0,0,0,0,kept_final_floor,0.975374162197113,0.0246257409453392,0.0006741052493453,0,0,0,0,0,0,0.0,0.0,0.0,1,0,0,0,0,0,0.0374104864895342
174,3,115/3,115,3,19,19,6.3327,6.9994,19,round_start,0,0.0239137858152389,0.0006710195448249,0.0,-0.0,0.0,0.0,0.0373268873441294,0.0,0.0,0.0,0.0,0.0,0.0,0.8916440170006596,0,0,0,0,0,0,0,0,0,0,kept_final_floor,0.9754152297973632,0.0245848055928945,0.0006710195448249,0,0,0,0,0,0,0.0,0.0,0.0,1,0,0,0,0,0,0.0373469217214731
175,0,115/4,115,4,20,11,6.699633333,7.366333333,20,round_start,1,0.1949747800827026,0.8039952516555786,1.0,0.2729192203360212,0.2438457038962962,0.3106748600599921,0.520862879640651,0.9685802476931388,0.1567346892737914,0.4282670461716137,0.6318059248455763,3.0,0.9381064955467824,0.7364204344410559,2,3,3,3,2,3,3,3,2,3,kept_final_floor,0.0010300199501216,0.9989700317382812,0.8039952516555786,2,2,2,2,0,1,0.0,1.0,1.0,1,1,1,1,1,1,5.4934726177795685
175,1,115/1,115,1,20,20,6.666,7.3327,20,round_start,0,0.0881756693124771,0.001734901452437,0.0,-0.0,0.0,0.0,0.0373268873441294,0.0,0.0,0.0,0.0,1.0,0.0,0.9030393448719234,0,0,0,0,0,0,0,0,0,0,kept_final_floor,0.9100894927978516,0.0899105742573738,0.001734901452437,0,0,0,0,0,0,0.0,0.0,0.0,1,0,0,0,0,0,0.5860802871640771
175,2,115/2,115,2,20,20,6.666,7.3327,20,round_start,0,0.0241546109318733,0.0006793917855247,0.0,-0.0,0.0,0.0,0.0373268873441294,0.0,0.0,0.0,0.0,0.0,0.0,0.9030393448719234,0,0,0,0,0,0,0,0,0,0,kept_final_floor,0.9751659631729126,0.0248340032994747,0.0006793917855247,0,0,0,0,0,0,0.0,0.0,0.0,1,0,0,0,0,0,0.0377265783259642
175,3,115/3,115,3,20,20,6.666,7.3327,20,round_start,0,0.0241198912262916,0.0006766564329154,0.0,-0.0,0.0,0.0,0.0373268873441294,0.0,0.0,0.0,0.0,0.0,0.0,0.9030393448719234,0,0,0,0,0,0,0,0,0,0,kept_final_floor,0.9752033948898317,0.0247965473681688,0.0006766564329154,0,0,0,0,0,0,0.0,0.0,0.0,1,0,0,0,0,0,0.0376684809918512
176,0,115/4,115,4,21,12,7.032933333,7.699633333,21,round_start,1,0.0719299688935279,0.9275055527687072,1.0,0.3564551953206525,0.5852359983703703,0.2536578868219529,0.8519843315002162,0.9781176001087308,0.2113834839996221,0.4156872077212212,0.6318059248455763,3.0,0.880818075095765,0.7641399519662461,2,3,3,3,2,3,3,3,2,3,kept_final_floor,0.0005644733901135,0.999435544013977,0.9275055527687072,2,2,2,2,0,1,0.0,1.0,1.0,1,1,1,1,1,1,5.542268435791339
176,1,115/1,115,1,21,21,6.9993,7.666,21,round_start,0,0.090619146823883,0.0017969455802813,0.0,-0.0,0.0,0.0,0.0373268873441294,0.0,0.0,0.0,0.0,1.0,0.0,0.913236275629348,0,0,0,0,0,0,0,0,0,0,kept_final_floor,0.9075838923454284,0.0924160927534103,0.0017969455802813,0,0,0,0,0,0,0.0,0.0,0.0,1,0,0,0,0,0,0.5898820005124434
176,2,115/2,115,2,21,21,6.9993,7.666,21,round_start,0,0.0243433620780706,0.0006846578908152,0.0,-0.0,0.0,0.0,0.0373268873441294,0.0,0.0,0.0,0.0,0.0,0.0,0.913236275629348,0,0,0,0,0,0,0,0,0,0,kept_final_floor,0.9749719500541688,0.0250280201435089,0.0006846578908152,0,0,0,0,0,0,0.0,0.0,0.0,1,0,0,0,0,0,0.0380212904768993
176,3,115/3,115,3,21,21,6.9993,7.666,21,round_start,0,0.0243118144571781,0.0006822355207987,0.0,-0.0,0.0,0.0,0.0373268873441294,0.0,0.0,0.0,0.0,0.0,0.0,0.913236275629348,0,0,0,0,0,0,0,0,0,0,kept_final_floor,0.9750059247016908,0.0249940492212772,0.0006822355207987,0,0,0,0,0,0,0.0,0.0,0.0,1,0,0,0,0,0,0.0379686398315242
177,0,115/4,115,4,22,13,7.366233333,8.032933333,22,round_start,1,0.0532961562275886,0.9462972283363342,1.0,0.3840840052001957,0.8506723203703704,0.490324692377488,0.9682316236900508,0.9817555039233764,0.4660863373289894,0.4953976586711411,0.6318058387085616,3.0,0.880818075095765,0.7889443282884377,2,3,3,3,2,3,3,3,2,3,kept_final_floor,0.000406551582273,0.9995933771133424,0.9462972283363342,2,2,2,2,0,1,0.0,1.0,1.0,1,1,1,1,1,1,5.635369767854115
177,1,115/1,115,1,22,22,7.3326,7.9993,22,round_start,0,0.0926362201571464,0.0018512351671233,0.0,-0.0,0.0,0.0,0.0373268873441294,0.0,0.0,0.0,0.0,1.0,0.0,0.9223608394897632,0,0,0,0,0,0,0,0,0,0,kept_final_floor,0.905512511730194,0.0944874584674835,0.0018512351671233,0,0,0,0,0,0,0.0,0.0,0.0,1,0,0,0,0,0,0.5930270476033909
177,2,115/2,115,2,22,22,7.3326,7.9993,22,round_start,0,0.0245180819183588,0.0006898142746649,0.0,-0.0,0.0,0.0,0.0373268873441294,0.0,0.0,0.0,0.0,0.0,0.0,0.9223608394897632,0,0,0,0,0,0,0,0,0,0,kept_final_floor,0.974792182445526,0.0252078957855701,0.0006898142746649,0,0,0,0,0,0,0.0,0.0,0.0,1,0,0,0,0,0,0.0382947142818009
177,3,115/3,115,3,22,22,7.3326,7.9993,22,round_start,0,0.0244895815849304,0.0006876682746224,0.0,-0.0,0.0,0.0,0.0373268873441294,0.0,0.0,0.0,0.0,0.0,0.0,0.9223608394897632,0,0,0,0,0,0,0,0,0,0,kept_final_floor,0.974822759628296,0.0251772496849298,0.0006876682746224,0,0,0,0,0,0,0.0,0.0,0.0,1,0,0,0,0,0,0.0382472425815648
178,0,115/4,115,4,23,14,7.699533333,8.366233333,23,round_start,1,0.0497861020267009,0.9498691558837892,1.0,0.4141350390275586,0.962035333259259,0.5249123553618589,0.9938415336887524,0.9807226555235676,0.5116231010158637,0.5069653283102991,0.6318058099962208,3.0,0.8808180750957652,0.8111401361402082,2,3,3,3,2,3,3,3,2,3,kept_final_floor,0.0003446495975367,0.9996552467346193,0.9498691558837892,2,2,2,2,0,1,0.0,1.0,1.0,1,1,1,1,1,1,5.649530568084002
178,1,115/1,115,1,23,23,7.6659,8.3326,23,round_start,0,0.0943193286657333,0.0018989060772582,0.0,-0.0,0.0,0.0,0.0373268873441294,0.0,0.0,0.0,0.0,1.0,0.0,0.9305258126197584,0,0,0,0,0,0,0,0,0,0,kept_final_floor,0.9037817716598512,0.0962182357907295,0.0018989060772582,0,0,0,0,0,0,0.0,0.0,0.0,1,0,0,0,0,0,0.595656586368568
178,2,115/2,115,2,23,23,7.6659,8.3326,23,round_start,0,0.0246791634708642,0.0006947985384613,0.0,-0.0,0.0,0.0,0.0373268873441294,0.0,0.0,0.0,0.0,0.0,0.0,0.9305258126197584,0,0,0,0,0,0,0,0,0,0,kept_final_floor,0.9746260046958924,0.0253739617764949,0.0006947985384613,0,0,0,0,0,0,0.0,0.0,0.0,1,0,0,0,0,0,0.0385473019909111
178,3,115/3,115,3,23,23,7.6659,8.3326,23,round_start,0,0.0246535018086433,0.0006928971852175,0.0,-0.0,0.0,0.0,0.0373268873441294,0.0,0.0,0.0,0.0,0.0,0.0,0.9305258126197584,0,0,0,0,0,0,0,0,0,0,kept_final_floor,0.9746535420417786,0.0253463983535766,0.0006928971852175,0,0,0,0,0,0,0.0,0.0,0.0,1,0,0,0,0,0,0.0385046265204434
179,0,115/4,115,4,24,15,8.032833333,8.699533333,24,round_start,1,0.0445892661809921,0.9550625085830688,1.0,0.4481535555367675,0.9703312735555556,0.0,0.9938415336887524,0.6483468518078677,0.0,0.2232003706857373,0.6318059248455763,2.0,0.8808180750957652,0.8310017073320607,2,3,3,3,2,3,3,3,2,3,kept_final_floor,0.0003482661850284,0.9996517896652222,0.9550625085830688,2,2,2,2,0,1,0.0,1.0,1.0,1,1,1,1,1,1,4.919395847478647
179,1,115/1,115,1,24,24,7.9992,8.6659,24,round_start,0,0.0957381576299667,0.0019409138476476,0.0,-0.0,0.0,0.0,0.0373268873441294,0.0,0.0,0.0,0.0,1.0,0.0,0.9378321110065516,0,0,0,0,0,0,0,0,0,0,kept_final_floor,0.902320921421051,0.0976790711283683,0.0019409138476476,0,0,0,0,0,0,0.0,0.0,0.0,1,0,0,0,0,0,0.5978772469097748
179,2,115/3,115,3,24,24,7.9992,8.6659,24,round_start,0,0.0248041450977325,0.0006978814490139,0.0,-0.0,0.0,0.0,0.0373268873441294,0.0,0.0,0.0,0.0,0.0,0.0,0.9378321110065516,0,0,0,0,0,0,0,0,0,0,kept_final_floor,0.9744980931282043,0.0255020260810852,0.0006978814490139,0,0,0,0,0,0,0.0,0.0,0.0,1,0,0,0,0,0,0.0387415568344293
179,3,115/2,115,2,24,24,7.9992,8.6659,24,round_start,0,0.023370511829853,0.0006495616980828,0.0,-0.0,0.0,0.0,0.0373268873441294,0.7425746699101891,0.0,0.0,0.0,0.0,0.0,0.9378321110065516,0,0,0,0,0,0,0,0,0,0,kept_final_floor,0.9759799242019652,0.0240200739353895,0.0006495616980828,0,0,0,0,0,0,0.0,0.0,0.0,1,0,0,0,0,0,0.0364848034805616
180,0,115/1,115,1,25,25,8.3325,8.9992,25,round_start,0,0.0969450995326042,0.0019780555739998,0.0,-0.0,0.0,0.0,0.0373268873441294,0.0,0.0,0.0,0.0,1.0,0.0,0.9443700377415152,0,0,0,0,0,0,0,0,0,0,kept_final_floor,0.9010767936706544,0.0989231541752815,0.0019780555739998,0,0,0,0,0,0,0.0,0.0,0.0,1,0,0,0,0,0,0.5997693715617058
180,1,115/3,115,3,25,25,8.3325,8.9992,25,round_start,0,0.0249421596527099,0.0007026009261608,0.0,-0.0,0.0,0.0,0.0373268873441294,0.0,0.0,0.0,0.0,0.0,0.0,0.9443700377415152,0,0,0,0,0,0,0,0,0,0,kept_final_floor,0.9743552207946776,0.0256447605788707,0.0007026009261608,0,0,0,0,0,0,0.0,0.0,0.0,1,0,0,0,0,0,0.0389589615166186
180,2,115/2,115,2,25,25,8.3325,8.9992,25,round_start,0,0.0225898157805204,0.0006311195320449,0.0,-0.0,0.0,0.0,0.0373268873441294,0.740561035934737,0.0,0.0,0.0,0.0,0.0,0.9443700377415152,0,0,0,0,0,0,0,0,0,0,kept_final_floor,0.9767791032791138,0.0232209358364343,0.0006311195320449,0,0,0,0,0,0,0.0,0.0,0.0,1,0,0,0,0,0,0.0352731866412793
181,0,115/1,115,1,26,26,8.6658,9.3325,26,round_start,0,0.0979803949594497,0.0020110027398914,0.0,-0.0,0.0,0.0,0.0373268873441294,0.0,0.0,0.0,0.0,1.0,0.0,0.9502203991323148,0,0,0,0,0,0,0,0,0,0,kept_final_floor,0.9000085592269897,0.0999913960695266,0.0020110027398914,0,0,0,0,0,0,0.0,0.0,0.0,1,0,0,0,0,0,0.6013947984669357
181,1,115/3,115,3,26,26,8.6658,9.3325,26,round_start,0,0.025068337097764,0.0007070395513437,0.0,-0.0,0.0,0.0,0.0373268873441294,0.0,0.0,0.0,0.0,0.0,0.0,0.9502203991323148,0,0,0,0,0,0,0,0,0,0,kept_final_floor,0.9742246270179749,0.0257753767073154,0.0007070395513437,0,0,0,0,0,0,0.0,0.0,0.0,1,0,0,0,0,0,0.0391579926596021
181,2,115/2,115,2,26,26,8.6658,9.3325,26,round_start,0,0.0222796872258186,0.0006268802098929,0.0,-0.0,0.0,0.0,0.0373268873441294,0.7409331081996907,0.0,0.0,0.0,0.0,0.0,0.9502203991323148,0,0,0,0,0,0,0,0,0,0,kept_final_floor,0.9770934581756592,0.0229065679013729,0.0006268802098929,0,0,0,0,0,0,0.0,0.0,0.0,1,0,0,0,0,0,0.0347986673004922
182,0,115/1,115,1,27,27,8.9991,9.6658,27,round_start,0,0.0988752096891403,0.0020403172820806,0.0,-0.0,0.0,0.0,0.0373268873441294,0.0,0.0,0.0,0.0,1.0,0.0,0.9554555034383811,0,0,0,0,0,0,0,0,0,0,kept_final_floor,0.8990844488143921,0.1009155288338661,0.0020403172820806,0,0,0,0,0,0,0.0,0.0,0.0,1,0,0,0,0,0,0.6028015125542878
182,1,115/3,115,3,27,27,8.9991,9.6658,27,round_start,0,0.0251834820955991,0.0007111952872946,0.0,-0.0,0.0,0.0,0.0373268873441294,0.0,0.0,0.0,0.0,0.0,0.0,0.9554555034383811,0,0,0,0,0,0,0,0,0,0,kept_final_floor,0.9741052985191344,0.0258946772664785,0.0007111952872946,0,0,0,0,0,0,0.0,0.0,0.0,1,0,0,0,0,0,0.0393398527754467
182,2,115/2,115,2,27,27,8.9991,9.6658,27,round_start,0,0.0234636273235082,0.0006730189197696,0.0,-0.0,0.0,0.0,0.0373268873441294,0.0,0.0,0.0,0.0,0.0,0.0,0.9554555034383811,0,0,0,0,0,0,0,0,0,0,kept_final_floor,0.9758634567260742,0.0241366457194089,0.0006730189197696,0,0,0,0,0,0,0.0,0.0,0.0,1,0,0,0,0,0,0.0366760826087554
183,0,115/1,115,1,28,28,9.3324,9.9991,28,round_start,1,0.0996536463499069,0.0020664730109274,0.0,-0.0,0.0,0.0,0.0373268873441294,0.0,0.0,0.0,0.0,1.0,0.0,0.9601400545737174,0,0,2,2,0,0,2,2,0,0,kept_final_floor,0.8982798457145691,0.1017201170325279,0.0020664730109274,0,0,0,0,0,0,1.0,0.0,0.5,1,1,1,0,0,1,0.7706933768155673
183,1,115/3,115,3,28,28,9.3324,9.9991,28,round_start,0,0.0252883099019527,0.0007150694145821,0.0,-0.0,0.0,0.0,0.0373268873441294,0.0,0.0,0.0,0.0,0.0,0.0,0.9601400545737174,0,0,0,0,0,0,0,0,0,0,kept_final_floor,0.9739965796470642,0.0260033793747425,0.0007150694145821,0,0,0,0,0,0,0.0,0.0,0.0,1,0,0,0,0,0,0.0395056175650096
183,2,115/2,115,2,28,28,9.3324,9.9991,28,round_start,0,0.0243962164968252,0.0007012218702584,0.0,-0.0,0.0,0.0,0.0373268873441294,0.0,0.0,0.0,0.0,0.0,0.0,0.9601400545737174,0,0,0,0,0,0,0,0,0,0,kept_final_floor,0.9749025106430054,0.0250974390655756,0.0007012218702584,0,0,0,0,0,0,0.0,0.0,0.0,1,0,0,0,0,0,0.0381370128598062
184,0,115/1,115,1,29,29,9.6657,10.3324,29,round_start,1,0.100334919989109,0.0020898631773889,0.0,-0.0,0.0,0.0,0.0373268873441294,0.0,0.0,0.0,0.0,1.0,0.0,0.9643319518228608,0,0,2,2,0,0,2,2,0,0,kept_final_floor,0.8975751399993896,0.1024247854948043,0.0020898631773889,0,0,0,0,0,0,1.0,0.0,0.5,1,1,1,0,0,1,0.7717667456405858
184,1,115/3,115,3,29,29,9.6657,10.3324,29,round_start,0,0.0253835786134004,0.0007186651346273,0.0,-0.0,0.0,0.0,0.0373268873441294,0.0,0.0,0.0,0.0,0.0,0.0,0.9643319518228608,0,0,0,0,0,0,0,0,0,0,kept_final_floor,0.9738977551460266,0.0261022429913282,0.0007186651346273,0,0,0,0,0,0,0.0,0.0,0.0,1,0,0,0,0,0,0.0396564312162806
184,2,115/2,115,2,29,29,9.6657,10.3324,29,round_start,0,0.0249186214059591,0.000715994334314,0.0,-0.0,0.0,0.0,0.0373268873441294,0.0,0.0,0.0,0.0,0.0,0.0,0.9643319518228608,0,0,0,0,0,0,0,0,0,0,kept_final_floor,0.9743654131889344,0.025634616613388,0.000715994334314,0,0,0,0,0,0,0.0,0.0,0.0,1,0,0,0,0,0,0.0389531196444294
185,0,115/1,115,1,30,30,9.999,10.6657,30,round_start,0,0.1009339988231659,0.0021108279470354,0.0,-0.0,0.0,0.0,0.0373268873441294,0.0,0.0,0.0,0.0,1.0,0.0,0.9680830054541956,0,0,0,0,0,0,0,0,0,0,kept_final_floor,0.896955132484436,0.1030448302626609,0.0021108279470354,0,0,0,0,0,0,0.0,0.0,0.0,1,0,0,0,0,0,0.6060448197182268
185,1,115/3,115,3,30,30,9.999,10.6657,30,round_start,0,0.0254701264202594,0.0007219963590614,0.0,-0.0,0.0,0.0,0.0373268873441294,0.0,0.0,0.0,0.0,0.0,0.0,0.9680830054541956,0,0,0,0,0,0,0,0,0,0,kept_final_floor,0.9738078713417052,0.0261921230703592,0.0007219963590614,0,0,0,0,0,0,0.0,0.0,0.0,1,0,0,0,0,0,0.0397935816203241
185,2,115/2,115,2,30,30,9.999,10.6657,30,round_start,0,0.0252338871359825,0.0007245586602948,0.0,-0.0,0.0,0.0,0.0373268873441294,0.0,0.0,0.0,0.0,0.0,0.0,0.9680830054541956,0,0,0,0,0,0,0,0,0,0,kept_final_floor,0.9740415811538696,0.0259584449231624,0.0007245586602948,0,0,0,0,0,0,0.0,0.0,0.0,1,0,0,0,0,0,0.0394448597566223
